Var1_Timestamp,X,Var2_Timestamp,Y,Var3_Timestamp,Z
15-Feb-2025 08:16:08.154,0.342174,15-Feb-2025 08:16:08.154,0.021535,15-Feb-2025 08:16:08.154,10.399805
15-Feb-2025 08:16:08.174,-0.064606,15-Feb-2025 08:16:08.174,0.160319,15-Feb-2025 08:16:08.174,9.241081
15-Feb-2025 08:16:08.194,0.12682,15-Feb-2025 08:16:08.194,0.098106,15-Feb-2025 08:16:08.194,9.796216
15-Feb-2025 08:16:08.214,0.284746,15-Feb-2025 08:16:08.214,0.031107,15-Feb-2025 08:16:08.214,10.237094
15-Feb-2025 08:16:08.234,0.098106,15-Feb-2025 08:16:08.234,0.098106,15-Feb-2025 08:16:08.234,9.710074
15-Feb-2025 08:16:08.253,0.088534,15-Feb-2025 08:16:08.253,0.102891,15-Feb-2025 08:16:08.253,9.71486
15-Feb-2025 08:16:08.274,0.189033,15-Feb-2025 08:16:08.274,0.069392,15-Feb-2025 08:16:08.274,10.002597
15-Feb-2025 08:16:08.293,0.136391,15-Feb-2025 08:16:08.293,0.078963,15-Feb-2025 08:16:08.293,9.858429
15-Feb-2025 08:16:08.314,0.131605,15-Feb-2025 08:16:08.314,0.09332,15-Feb-2025 08:16:08.314,9.767502
15-Feb-2025 08:16:08.333,0.165105,15-Feb-2025 08:16:08.333,0.069392,15-Feb-2025 08:16:08.333,9.87817
15-Feb-2025 08:16:08.353,0.131605,15-Feb-2025 08:16:08.353,0.078963,15-Feb-2025 08:16:08.353,9.863214
15-Feb-2025 08:16:08.373,0.112463,15-Feb-2025 08:16:08.373,0.088534,15-Feb-2025 08:16:08.373,9.82493
15-Feb-2025 08:16:08.393,0.150748,15-Feb-2025 08:16:08.393,0.078963,15-Feb-2025 08:16:08.393,9.873384
15-Feb-2025 08:16:08.413,0.141177,15-Feb-2025 08:16:08.413,0.098106,15-Feb-2025 08:16:08.413,9.863214
15-Feb-2025 08:16:08.433,0.131605,15-Feb-2025 08:16:08.433,0.09332,15-Feb-2025 08:16:08.433,9.834501
15-Feb-2025 08:16:08.453,0.155533,15-Feb-2025 08:16:08.453,0.078963,15-Feb-2025 08:16:08.453,9.858429
15-Feb-2025 08:16:08.473,0.145962,15-Feb-2025 08:16:08.473,0.078963,15-Feb-2025 08:16:08.473,9.858429
15-Feb-2025 08:16:08.493,0.145962,15-Feb-2025 08:16:08.493,0.09332,15-Feb-2025 08:16:08.493,9.848858
15-Feb-2025 08:16:08.513,0.150748,15-Feb-2025 08:16:08.513,0.078963,15-Feb-2025 08:16:08.513,9.858429
15-Feb-2025 08:16:08.533,0.136391,15-Feb-2025 08:16:08.533,0.083749,15-Feb-2025 08:16:08.533,9.863214
15-Feb-2025 08:16:08.553,0.12682,15-Feb-2025 08:16:08.553,0.078963,15-Feb-2025 08:16:08.553,9.839287
15-Feb-2025 08:16:08.573,0.136391,15-Feb-2025 08:16:08.573,0.078963,15-Feb-2025 08:16:08.573,9.848858
15-Feb-2025 08:16:08.593,0.155533,15-Feb-2025 08:16:08.593,0.088534,15-Feb-2025 08:16:08.593,9.858429
15-Feb-2025 08:16:08.613,0.145962,15-Feb-2025 08:16:08.613,0.078963,15-Feb-2025 08:16:08.613,9.853643
15-Feb-2025 08:16:08.633,0.136391,15-Feb-2025 08:16:08.633,0.088534,15-Feb-2025 08:16:08.633,9.848858
15-Feb-2025 08:16:08.653,0.145962,15-Feb-2025 08:16:08.653,0.083749,15-Feb-2025 08:16:08.653,9.853643
15-Feb-2025 08:16:08.673,0.141177,15-Feb-2025 08:16:08.673,0.074178,15-Feb-2025 08:16:08.673,9.848858
15-Feb-2025 08:16:08.693,0.136391,15-Feb-2025 08:16:08.693,0.083749,15-Feb-2025 08:16:08.693,9.858429
15-Feb-2025 08:16:08.713,0.131605,15-Feb-2025 08:16:08.713,0.083749,15-Feb-2025 08:16:08.713,9.853643
15-Feb-2025 08:16:08.733,0.145962,15-Feb-2025 08:16:08.733,0.088534,15-Feb-2025 08:16:08.733,9.853643
15-Feb-2025 08:16:08.753,0.145962,15-Feb-2025 08:16:08.753,0.09332,15-Feb-2025 08:16:08.753,9.844072
15-Feb-2025 08:16:08.773,0.136391,15-Feb-2025 08:16:08.773,0.088534,15-Feb-2025 08:16:08.773,9.848858
15-Feb-2025 08:16:08.793,0.141177,15-Feb-2025 08:16:08.793,0.088534,15-Feb-2025 08:16:08.793,9.848858
15-Feb-2025 08:16:08.814,0.12682,15-Feb-2025 08:16:08.814,0.09332,15-Feb-2025 08:16:08.814,9.848858
15-Feb-2025 08:16:08.833,0.150748,15-Feb-2025 08:16:08.833,0.088534,15-Feb-2025 08:16:08.833,9.848858
15-Feb-2025 08:16:08.853,0.150748,15-Feb-2025 08:16:08.853,0.098106,15-Feb-2025 08:16:08.853,9.853643
15-Feb-2025 08:16:08.873,0.160319,15-Feb-2025 08:16:08.873,0.09332,15-Feb-2025 08:16:08.873,9.844072
15-Feb-2025 08:16:08.893,0.141177,15-Feb-2025 08:16:08.893,0.09332,15-Feb-2025 08:16:08.893,9.853643
15-Feb-2025 08:16:08.913,0.145962,15-Feb-2025 08:16:08.913,0.09332,15-Feb-2025 08:16:08.913,9.848858
15-Feb-2025 08:16:08.933,0.160319,15-Feb-2025 08:16:08.933,0.102891,15-Feb-2025 08:16:08.933,9.844072
15-Feb-2025 08:16:08.953,0.141177,15-Feb-2025 08:16:08.953,0.09332,15-Feb-2025 08:16:08.953,9.853643
15-Feb-2025 08:16:08.973,0.141177,15-Feb-2025 08:16:08.973,0.098106,15-Feb-2025 08:16:08.973,9.853643
15-Feb-2025 08:16:08.993,0.184247,15-Feb-2025 08:16:08.993,0.117248,15-Feb-2025 08:16:08.993,9.858429
15-Feb-2025 08:16:09.013,0.165105,15-Feb-2025 08:16:09.013,0.155533,15-Feb-2025 08:16:09.013,9.82493
15-Feb-2025 08:16:09.033,0.174676,15-Feb-2025 08:16:09.033,0.002393,15-Feb-2025 08:16:09.033,9.82493
15-Feb-2025 08:16:09.053,0.217747,15-Feb-2025 08:16:09.053,0.12682,15-Feb-2025 08:16:09.053,9.839287
15-Feb-2025 08:16:09.073,0.16989,15-Feb-2025 08:16:09.073,0.265603,15-Feb-2025 08:16:09.073,9.853643
15-Feb-2025 08:16:09.093,0.208176,15-Feb-2025 08:16:09.093,0.083749,15-Feb-2025 08:16:09.093,9.834501
15-Feb-2025 08:16:09.113,0.193819,15-Feb-2025 08:16:09.113,0.141177,15-Feb-2025 08:16:09.113,9.848858
15-Feb-2025 08:16:09.133,0.208176,15-Feb-2025 08:16:09.133,0.141177,15-Feb-2025 08:16:09.133,9.839287
15-Feb-2025 08:16:09.153,0.193819,15-Feb-2025 08:16:09.153,0.145962,15-Feb-2025 08:16:09.153,9.839287
15-Feb-2025 08:16:09.173,0.184247,15-Feb-2025 08:16:09.173,0.150748,15-Feb-2025 08:16:09.173,9.829716
15-Feb-2025 08:16:09.193,0.184247,15-Feb-2025 08:16:09.193,0.150748,15-Feb-2025 08:16:09.193,9.834501
15-Feb-2025 08:16:09.213,0.198604,15-Feb-2025 08:16:09.213,0.145962,15-Feb-2025 08:16:09.213,9.848858
15-Feb-2025 08:16:09.233,0.184247,15-Feb-2025 08:16:09.233,0.112463,15-Feb-2025 08:16:09.233,9.848858
15-Feb-2025 08:16:09.253,0.236889,15-Feb-2025 08:16:09.253,0.289532,15-Feb-2025 08:16:09.253,9.853643
15-Feb-2025 08:16:09.273,0.160319,15-Feb-2025 08:16:09.273,-0.035892,15-Feb-2025 08:16:09.273,9.805787
15-Feb-2025 08:16:09.293,0.232104,15-Feb-2025 08:16:09.293,0.179462,15-Feb-2025 08:16:09.293,9.853643
15-Feb-2025 08:16:09.313,0.174676,15-Feb-2025 08:16:09.313,0.112463,15-Feb-2025 08:16:09.313,9.844072
15-Feb-2025 08:16:09.333,0.160319,15-Feb-2025 08:16:09.333,0.088534,15-Feb-2025 08:16:09.333,9.844072
15-Feb-2025 08:16:09.353,0.131605,15-Feb-2025 08:16:09.353,0.083749,15-Feb-2025 08:16:09.353,9.844072
15-Feb-2025 08:16:09.373,0.145962,15-Feb-2025 08:16:09.373,0.088534,15-Feb-2025 08:16:09.373,9.844072
15-Feb-2025 08:16:09.393,0.150748,15-Feb-2025 08:16:09.393,0.09332,15-Feb-2025 08:16:09.393,9.844072
15-Feb-2025 08:16:09.413,0.150748,15-Feb-2025 08:16:09.413,0.088534,15-Feb-2025 08:16:09.413,9.839287
15-Feb-2025 08:16:09.433,0.131605,15-Feb-2025 08:16:09.433,0.083749,15-Feb-2025 08:16:09.433,9.848858
15-Feb-2025 08:16:09.453,0.145962,15-Feb-2025 08:16:09.453,0.078963,15-Feb-2025 08:16:09.453,9.848858
15-Feb-2025 08:16:09.473,0.155533,15-Feb-2025 08:16:09.473,0.09332,15-Feb-2025 08:16:09.473,9.848858
15-Feb-2025 08:16:09.493,0.174676,15-Feb-2025 08:16:09.493,0.088534,15-Feb-2025 08:16:09.493,9.839287
15-Feb-2025 08:16:09.513,0.198604,15-Feb-2025 08:16:09.513,0.131605,15-Feb-2025 08:16:09.513,9.844072
15-Feb-2025 08:16:09.533,0.150748,15-Feb-2025 08:16:09.533,0.174676,15-Feb-2025 08:16:09.533,9.844072
15-Feb-2025 08:16:09.553,0.141177,15-Feb-2025 08:16:09.553,0.002393,15-Feb-2025 08:16:09.553,9.839287
15-Feb-2025 08:16:09.573,0.270389,15-Feb-2025 08:16:09.573,0.265603,15-Feb-2025 08:16:09.573,9.844072
15-Feb-2025 08:16:09.593,0.275175,15-Feb-2025 08:16:09.593,0.141177,15-Feb-2025 08:16:09.593,9.834501
15-Feb-2025 08:16:09.613,0.069392,15-Feb-2025 08:16:09.613,-0.050249,15-Feb-2025 08:16:09.613,9.82493
15-Feb-2025 08:16:09.633,0.308674,15-Feb-2025 08:16:09.633,0.342174,15-Feb-2025 08:16:09.633,9.858429
15-Feb-2025 08:16:09.653,0.102891,15-Feb-2025 08:16:09.653,-0.035892,15-Feb-2025 08:16:09.653,9.834501
15-Feb-2025 08:16:09.673,0.289532,15-Feb-2025 08:16:09.673,0.260818,15-Feb-2025 08:16:09.673,9.858429
15-Feb-2025 08:16:09.693,0.122034,15-Feb-2025 08:16:09.693,0.055035,15-Feb-2025 08:16:09.693,9.844072
15-Feb-2025 08:16:09.713,0.270389,15-Feb-2025 08:16:09.713,0.193819,15-Feb-2025 08:16:09.713,9.844072
15-Feb-2025 08:16:09.733,0.212961,15-Feb-2025 08:16:09.733,0.12682,15-Feb-2025 08:16:09.733,9.844072
15-Feb-2025 08:16:09.753,0.155533,15-Feb-2025 08:16:09.753,0.141177,15-Feb-2025 08:16:09.753,9.858429
15-Feb-2025 08:16:09.773,0.189033,15-Feb-2025 08:16:09.773,0.102891,15-Feb-2025 08:16:09.773,9.839287
15-Feb-2025 08:16:09.793,0.155533,15-Feb-2025 08:16:09.793,0.09332,15-Feb-2025 08:16:09.793,9.848858
15-Feb-2025 08:16:09.813,0.136391,15-Feb-2025 08:16:09.813,0.088534,15-Feb-2025 08:16:09.813,9.853643
15-Feb-2025 08:16:09.832,0.141177,15-Feb-2025 08:16:09.832,0.078963,15-Feb-2025 08:16:09.832,9.848858
15-Feb-2025 08:16:09.852,0.136391,15-Feb-2025 08:16:09.852,0.088534,15-Feb-2025 08:16:09.852,9.839287
15-Feb-2025 08:16:09.873,0.150748,15-Feb-2025 08:16:09.873,0.088534,15-Feb-2025 08:16:09.873,9.853643
15-Feb-2025 08:16:09.893,0.136391,15-Feb-2025 08:16:09.893,0.098106,15-Feb-2025 08:16:09.893,9.848858
15-Feb-2025 08:16:09.912,0.145962,15-Feb-2025 08:16:09.912,0.074178,15-Feb-2025 08:16:09.912,9.848858
15-Feb-2025 08:16:09.932,0.136391,15-Feb-2025 08:16:09.932,0.083749,15-Feb-2025 08:16:09.932,9.848858
15-Feb-2025 08:16:09.952,0.150748,15-Feb-2025 08:16:09.952,0.088534,15-Feb-2025 08:16:09.952,9.853643
15-Feb-2025 08:16:09.972,0.150748,15-Feb-2025 08:16:09.972,0.078963,15-Feb-2025 08:16:09.972,9.848858
15-Feb-2025 08:16:09.992,0.141177,15-Feb-2025 08:16:09.992,0.088534,15-Feb-2025 08:16:09.992,9.853643
15-Feb-2025 08:16:10.012,0.136391,15-Feb-2025 08:16:10.012,0.088534,15-Feb-2025 08:16:10.012,9.848858
15-Feb-2025 08:16:10.032,0.12682,15-Feb-2025 08:16:10.032,0.078963,15-Feb-2025 08:16:10.032,9.839287
15-Feb-2025 08:16:10.052,0.150748,15-Feb-2025 08:16:10.052,0.074178,15-Feb-2025 08:16:10.052,9.848858
15-Feb-2025 08:16:10.072,0.145962,15-Feb-2025 08:16:10.072,0.078963,15-Feb-2025 08:16:10.072,9.853643
15-Feb-2025 08:16:10.092,0.145962,15-Feb-2025 08:16:10.092,0.083749,15-Feb-2025 08:16:10.092,9.848858
15-Feb-2025 08:16:10.112,0.136391,15-Feb-2025 08:16:10.112,0.088534,15-Feb-2025 08:16:10.112,9.853643
15-Feb-2025 08:16:10.132,0.150748,15-Feb-2025 08:16:10.132,0.078963,15-Feb-2025 08:16:10.132,9.858429
15-Feb-2025 08:16:10.152,0.150748,15-Feb-2025 08:16:10.152,0.078963,15-Feb-2025 08:16:10.152,9.848858
15-Feb-2025 08:16:10.172,0.145962,15-Feb-2025 08:16:10.172,0.078963,15-Feb-2025 08:16:10.172,9.853643
15-Feb-2025 08:16:10.192,0.150748,15-Feb-2025 08:16:10.192,0.078963,15-Feb-2025 08:16:10.192,9.858429
15-Feb-2025 08:16:10.212,0.150748,15-Feb-2025 08:16:10.212,0.083749,15-Feb-2025 08:16:10.212,9.853643
15-Feb-2025 08:16:10.232,0.150748,15-Feb-2025 08:16:10.232,0.078963,15-Feb-2025 08:16:10.232,9.848858
15-Feb-2025 08:16:10.252,0.155533,15-Feb-2025 08:16:10.252,0.088534,15-Feb-2025 08:16:10.252,9.844072
15-Feb-2025 08:16:10.272,0.136391,15-Feb-2025 08:16:10.272,0.078963,15-Feb-2025 08:16:10.272,9.844072
15-Feb-2025 08:16:10.292,0.141177,15-Feb-2025 08:16:10.292,0.09332,15-Feb-2025 08:16:10.292,9.848858
15-Feb-2025 08:16:10.312,0.141177,15-Feb-2025 08:16:10.312,0.083749,15-Feb-2025 08:16:10.312,9.848858
15-Feb-2025 08:16:10.332,0.150748,15-Feb-2025 08:16:10.332,0.083749,15-Feb-2025 08:16:10.332,9.853643
15-Feb-2025 08:16:10.352,0.136391,15-Feb-2025 08:16:10.352,0.09332,15-Feb-2025 08:16:10.352,9.853643
15-Feb-2025 08:16:10.372,0.131605,15-Feb-2025 08:16:10.372,0.09332,15-Feb-2025 08:16:10.372,9.853643
15-Feb-2025 08:16:10.392,0.136391,15-Feb-2025 08:16:10.392,0.083749,15-Feb-2025 08:16:10.392,9.839287
15-Feb-2025 08:16:10.412,0.136391,15-Feb-2025 08:16:10.412,0.09332,15-Feb-2025 08:16:10.412,9.848858
15-Feb-2025 08:16:10.432,0.141177,15-Feb-2025 08:16:10.432,0.078963,15-Feb-2025 08:16:10.432,9.863214
15-Feb-2025 08:16:10.452,0.145962,15-Feb-2025 08:16:10.452,0.083749,15-Feb-2025 08:16:10.452,9.848858
15-Feb-2025 08:16:10.472,0.145962,15-Feb-2025 08:16:10.472,0.078963,15-Feb-2025 08:16:10.472,9.853643
15-Feb-2025 08:16:10.492,0.141177,15-Feb-2025 08:16:10.492,0.088534,15-Feb-2025 08:16:10.492,9.853643
15-Feb-2025 08:16:10.512,0.136391,15-Feb-2025 08:16:10.512,0.083749,15-Feb-2025 08:16:10.512,9.848858
15-Feb-2025 08:16:10.532,0.150748,15-Feb-2025 08:16:10.532,0.074178,15-Feb-2025 08:16:10.532,9.848858
15-Feb-2025 08:16:10.552,0.122034,15-Feb-2025 08:16:10.552,0.088534,15-Feb-2025 08:16:10.552,9.853643
15-Feb-2025 08:16:10.572,0.150748,15-Feb-2025 08:16:10.572,0.088534,15-Feb-2025 08:16:10.572,9.853643
15-Feb-2025 08:16:10.592,0.145962,15-Feb-2025 08:16:10.592,0.088534,15-Feb-2025 08:16:10.592,9.848858
15-Feb-2025 08:16:10.612,0.12682,15-Feb-2025 08:16:10.612,0.074178,15-Feb-2025 08:16:10.612,9.853643
15-Feb-2025 08:16:10.632,0.131605,15-Feb-2025 08:16:10.632,0.074178,15-Feb-2025 08:16:10.632,9.839287
15-Feb-2025 08:16:10.652,0.131605,15-Feb-2025 08:16:10.652,0.088534,15-Feb-2025 08:16:10.652,9.844072
15-Feb-2025 08:16:10.672,0.131605,15-Feb-2025 08:16:10.672,0.088534,15-Feb-2025 08:16:10.672,9.853643
15-Feb-2025 08:16:10.692,0.145962,15-Feb-2025 08:16:10.692,0.083749,15-Feb-2025 08:16:10.692,9.844072
15-Feb-2025 08:16:10.712,0.145962,15-Feb-2025 08:16:10.712,0.083749,15-Feb-2025 08:16:10.712,9.844072
15-Feb-2025 08:16:10.732,0.141177,15-Feb-2025 08:16:10.732,0.083749,15-Feb-2025 08:16:10.732,9.844072
15-Feb-2025 08:16:10.752,0.145962,15-Feb-2025 08:16:10.752,0.078963,15-Feb-2025 08:16:10.752,9.829716
15-Feb-2025 08:16:10.772,0.150748,15-Feb-2025 08:16:10.772,0.069392,15-Feb-2025 08:16:10.772,9.858429
15-Feb-2025 08:16:10.792,0.145962,15-Feb-2025 08:16:10.792,0.088534,15-Feb-2025 08:16:10.792,9.858429
15-Feb-2025 08:16:10.812,0.131605,15-Feb-2025 08:16:10.812,0.088534,15-Feb-2025 08:16:10.812,9.844072
15-Feb-2025 08:16:10.832,0.141177,15-Feb-2025 08:16:10.832,0.083749,15-Feb-2025 08:16:10.832,9.844072
15-Feb-2025 08:16:10.852,0.141177,15-Feb-2025 08:16:10.852,0.088534,15-Feb-2025 08:16:10.852,9.839287
15-Feb-2025 08:16:10.872,0.150748,15-Feb-2025 08:16:10.872,0.083749,15-Feb-2025 08:16:10.872,9.844072
15-Feb-2025 08:16:10.892,0.131605,15-Feb-2025 08:16:10.892,0.078963,15-Feb-2025 08:16:10.892,9.853643
15-Feb-2025 08:16:10.912,0.131605,15-Feb-2025 08:16:10.912,0.088534,15-Feb-2025 08:16:10.912,9.848858
15-Feb-2025 08:16:10.932,0.131605,15-Feb-2025 08:16:10.932,0.083749,15-Feb-2025 08:16:10.932,9.848858
15-Feb-2025 08:16:10.952,0.131605,15-Feb-2025 08:16:10.952,0.088534,15-Feb-2025 08:16:10.952,9.839287
15-Feb-2025 08:16:10.971,0.150748,15-Feb-2025 08:16:10.971,0.083749,15-Feb-2025 08:16:10.971,9.848858
15-Feb-2025 08:16:10.992,0.141177,15-Feb-2025 08:16:10.992,0.09332,15-Feb-2025 08:16:10.992,9.853643
15-Feb-2025 08:16:11.012,0.131605,15-Feb-2025 08:16:11.012,0.098106,15-Feb-2025 08:16:11.012,9.839287
15-Feb-2025 08:16:11.032,0.150748,15-Feb-2025 08:16:11.032,0.09332,15-Feb-2025 08:16:11.032,9.844072
15-Feb-2025 08:16:11.052,0.160319,15-Feb-2025 08:16:11.052,0.078963,15-Feb-2025 08:16:11.052,9.844072
15-Feb-2025 08:16:11.072,0.131605,15-Feb-2025 08:16:11.072,0.078963,15-Feb-2025 08:16:11.072,9.858429
15-Feb-2025 08:16:11.092,0.141177,15-Feb-2025 08:16:11.092,0.088534,15-Feb-2025 08:16:11.092,9.863214
15-Feb-2025 08:16:11.112,0.150748,15-Feb-2025 08:16:11.112,0.098106,15-Feb-2025 08:16:11.112,9.844072
15-Feb-2025 08:16:11.132,0.150748,15-Feb-2025 08:16:11.132,0.083749,15-Feb-2025 08:16:11.132,9.848858
15-Feb-2025 08:16:11.152,0.12682,15-Feb-2025 08:16:11.152,0.083749,15-Feb-2025 08:16:11.152,9.848858
15-Feb-2025 08:16:11.172,0.131605,15-Feb-2025 08:16:11.172,0.083749,15-Feb-2025 08:16:11.172,9.853643
15-Feb-2025 08:16:11.192,0.145962,15-Feb-2025 08:16:11.192,0.102891,15-Feb-2025 08:16:11.192,9.863214
15-Feb-2025 08:16:11.212,0.150748,15-Feb-2025 08:16:11.212,0.083749,15-Feb-2025 08:16:11.212,9.853643
15-Feb-2025 08:16:11.232,0.141177,15-Feb-2025 08:16:11.232,0.083749,15-Feb-2025 08:16:11.232,9.848858
15-Feb-2025 08:16:11.252,0.136391,15-Feb-2025 08:16:11.252,0.078963,15-Feb-2025 08:16:11.252,9.848858
15-Feb-2025 08:16:11.272,0.141177,15-Feb-2025 08:16:11.272,0.074178,15-Feb-2025 08:16:11.272,9.848858
15-Feb-2025 08:16:11.292,0.150748,15-Feb-2025 08:16:11.292,0.088534,15-Feb-2025 08:16:11.292,9.853643
15-Feb-2025 08:16:11.312,0.141177,15-Feb-2025 08:16:11.312,0.09332,15-Feb-2025 08:16:11.312,9.839287
15-Feb-2025 08:16:11.332,0.145962,15-Feb-2025 08:16:11.332,0.078963,15-Feb-2025 08:16:11.332,9.844072
15-Feb-2025 08:16:11.352,0.145962,15-Feb-2025 08:16:11.352,0.078963,15-Feb-2025 08:16:11.352,9.848858
15-Feb-2025 08:16:11.372,0.160319,15-Feb-2025 08:16:11.372,0.088534,15-Feb-2025 08:16:11.372,9.853643
15-Feb-2025 08:16:11.391,0.145962,15-Feb-2025 08:16:11.391,0.088534,15-Feb-2025 08:16:11.391,9.844072
15-Feb-2025 08:16:11.411,0.131605,15-Feb-2025 08:16:11.411,0.078963,15-Feb-2025 08:16:11.411,9.858429
15-Feb-2025 08:16:11.431,0.136391,15-Feb-2025 08:16:11.431,0.078963,15-Feb-2025 08:16:11.431,9.848858
15-Feb-2025 08:16:11.451,0.136391,15-Feb-2025 08:16:11.451,0.088534,15-Feb-2025 08:16:11.451,9.848858
15-Feb-2025 08:16:11.471,0.136391,15-Feb-2025 08:16:11.471,0.069392,15-Feb-2025 08:16:11.471,9.858429
15-Feb-2025 08:16:11.491,0.112463,15-Feb-2025 08:16:11.491,0.098106,15-Feb-2025 08:16:11.491,9.848858
15-Feb-2025 08:16:11.511,0.131605,15-Feb-2025 08:16:11.511,0.083749,15-Feb-2025 08:16:11.511,9.853643
15-Feb-2025 08:16:11.531,0.145962,15-Feb-2025 08:16:11.531,0.074178,15-Feb-2025 08:16:11.531,9.848858
15-Feb-2025 08:16:11.551,0.150748,15-Feb-2025 08:16:11.551,0.088534,15-Feb-2025 08:16:11.551,9.863214
15-Feb-2025 08:16:11.571,0.150748,15-Feb-2025 08:16:11.571,0.098106,15-Feb-2025 08:16:11.571,9.863214
15-Feb-2025 08:16:11.591,0.150748,15-Feb-2025 08:16:11.591,0.088534,15-Feb-2025 08:16:11.591,9.858429
15-Feb-2025 08:16:11.611,0.131605,15-Feb-2025 08:16:11.611,0.078963,15-Feb-2025 08:16:11.611,9.848858
15-Feb-2025 08:16:11.631,0.141177,15-Feb-2025 08:16:11.631,0.083749,15-Feb-2025 08:16:11.631,9.848858
15-Feb-2025 08:16:11.651,0.150748,15-Feb-2025 08:16:11.651,0.083749,15-Feb-2025 08:16:11.651,9.844072
15-Feb-2025 08:16:11.671,0.145962,15-Feb-2025 08:16:11.671,0.088534,15-Feb-2025 08:16:11.671,9.844072
15-Feb-2025 08:16:11.691,0.145962,15-Feb-2025 08:16:11.691,0.088534,15-Feb-2025 08:16:11.691,9.858429
15-Feb-2025 08:16:11.711,0.145962,15-Feb-2025 08:16:11.711,0.088534,15-Feb-2025 08:16:11.711,9.853643
15-Feb-2025 08:16:11.731,0.136391,15-Feb-2025 08:16:11.731,0.09332,15-Feb-2025 08:16:11.731,9.839287
15-Feb-2025 08:16:11.751,0.122034,15-Feb-2025 08:16:11.751,0.088534,15-Feb-2025 08:16:11.751,9.858429
15-Feb-2025 08:16:11.771,0.145962,15-Feb-2025 08:16:11.771,0.088534,15-Feb-2025 08:16:11.771,9.858429
15-Feb-2025 08:16:11.791,0.141177,15-Feb-2025 08:16:11.791,0.083749,15-Feb-2025 08:16:11.791,9.848858
15-Feb-2025 08:16:11.811,0.131605,15-Feb-2025 08:16:11.811,0.083749,15-Feb-2025 08:16:11.811,9.848858
15-Feb-2025 08:16:11.831,0.136391,15-Feb-2025 08:16:11.831,0.083749,15-Feb-2025 08:16:11.831,9.844072
15-Feb-2025 08:16:11.851,0.155533,15-Feb-2025 08:16:11.851,0.088534,15-Feb-2025 08:16:11.851,9.848858
15-Feb-2025 08:16:11.871,0.141177,15-Feb-2025 08:16:11.871,0.083749,15-Feb-2025 08:16:11.871,9.848858
15-Feb-2025 08:16:11.891,0.136391,15-Feb-2025 08:16:11.891,0.088534,15-Feb-2025 08:16:11.891,9.858429
15-Feb-2025 08:16:11.911,0.141177,15-Feb-2025 08:16:11.911,0.098106,15-Feb-2025 08:16:11.911,9.844072
15-Feb-2025 08:16:11.931,0.141177,15-Feb-2025 08:16:11.931,0.083749,15-Feb-2025 08:16:11.931,9.848858
15-Feb-2025 08:16:11.951,0.141177,15-Feb-2025 08:16:11.951,0.078963,15-Feb-2025 08:16:11.951,9.858429
15-Feb-2025 08:16:11.971,0.141177,15-Feb-2025 08:16:11.971,0.078963,15-Feb-2025 08:16:11.971,9.844072
15-Feb-2025 08:16:11.991,0.141177,15-Feb-2025 08:16:11.991,0.074178,15-Feb-2025 08:16:11.991,9.848858
15-Feb-2025 08:16:12.011,0.136391,15-Feb-2025 08:16:12.011,0.074178,15-Feb-2025 08:16:12.011,9.848858
15-Feb-2025 08:16:12.031,0.141177,15-Feb-2025 08:16:12.031,0.083749,15-Feb-2025 08:16:12.031,9.858429
15-Feb-2025 08:16:12.051,0.131605,15-Feb-2025 08:16:12.051,0.088534,15-Feb-2025 08:16:12.051,9.853643
15-Feb-2025 08:16:12.071,0.141177,15-Feb-2025 08:16:12.071,0.078963,15-Feb-2025 08:16:12.071,9.839287
15-Feb-2025 08:16:12.091,0.145962,15-Feb-2025 08:16:12.091,0.078963,15-Feb-2025 08:16:12.091,9.844072
15-Feb-2025 08:16:12.110,0.141177,15-Feb-2025 08:16:12.110,0.09332,15-Feb-2025 08:16:12.110,9.844072
15-Feb-2025 08:16:12.131,0.141177,15-Feb-2025 08:16:12.131,0.078963,15-Feb-2025 08:16:12.131,9.844072
15-Feb-2025 08:16:12.151,0.136391,15-Feb-2025 08:16:12.151,0.083749,15-Feb-2025 08:16:12.151,9.848858
15-Feb-2025 08:16:12.171,0.141177,15-Feb-2025 08:16:12.171,0.098106,15-Feb-2025 08:16:12.171,9.844072
15-Feb-2025 08:16:12.191,0.145962,15-Feb-2025 08:16:12.191,0.088534,15-Feb-2025 08:16:12.191,9.853643
15-Feb-2025 08:16:12.211,0.141177,15-Feb-2025 08:16:12.211,0.098106,15-Feb-2025 08:16:12.211,9.848858
15-Feb-2025 08:16:12.231,0.141177,15-Feb-2025 08:16:12.231,0.09332,15-Feb-2025 08:16:12.231,9.853643
15-Feb-2025 08:16:12.251,0.131605,15-Feb-2025 08:16:12.251,0.083749,15-Feb-2025 08:16:12.251,9.853643
15-Feb-2025 08:16:12.271,0.150748,15-Feb-2025 08:16:12.271,0.09332,15-Feb-2025 08:16:12.271,9.853643
15-Feb-2025 08:16:12.291,0.150748,15-Feb-2025 08:16:12.291,0.098106,15-Feb-2025 08:16:12.291,9.858429
15-Feb-2025 08:16:12.311,0.136391,15-Feb-2025 08:16:12.311,0.083749,15-Feb-2025 08:16:12.311,9.848858
15-Feb-2025 08:16:12.331,0.136391,15-Feb-2025 08:16:12.331,0.078963,15-Feb-2025 08:16:12.331,9.844072
15-Feb-2025 08:16:12.351,0.141177,15-Feb-2025 08:16:12.351,0.09332,15-Feb-2025 08:16:12.351,9.853643
15-Feb-2025 08:16:12.371,0.131605,15-Feb-2025 08:16:12.371,0.088534,15-Feb-2025 08:16:12.371,9.868599
15-Feb-2025 08:16:12.391,0.155533,15-Feb-2025 08:16:12.391,0.083749,15-Feb-2025 08:16:12.391,9.858429
15-Feb-2025 08:16:12.411,0.150748,15-Feb-2025 08:16:12.411,0.078963,15-Feb-2025 08:16:12.411,9.848858
15-Feb-2025 08:16:12.431,0.136391,15-Feb-2025 08:16:12.431,0.083749,15-Feb-2025 08:16:12.431,9.858429
15-Feb-2025 08:16:12.451,0.145962,15-Feb-2025 08:16:12.451,0.09332,15-Feb-2025 08:16:12.451,9.844072
15-Feb-2025 08:16:12.471,0.136391,15-Feb-2025 08:16:12.471,0.088534,15-Feb-2025 08:16:12.471,9.848858
15-Feb-2025 08:16:12.491,0.145962,15-Feb-2025 08:16:12.491,0.088534,15-Feb-2025 08:16:12.491,9.848858
15-Feb-2025 08:16:12.511,0.150748,15-Feb-2025 08:16:12.511,0.074178,15-Feb-2025 08:16:12.511,9.844072
15-Feb-2025 08:16:12.531,0.12682,15-Feb-2025 08:16:12.531,0.09332,15-Feb-2025 08:16:12.531,9.848858
15-Feb-2025 08:16:12.551,0.136391,15-Feb-2025 08:16:12.551,0.083749,15-Feb-2025 08:16:12.551,9.853643
15-Feb-2025 08:16:12.571,0.145962,15-Feb-2025 08:16:12.571,0.074178,15-Feb-2025 08:16:12.571,9.868599
15-Feb-2025 08:16:12.591,0.136391,15-Feb-2025 08:16:12.591,0.078963,15-Feb-2025 08:16:12.591,9.858429
15-Feb-2025 08:16:12.611,0.12682,15-Feb-2025 08:16:12.611,0.078963,15-Feb-2025 08:16:12.611,9.848858
15-Feb-2025 08:16:12.631,0.141177,15-Feb-2025 08:16:12.631,0.078963,15-Feb-2025 08:16:12.631,9.848858
15-Feb-2025 08:16:12.651,0.155533,15-Feb-2025 08:16:12.651,0.088534,15-Feb-2025 08:16:12.651,9.844072
15-Feb-2025 08:16:12.671,0.141177,15-Feb-2025 08:16:12.671,0.09332,15-Feb-2025 08:16:12.671,9.848858
15-Feb-2025 08:16:12.691,0.145962,15-Feb-2025 08:16:12.691,0.088534,15-Feb-2025 08:16:12.691,9.853643
15-Feb-2025 08:16:12.711,0.141177,15-Feb-2025 08:16:12.711,0.088534,15-Feb-2025 08:16:12.711,9.868599
15-Feb-2025 08:16:12.731,0.145962,15-Feb-2025 08:16:12.731,0.088534,15-Feb-2025 08:16:12.731,9.853643
15-Feb-2025 08:16:12.751,0.136391,15-Feb-2025 08:16:12.751,0.083749,15-Feb-2025 08:16:12.751,9.853643
15-Feb-2025 08:16:12.771,0.112463,15-Feb-2025 08:16:12.771,0.088534,15-Feb-2025 08:16:12.771,9.844072
15-Feb-2025 08:16:12.790,0.141177,15-Feb-2025 08:16:12.790,0.088534,15-Feb-2025 08:16:12.790,9.844072
15-Feb-2025 08:16:12.810,0.16989,15-Feb-2025 08:16:12.810,0.083749,15-Feb-2025 08:16:12.810,9.844072
15-Feb-2025 08:16:12.830,0.150748,15-Feb-2025 08:16:12.830,0.083749,15-Feb-2025 08:16:12.830,9.839287
15-Feb-2025 08:16:12.850,0.136391,15-Feb-2025 08:16:12.850,0.09332,15-Feb-2025 08:16:12.850,9.853643
15-Feb-2025 08:16:12.870,0.145962,15-Feb-2025 08:16:12.870,0.098106,15-Feb-2025 08:16:12.870,9.848858
15-Feb-2025 08:16:12.890,0.141177,15-Feb-2025 08:16:12.890,0.083749,15-Feb-2025 08:16:12.890,9.844072
15-Feb-2025 08:16:12.910,0.141177,15-Feb-2025 08:16:12.910,0.098106,15-Feb-2025 08:16:12.910,9.844072
15-Feb-2025 08:16:12.930,0.12682,15-Feb-2025 08:16:12.930,0.088534,15-Feb-2025 08:16:12.930,9.858429
15-Feb-2025 08:16:12.950,0.141177,15-Feb-2025 08:16:12.950,0.078963,15-Feb-2025 08:16:12.950,9.853643
15-Feb-2025 08:16:12.970,0.141177,15-Feb-2025 08:16:12.970,0.088534,15-Feb-2025 08:16:12.970,9.848858
15-Feb-2025 08:16:12.990,0.12682,15-Feb-2025 08:16:12.990,0.09332,15-Feb-2025 08:16:12.990,9.853643
15-Feb-2025 08:16:13.010,0.141177,15-Feb-2025 08:16:13.010,0.09332,15-Feb-2025 08:16:13.010,9.848858
15-Feb-2025 08:16:13.030,0.131605,15-Feb-2025 08:16:13.030,0.083749,15-Feb-2025 08:16:13.030,9.848858
15-Feb-2025 08:16:13.050,0.141177,15-Feb-2025 08:16:13.050,0.098106,15-Feb-2025 08:16:13.050,9.844072
15-Feb-2025 08:16:13.070,0.141177,15-Feb-2025 08:16:13.070,0.09332,15-Feb-2025 08:16:13.070,9.858429
15-Feb-2025 08:16:13.090,0.131605,15-Feb-2025 08:16:13.090,0.088534,15-Feb-2025 08:16:13.090,9.844072
15-Feb-2025 08:16:13.110,0.131605,15-Feb-2025 08:16:13.110,0.09332,15-Feb-2025 08:16:13.110,9.844072
15-Feb-2025 08:16:13.130,0.131605,15-Feb-2025 08:16:13.130,0.088534,15-Feb-2025 08:16:13.130,9.853643
15-Feb-2025 08:16:13.150,0.136391,15-Feb-2025 08:16:13.150,0.078963,15-Feb-2025 08:16:13.150,9.844072
15-Feb-2025 08:16:13.170,0.131605,15-Feb-2025 08:16:13.170,0.069392,15-Feb-2025 08:16:13.170,9.848858
15-Feb-2025 08:16:13.190,0.12682,15-Feb-2025 08:16:13.190,0.088534,15-Feb-2025 08:16:13.190,9.848858
15-Feb-2025 08:16:13.210,0.145962,15-Feb-2025 08:16:13.210,0.09332,15-Feb-2025 08:16:13.210,9.848858
15-Feb-2025 08:16:13.230,0.141177,15-Feb-2025 08:16:13.230,0.083749,15-Feb-2025 08:16:13.230,9.848858
15-Feb-2025 08:16:13.249,0.12682,15-Feb-2025 08:16:13.249,0.088534,15-Feb-2025 08:16:13.249,9.848858
15-Feb-2025 08:16:13.270,0.12682,15-Feb-2025 08:16:13.270,0.098106,15-Feb-2025 08:16:13.270,9.848858
15-Feb-2025 08:16:13.290,0.141177,15-Feb-2025 08:16:13.290,0.083749,15-Feb-2025 08:16:13.290,9.844072
15-Feb-2025 08:16:13.310,0.141177,15-Feb-2025 08:16:13.310,0.083749,15-Feb-2025 08:16:13.310,9.863214
15-Feb-2025 08:16:13.330,0.141177,15-Feb-2025 08:16:13.330,0.078963,15-Feb-2025 08:16:13.330,9.858429
15-Feb-2025 08:16:13.350,0.141177,15-Feb-2025 08:16:13.350,0.088534,15-Feb-2025 08:16:13.350,9.858429
15-Feb-2025 08:16:13.370,0.145962,15-Feb-2025 08:16:13.370,0.09332,15-Feb-2025 08:16:13.370,9.863214
15-Feb-2025 08:16:13.390,0.145962,15-Feb-2025 08:16:13.390,0.098106,15-Feb-2025 08:16:13.390,9.848858
15-Feb-2025 08:16:13.410,0.145962,15-Feb-2025 08:16:13.410,0.078963,15-Feb-2025 08:16:13.410,9.848858
15-Feb-2025 08:16:13.430,0.131605,15-Feb-2025 08:16:13.430,0.078963,15-Feb-2025 08:16:13.430,9.844072
15-Feb-2025 08:16:13.450,0.141177,15-Feb-2025 08:16:13.450,0.088534,15-Feb-2025 08:16:13.450,9.858429
15-Feb-2025 08:16:13.470,0.141177,15-Feb-2025 08:16:13.470,0.083749,15-Feb-2025 08:16:13.470,9.853643
15-Feb-2025 08:16:13.490,0.150748,15-Feb-2025 08:16:13.490,0.083749,15-Feb-2025 08:16:13.490,9.853643
15-Feb-2025 08:16:13.510,0.145962,15-Feb-2025 08:16:13.510,0.088534,15-Feb-2025 08:16:13.510,9.844072
15-Feb-2025 08:16:13.530,0.136391,15-Feb-2025 08:16:13.530,0.107677,15-Feb-2025 08:16:13.530,9.848858
15-Feb-2025 08:16:13.550,0.141177,15-Feb-2025 08:16:13.550,0.09332,15-Feb-2025 08:16:13.550,9.863214
15-Feb-2025 08:16:13.570,0.150748,15-Feb-2025 08:16:13.570,0.09332,15-Feb-2025 08:16:13.570,9.844072
15-Feb-2025 08:16:13.590,0.150748,15-Feb-2025 08:16:13.590,0.09332,15-Feb-2025 08:16:13.590,9.848858
15-Feb-2025 08:16:13.610,0.145962,15-Feb-2025 08:16:13.610,0.098106,15-Feb-2025 08:16:13.610,9.858429
15-Feb-2025 08:16:13.630,0.12682,15-Feb-2025 08:16:13.630,0.083749,15-Feb-2025 08:16:13.630,9.844072
15-Feb-2025 08:16:13.650,0.145962,15-Feb-2025 08:16:13.650,0.09332,15-Feb-2025 08:16:13.650,9.858429
15-Feb-2025 08:16:13.670,0.141177,15-Feb-2025 08:16:13.670,0.09332,15-Feb-2025 08:16:13.670,9.848858
15-Feb-2025 08:16:13.690,0.141177,15-Feb-2025 08:16:13.690,0.078963,15-Feb-2025 08:16:13.690,9.848858
15-Feb-2025 08:16:13.710,0.145962,15-Feb-2025 08:16:13.710,0.083749,15-Feb-2025 08:16:13.710,9.863214
15-Feb-2025 08:16:13.730,0.131605,15-Feb-2025 08:16:13.730,0.09332,15-Feb-2025 08:16:13.730,9.858429
15-Feb-2025 08:16:13.750,0.145962,15-Feb-2025 08:16:13.750,0.09332,15-Feb-2025 08:16:13.750,9.853643
15-Feb-2025 08:16:13.770,0.141177,15-Feb-2025 08:16:13.770,0.078963,15-Feb-2025 08:16:13.770,9.853643
15-Feb-2025 08:16:13.790,0.141177,15-Feb-2025 08:16:13.790,0.083749,15-Feb-2025 08:16:13.790,9.863214
15-Feb-2025 08:16:13.810,0.145962,15-Feb-2025 08:16:13.810,0.078963,15-Feb-2025 08:16:13.810,9.853643
15-Feb-2025 08:16:13.830,0.145962,15-Feb-2025 08:16:13.830,0.083749,15-Feb-2025 08:16:13.830,9.858429
15-Feb-2025 08:16:13.850,0.131605,15-Feb-2025 08:16:13.850,0.083749,15-Feb-2025 08:16:13.850,9.853643
15-Feb-2025 08:16:13.870,0.136391,15-Feb-2025 08:16:13.870,0.09332,15-Feb-2025 08:16:13.870,9.844072
15-Feb-2025 08:16:13.890,0.145962,15-Feb-2025 08:16:13.890,0.083749,15-Feb-2025 08:16:13.890,9.839287
15-Feb-2025 08:16:13.910,0.155533,15-Feb-2025 08:16:13.910,0.088534,15-Feb-2025 08:16:13.910,9.853643
15-Feb-2025 08:16:13.930,0.131605,15-Feb-2025 08:16:13.930,0.09332,15-Feb-2025 08:16:13.930,9.839287
15-Feb-2025 08:16:13.950,0.141177,15-Feb-2025 08:16:13.950,0.088534,15-Feb-2025 08:16:13.950,9.853643
15-Feb-2025 08:16:13.970,0.131605,15-Feb-2025 08:16:13.970,0.083749,15-Feb-2025 08:16:13.970,9.853643
15-Feb-2025 08:16:13.990,0.12682,15-Feb-2025 08:16:13.990,0.09332,15-Feb-2025 08:16:13.990,9.863214
15-Feb-2025 08:16:14.010,0.141177,15-Feb-2025 08:16:14.010,0.088534,15-Feb-2025 08:16:14.010,9.853643
15-Feb-2025 08:16:14.030,0.141177,15-Feb-2025 08:16:14.030,0.088534,15-Feb-2025 08:16:14.030,9.858429
15-Feb-2025 08:16:14.050,0.141177,15-Feb-2025 08:16:14.050,0.083749,15-Feb-2025 08:16:14.050,9.844072
15-Feb-2025 08:16:14.070,0.141177,15-Feb-2025 08:16:14.070,0.09332,15-Feb-2025 08:16:14.070,9.848858
15-Feb-2025 08:16:14.090,0.141177,15-Feb-2025 08:16:14.090,0.09332,15-Feb-2025 08:16:14.090,9.858429
15-Feb-2025 08:16:14.110,0.136391,15-Feb-2025 08:16:14.110,0.074178,15-Feb-2025 08:16:14.110,9.858429
15-Feb-2025 08:16:14.129,0.136391,15-Feb-2025 08:16:14.129,0.074178,15-Feb-2025 08:16:14.129,9.848858
15-Feb-2025 08:16:14.149,0.145962,15-Feb-2025 08:16:14.149,0.088534,15-Feb-2025 08:16:14.149,9.853643
15-Feb-2025 08:16:14.169,0.145962,15-Feb-2025 08:16:14.169,0.083749,15-Feb-2025 08:16:14.169,9.858429
15-Feb-2025 08:16:14.190,0.131605,15-Feb-2025 08:16:14.190,0.083749,15-Feb-2025 08:16:14.190,9.853643
15-Feb-2025 08:16:14.209,0.136391,15-Feb-2025 08:16:14.209,0.088534,15-Feb-2025 08:16:14.209,9.853643
15-Feb-2025 08:16:14.229,0.131605,15-Feb-2025 08:16:14.229,0.09332,15-Feb-2025 08:16:14.229,9.853643
15-Feb-2025 08:16:14.249,0.141177,15-Feb-2025 08:16:14.249,0.083749,15-Feb-2025 08:16:14.249,9.853643
15-Feb-2025 08:16:14.269,0.155533,15-Feb-2025 08:16:14.269,0.078963,15-Feb-2025 08:16:14.269,9.844072
15-Feb-2025 08:16:14.289,0.145962,15-Feb-2025 08:16:14.289,0.088534,15-Feb-2025 08:16:14.289,9.853643
15-Feb-2025 08:16:14.309,0.150748,15-Feb-2025 08:16:14.309,0.09332,15-Feb-2025 08:16:14.309,9.853643
15-Feb-2025 08:16:14.329,0.150748,15-Feb-2025 08:16:14.329,0.083749,15-Feb-2025 08:16:14.329,9.858429
15-Feb-2025 08:16:14.349,0.136391,15-Feb-2025 08:16:14.349,0.074178,15-Feb-2025 08:16:14.349,9.853643
15-Feb-2025 08:16:14.369,0.12682,15-Feb-2025 08:16:14.369,0.088534,15-Feb-2025 08:16:14.369,9.848858
15-Feb-2025 08:16:14.389,0.145962,15-Feb-2025 08:16:14.389,0.083749,15-Feb-2025 08:16:14.389,9.848858
15-Feb-2025 08:16:14.409,0.150748,15-Feb-2025 08:16:14.409,0.078963,15-Feb-2025 08:16:14.409,9.848858
15-Feb-2025 08:16:14.429,0.145962,15-Feb-2025 08:16:14.429,0.078963,15-Feb-2025 08:16:14.429,9.848858
15-Feb-2025 08:16:14.449,0.136391,15-Feb-2025 08:16:14.449,0.088534,15-Feb-2025 08:16:14.449,9.858429
15-Feb-2025 08:16:14.469,0.150748,15-Feb-2025 08:16:14.469,0.078963,15-Feb-2025 08:16:14.469,9.863214
15-Feb-2025 08:16:14.489,0.122034,15-Feb-2025 08:16:14.489,0.088534,15-Feb-2025 08:16:14.489,9.848858
15-Feb-2025 08:16:14.509,0.141177,15-Feb-2025 08:16:14.509,0.088534,15-Feb-2025 08:16:14.509,9.853643
15-Feb-2025 08:16:14.529,0.136391,15-Feb-2025 08:16:14.529,0.078963,15-Feb-2025 08:16:14.529,9.858429
15-Feb-2025 08:16:14.549,0.145962,15-Feb-2025 08:16:14.549,0.083749,15-Feb-2025 08:16:14.549,9.834501
15-Feb-2025 08:16:14.569,0.136391,15-Feb-2025 08:16:14.569,0.09332,15-Feb-2025 08:16:14.569,9.853643
15-Feb-2025 08:16:14.589,0.141177,15-Feb-2025 08:16:14.589,0.074178,15-Feb-2025 08:16:14.589,9.858429
15-Feb-2025 08:16:14.609,0.136391,15-Feb-2025 08:16:14.609,0.09332,15-Feb-2025 08:16:14.609,9.848858
15-Feb-2025 08:16:14.629,0.136391,15-Feb-2025 08:16:14.629,0.083749,15-Feb-2025 08:16:14.629,9.858429
15-Feb-2025 08:16:14.649,0.131605,15-Feb-2025 08:16:14.649,0.083749,15-Feb-2025 08:16:14.649,9.848858
15-Feb-2025 08:16:14.669,0.145962,15-Feb-2025 08:16:14.669,0.088534,15-Feb-2025 08:16:14.669,9.853643
15-Feb-2025 08:16:14.689,0.136391,15-Feb-2025 08:16:14.689,0.09332,15-Feb-2025 08:16:14.689,9.858429
15-Feb-2025 08:16:14.709,0.150748,15-Feb-2025 08:16:14.709,0.083749,15-Feb-2025 08:16:14.709,9.844072
15-Feb-2025 08:16:14.729,0.145962,15-Feb-2025 08:16:14.729,0.078963,15-Feb-2025 08:16:14.729,9.844072
15-Feb-2025 08:16:14.749,0.136391,15-Feb-2025 08:16:14.749,0.088534,15-Feb-2025 08:16:14.749,9.853643
15-Feb-2025 08:16:14.769,0.141177,15-Feb-2025 08:16:14.769,0.083749,15-Feb-2025 08:16:14.769,9.858429
15-Feb-2025 08:16:14.789,0.136391,15-Feb-2025 08:16:14.789,0.078963,15-Feb-2025 08:16:14.789,9.853643
15-Feb-2025 08:16:14.809,0.141177,15-Feb-2025 08:16:14.809,0.102891,15-Feb-2025 08:16:14.809,9.834501
15-Feb-2025 08:16:14.829,0.136391,15-Feb-2025 08:16:14.829,0.098106,15-Feb-2025 08:16:14.829,9.839287
15-Feb-2025 08:16:14.849,0.131605,15-Feb-2025 08:16:14.849,0.078963,15-Feb-2025 08:16:14.849,9.844072
15-Feb-2025 08:16:14.869,0.141177,15-Feb-2025 08:16:14.869,0.088534,15-Feb-2025 08:16:14.869,9.853643
15-Feb-2025 08:16:14.889,0.150748,15-Feb-2025 08:16:14.889,0.098106,15-Feb-2025 08:16:14.889,9.858429
15-Feb-2025 08:16:14.909,0.145962,15-Feb-2025 08:16:14.909,0.078963,15-Feb-2025 08:16:14.909,9.844072
15-Feb-2025 08:16:14.929,0.131605,15-Feb-2025 08:16:14.929,0.088534,15-Feb-2025 08:16:14.929,9.858429
15-Feb-2025 08:16:14.949,0.131605,15-Feb-2025 08:16:14.949,0.09332,15-Feb-2025 08:16:14.949,9.853643
15-Feb-2025 08:16:14.969,0.145962,15-Feb-2025 08:16:14.969,0.09332,15-Feb-2025 08:16:14.969,9.858429
15-Feb-2025 08:16:14.989,0.136391,15-Feb-2025 08:16:14.989,0.088534,15-Feb-2025 08:16:14.989,9.868599
15-Feb-2025 08:16:15.009,0.131605,15-Feb-2025 08:16:15.009,0.088534,15-Feb-2025 08:16:15.009,9.858429
15-Feb-2025 08:16:15.029,0.141177,15-Feb-2025 08:16:15.029,0.083749,15-Feb-2025 08:16:15.029,9.853643
15-Feb-2025 08:16:15.049,0.145962,15-Feb-2025 08:16:15.049,0.083749,15-Feb-2025 08:16:15.049,9.853643
15-Feb-2025 08:16:15.069,0.141177,15-Feb-2025 08:16:15.069,0.088534,15-Feb-2025 08:16:15.069,9.848858
15-Feb-2025 08:16:15.089,0.131605,15-Feb-2025 08:16:15.089,0.088534,15-Feb-2025 08:16:15.089,9.858429
15-Feb-2025 08:16:15.109,0.131605,15-Feb-2025 08:16:15.109,0.098106,15-Feb-2025 08:16:15.109,9.858429
15-Feb-2025 08:16:15.129,0.141177,15-Feb-2025 08:16:15.129,0.09332,15-Feb-2025 08:16:15.129,9.858429
15-Feb-2025 08:16:15.149,0.150748,15-Feb-2025 08:16:15.149,0.083749,15-Feb-2025 08:16:15.149,9.848858
15-Feb-2025 08:16:15.168,0.145962,15-Feb-2025 08:16:15.168,0.09332,15-Feb-2025 08:16:15.168,9.848858
15-Feb-2025 08:16:15.189,0.145962,15-Feb-2025 08:16:15.189,0.078963,15-Feb-2025 08:16:15.189,9.848858
15-Feb-2025 08:16:15.209,0.145962,15-Feb-2025 08:16:15.209,0.078963,15-Feb-2025 08:16:15.209,9.853643
15-Feb-2025 08:16:15.229,0.136391,15-Feb-2025 08:16:15.229,0.083749,15-Feb-2025 08:16:15.229,9.863214
15-Feb-2025 08:16:15.249,0.136391,15-Feb-2025 08:16:15.249,0.088534,15-Feb-2025 08:16:15.249,9.853643
15-Feb-2025 08:16:15.269,0.136391,15-Feb-2025 08:16:15.269,0.098106,15-Feb-2025 08:16:15.269,9.848858
15-Feb-2025 08:16:15.289,0.131605,15-Feb-2025 08:16:15.289,0.088534,15-Feb-2025 08:16:15.289,9.858429
15-Feb-2025 08:16:15.309,0.131605,15-Feb-2025 08:16:15.309,0.088534,15-Feb-2025 08:16:15.309,9.853643
15-Feb-2025 08:16:15.329,0.150748,15-Feb-2025 08:16:15.329,0.088534,15-Feb-2025 08:16:15.329,9.839287
15-Feb-2025 08:16:15.348,0.141177,15-Feb-2025 08:16:15.348,0.083749,15-Feb-2025 08:16:15.348,9.839287
15-Feb-2025 08:16:15.368,0.136391,15-Feb-2025 08:16:15.368,0.09332,15-Feb-2025 08:16:15.368,9.853643
15-Feb-2025 08:16:15.388,0.141177,15-Feb-2025 08:16:15.388,0.09332,15-Feb-2025 08:16:15.388,9.844072
15-Feb-2025 08:16:15.408,0.141177,15-Feb-2025 08:16:15.408,0.09332,15-Feb-2025 08:16:15.408,9.848858
15-Feb-2025 08:16:15.428,0.136391,15-Feb-2025 08:16:15.428,0.088534,15-Feb-2025 08:16:15.428,9.853643
15-Feb-2025 08:16:15.448,0.141177,15-Feb-2025 08:16:15.448,0.09332,15-Feb-2025 08:16:15.448,9.858429
15-Feb-2025 08:16:15.468,0.136391,15-Feb-2025 08:16:15.468,0.098106,15-Feb-2025 08:16:15.468,9.844072
15-Feb-2025 08:16:15.488,0.136391,15-Feb-2025 08:16:15.488,0.078963,15-Feb-2025 08:16:15.488,9.853643
15-Feb-2025 08:16:15.508,0.136391,15-Feb-2025 08:16:15.508,0.083749,15-Feb-2025 08:16:15.508,9.858429
15-Feb-2025 08:16:15.528,0.155533,15-Feb-2025 08:16:15.528,0.102891,15-Feb-2025 08:16:15.528,9.839287
15-Feb-2025 08:16:15.548,0.136391,15-Feb-2025 08:16:15.548,0.098106,15-Feb-2025 08:16:15.548,9.848858
15-Feb-2025 08:16:15.568,0.136391,15-Feb-2025 08:16:15.568,0.083749,15-Feb-2025 08:16:15.568,9.848858
15-Feb-2025 08:16:15.588,0.131605,15-Feb-2025 08:16:15.588,0.09332,15-Feb-2025 08:16:15.588,9.853643
15-Feb-2025 08:16:15.608,0.145962,15-Feb-2025 08:16:15.608,0.088534,15-Feb-2025 08:16:15.608,9.853643
15-Feb-2025 08:16:15.628,0.150748,15-Feb-2025 08:16:15.628,0.088534,15-Feb-2025 08:16:15.628,9.848858
15-Feb-2025 08:16:15.648,0.131605,15-Feb-2025 08:16:15.648,0.083749,15-Feb-2025 08:16:15.648,9.848858
15-Feb-2025 08:16:15.668,0.141177,15-Feb-2025 08:16:15.668,0.088534,15-Feb-2025 08:16:15.668,9.853643
15-Feb-2025 08:16:15.688,0.141177,15-Feb-2025 08:16:15.688,0.088534,15-Feb-2025 08:16:15.688,9.848858
15-Feb-2025 08:16:15.708,0.141177,15-Feb-2025 08:16:15.708,0.078963,15-Feb-2025 08:16:15.708,9.844072
15-Feb-2025 08:16:15.728,0.141177,15-Feb-2025 08:16:15.728,0.09332,15-Feb-2025 08:16:15.728,9.848858
15-Feb-2025 08:16:15.748,0.141177,15-Feb-2025 08:16:15.748,0.09332,15-Feb-2025 08:16:15.748,9.848858
15-Feb-2025 08:16:15.768,0.141177,15-Feb-2025 08:16:15.768,0.088534,15-Feb-2025 08:16:15.768,9.844072
15-Feb-2025 08:16:15.788,0.145962,15-Feb-2025 08:16:15.788,0.09332,15-Feb-2025 08:16:15.788,9.863214
15-Feb-2025 08:16:15.808,0.141177,15-Feb-2025 08:16:15.808,0.088534,15-Feb-2025 08:16:15.808,9.853643
15-Feb-2025 08:16:15.828,0.131605,15-Feb-2025 08:16:15.828,0.083749,15-Feb-2025 08:16:15.828,9.848858
15-Feb-2025 08:16:15.848,0.150748,15-Feb-2025 08:16:15.848,0.09332,15-Feb-2025 08:16:15.848,9.853643
15-Feb-2025 08:16:15.868,0.150748,15-Feb-2025 08:16:15.868,0.09332,15-Feb-2025 08:16:15.868,9.848858
15-Feb-2025 08:16:15.888,0.136391,15-Feb-2025 08:16:15.888,0.09332,15-Feb-2025 08:16:15.888,9.848858
15-Feb-2025 08:16:15.908,0.150748,15-Feb-2025 08:16:15.908,0.083749,15-Feb-2025 08:16:15.908,9.844072
15-Feb-2025 08:16:15.928,0.141177,15-Feb-2025 08:16:15.928,0.083749,15-Feb-2025 08:16:15.928,9.858429
15-Feb-2025 08:16:15.948,0.136391,15-Feb-2025 08:16:15.948,0.088534,15-Feb-2025 08:16:15.948,9.848858
15-Feb-2025 08:16:15.968,0.136391,15-Feb-2025 08:16:15.968,0.088534,15-Feb-2025 08:16:15.968,9.858429
15-Feb-2025 08:16:15.988,0.145962,15-Feb-2025 08:16:15.988,0.083749,15-Feb-2025 08:16:15.988,9.853643
15-Feb-2025 08:16:16.008,0.136391,15-Feb-2025 08:16:16.008,0.09332,15-Feb-2025 08:16:16.008,9.853643
15-Feb-2025 08:16:16.028,0.136391,15-Feb-2025 08:16:16.028,0.083749,15-Feb-2025 08:16:16.028,9.863214
15-Feb-2025 08:16:16.048,0.122034,15-Feb-2025 08:16:16.048,0.098106,15-Feb-2025 08:16:16.048,9.858429
15-Feb-2025 08:16:16.068,0.131605,15-Feb-2025 08:16:16.068,0.088534,15-Feb-2025 08:16:16.068,9.844072
15-Feb-2025 08:16:16.088,0.141177,15-Feb-2025 08:16:16.088,0.09332,15-Feb-2025 08:16:16.088,9.858429
15-Feb-2025 08:16:16.108,0.136391,15-Feb-2025 08:16:16.108,0.098106,15-Feb-2025 08:16:16.108,9.863214
15-Feb-2025 08:16:16.128,0.150748,15-Feb-2025 08:16:16.128,0.09332,15-Feb-2025 08:16:16.128,9.853643
15-Feb-2025 08:16:16.148,0.150748,15-Feb-2025 08:16:16.148,0.078963,15-Feb-2025 08:16:16.148,9.858429
15-Feb-2025 08:16:16.168,0.136391,15-Feb-2025 08:16:16.168,0.09332,15-Feb-2025 08:16:16.168,9.848858
15-Feb-2025 08:16:16.188,0.141177,15-Feb-2025 08:16:16.188,0.098106,15-Feb-2025 08:16:16.188,9.863214
15-Feb-2025 08:16:16.208,0.136391,15-Feb-2025 08:16:16.208,0.083749,15-Feb-2025 08:16:16.208,9.848858
15-Feb-2025 08:16:16.228,0.136391,15-Feb-2025 08:16:16.228,0.083749,15-Feb-2025 08:16:16.228,9.858429
15-Feb-2025 08:16:16.248,0.141177,15-Feb-2025 08:16:16.248,0.088534,15-Feb-2025 08:16:16.248,9.848858
15-Feb-2025 08:16:16.268,0.150748,15-Feb-2025 08:16:16.268,0.083749,15-Feb-2025 08:16:16.268,9.853643
15-Feb-2025 08:16:16.288,0.141177,15-Feb-2025 08:16:16.288,0.069392,15-Feb-2025 08:16:16.288,9.853643
15-Feb-2025 08:16:16.308,0.145962,15-Feb-2025 08:16:16.308,0.083749,15-Feb-2025 08:16:16.308,9.853643
15-Feb-2025 08:16:16.328,0.136391,15-Feb-2025 08:16:16.328,0.09332,15-Feb-2025 08:16:16.328,9.853643
15-Feb-2025 08:16:16.348,0.141177,15-Feb-2025 08:16:16.348,0.088534,15-Feb-2025 08:16:16.348,9.848858
15-Feb-2025 08:16:16.368,0.141177,15-Feb-2025 08:16:16.368,0.078963,15-Feb-2025 08:16:16.368,9.848858
15-Feb-2025 08:16:16.388,0.145962,15-Feb-2025 08:16:16.388,0.088534,15-Feb-2025 08:16:16.388,9.853643
15-Feb-2025 08:16:16.408,0.131605,15-Feb-2025 08:16:16.408,0.09332,15-Feb-2025 08:16:16.408,9.848858
15-Feb-2025 08:16:16.428,0.136391,15-Feb-2025 08:16:16.428,0.083749,15-Feb-2025 08:16:16.428,9.858429
15-Feb-2025 08:16:16.448,0.136391,15-Feb-2025 08:16:16.448,0.074178,15-Feb-2025 08:16:16.448,9.863214
15-Feb-2025 08:16:16.468,0.131605,15-Feb-2025 08:16:16.468,0.088534,15-Feb-2025 08:16:16.468,9.863214
15-Feb-2025 08:16:16.488,0.136391,15-Feb-2025 08:16:16.488,0.09332,15-Feb-2025 08:16:16.488,9.853643
15-Feb-2025 08:16:16.508,0.145962,15-Feb-2025 08:16:16.508,0.09332,15-Feb-2025 08:16:16.508,9.858429
15-Feb-2025 08:16:16.527,0.145962,15-Feb-2025 08:16:16.527,0.083749,15-Feb-2025 08:16:16.527,9.848858
15-Feb-2025 08:16:16.547,0.145962,15-Feb-2025 08:16:16.547,0.088534,15-Feb-2025 08:16:16.547,9.848858
15-Feb-2025 08:16:16.567,0.145962,15-Feb-2025 08:16:16.567,0.09332,15-Feb-2025 08:16:16.567,9.848858
15-Feb-2025 08:16:16.587,0.145962,15-Feb-2025 08:16:16.587,0.088534,15-Feb-2025 08:16:16.587,9.848858
15-Feb-2025 08:16:16.607,0.136391,15-Feb-2025 08:16:16.607,0.088534,15-Feb-2025 08:16:16.607,9.858429
15-Feb-2025 08:16:16.627,0.136391,15-Feb-2025 08:16:16.627,0.098106,15-Feb-2025 08:16:16.627,9.848858
15-Feb-2025 08:16:16.647,0.145962,15-Feb-2025 08:16:16.647,0.098106,15-Feb-2025 08:16:16.647,9.839287
15-Feb-2025 08:16:16.667,0.131605,15-Feb-2025 08:16:16.667,0.078963,15-Feb-2025 08:16:16.667,9.848858
15-Feb-2025 08:16:16.687,0.141177,15-Feb-2025 08:16:16.687,0.074178,15-Feb-2025 08:16:16.687,9.863214
15-Feb-2025 08:16:16.707,0.160319,15-Feb-2025 08:16:16.707,0.098106,15-Feb-2025 08:16:16.707,9.853643
15-Feb-2025 08:16:16.727,0.131605,15-Feb-2025 08:16:16.727,0.102891,15-Feb-2025 08:16:16.727,9.853643
15-Feb-2025 08:16:16.747,0.141177,15-Feb-2025 08:16:16.747,0.098106,15-Feb-2025 08:16:16.747,9.868599
15-Feb-2025 08:16:16.767,0.150748,15-Feb-2025 08:16:16.767,0.102891,15-Feb-2025 08:16:16.767,9.844072
15-Feb-2025 08:16:16.787,0.136391,15-Feb-2025 08:16:16.787,0.088534,15-Feb-2025 08:16:16.787,9.853643
15-Feb-2025 08:16:16.807,0.141177,15-Feb-2025 08:16:16.807,0.083749,15-Feb-2025 08:16:16.807,9.858429
15-Feb-2025 08:16:16.827,0.145962,15-Feb-2025 08:16:16.827,0.09332,15-Feb-2025 08:16:16.827,9.858429
15-Feb-2025 08:16:16.847,0.136391,15-Feb-2025 08:16:16.847,0.083749,15-Feb-2025 08:16:16.847,9.848858
15-Feb-2025 08:16:16.867,0.160319,15-Feb-2025 08:16:16.867,0.074178,15-Feb-2025 08:16:16.867,9.844072
15-Feb-2025 08:16:16.887,0.145962,15-Feb-2025 08:16:16.887,0.078963,15-Feb-2025 08:16:16.887,9.848858
15-Feb-2025 08:16:16.907,0.12682,15-Feb-2025 08:16:16.907,0.088534,15-Feb-2025 08:16:16.907,9.853643
15-Feb-2025 08:16:16.927,0.136391,15-Feb-2025 08:16:16.927,0.088534,15-Feb-2025 08:16:16.927,9.858429
15-Feb-2025 08:16:16.947,0.136391,15-Feb-2025 08:16:16.947,0.098106,15-Feb-2025 08:16:16.947,9.858429
15-Feb-2025 08:16:16.967,0.150748,15-Feb-2025 08:16:16.967,0.09332,15-Feb-2025 08:16:16.967,9.844072
15-Feb-2025 08:16:16.987,0.141177,15-Feb-2025 08:16:16.987,0.078963,15-Feb-2025 08:16:16.987,9.858429
15-Feb-2025 08:16:17.007,0.141177,15-Feb-2025 08:16:17.007,0.078963,15-Feb-2025 08:16:17.007,9.858429
15-Feb-2025 08:16:17.027,0.141177,15-Feb-2025 08:16:17.027,0.09332,15-Feb-2025 08:16:17.027,9.853643
15-Feb-2025 08:16:17.047,0.141177,15-Feb-2025 08:16:17.047,0.088534,15-Feb-2025 08:16:17.047,9.858429
15-Feb-2025 08:16:17.067,0.131605,15-Feb-2025 08:16:17.067,0.09332,15-Feb-2025 08:16:17.067,9.858429
15-Feb-2025 08:16:17.087,0.141177,15-Feb-2025 08:16:17.087,0.074178,15-Feb-2025 08:16:17.087,9.839287
15-Feb-2025 08:16:17.107,0.136391,15-Feb-2025 08:16:17.107,0.088534,15-Feb-2025 08:16:17.107,9.853643
15-Feb-2025 08:16:17.127,0.131605,15-Feb-2025 08:16:17.127,0.083749,15-Feb-2025 08:16:17.127,9.858429
15-Feb-2025 08:16:17.147,0.141177,15-Feb-2025 08:16:17.147,0.083749,15-Feb-2025 08:16:17.147,9.848858
15-Feb-2025 08:16:17.167,0.145962,15-Feb-2025 08:16:17.167,0.088534,15-Feb-2025 08:16:17.167,9.853643
15-Feb-2025 08:16:17.187,0.141177,15-Feb-2025 08:16:17.187,0.098106,15-Feb-2025 08:16:17.187,9.858429
15-Feb-2025 08:16:17.207,0.122034,15-Feb-2025 08:16:17.207,0.09332,15-Feb-2025 08:16:17.207,9.858429
15-Feb-2025 08:16:17.227,0.136391,15-Feb-2025 08:16:17.227,0.078963,15-Feb-2025 08:16:17.227,9.853643
15-Feb-2025 08:16:17.247,0.141177,15-Feb-2025 08:16:17.247,0.078963,15-Feb-2025 08:16:17.247,9.858429
15-Feb-2025 08:16:17.267,0.136391,15-Feb-2025 08:16:17.267,0.088534,15-Feb-2025 08:16:17.267,9.853643
15-Feb-2025 08:16:17.287,0.150748,15-Feb-2025 08:16:17.287,0.088534,15-Feb-2025 08:16:17.287,9.853643
15-Feb-2025 08:16:17.307,0.131605,15-Feb-2025 08:16:17.307,0.088534,15-Feb-2025 08:16:17.307,9.858429
15-Feb-2025 08:16:17.327,0.141177,15-Feb-2025 08:16:17.327,0.088534,15-Feb-2025 08:16:17.327,9.853643
15-Feb-2025 08:16:17.347,0.136391,15-Feb-2025 08:16:17.347,0.098106,15-Feb-2025 08:16:17.347,9.839287
15-Feb-2025 08:16:17.367,0.150748,15-Feb-2025 08:16:17.367,0.088534,15-Feb-2025 08:16:17.367,9.853643
15-Feb-2025 08:16:17.387,0.136391,15-Feb-2025 08:16:17.387,0.09332,15-Feb-2025 08:16:17.387,9.853643
15-Feb-2025 08:16:17.407,0.136391,15-Feb-2025 08:16:17.407,0.083749,15-Feb-2025 08:16:17.407,9.848858
15-Feb-2025 08:16:17.427,0.141177,15-Feb-2025 08:16:17.427,0.074178,15-Feb-2025 08:16:17.427,9.863214
15-Feb-2025 08:16:17.446,0.136391,15-Feb-2025 08:16:17.446,0.09332,15-Feb-2025 08:16:17.446,9.848858
15-Feb-2025 08:16:17.467,0.131605,15-Feb-2025 08:16:17.467,0.083749,15-Feb-2025 08:16:17.467,9.848858
15-Feb-2025 08:16:17.487,0.131605,15-Feb-2025 08:16:17.487,0.088534,15-Feb-2025 08:16:17.487,9.858429
15-Feb-2025 08:16:17.507,0.141177,15-Feb-2025 08:16:17.507,0.09332,15-Feb-2025 08:16:17.507,9.863214
15-Feb-2025 08:16:17.527,0.155533,15-Feb-2025 08:16:17.527,0.098106,15-Feb-2025 08:16:17.527,9.858429
15-Feb-2025 08:16:17.547,0.141177,15-Feb-2025 08:16:17.547,0.083749,15-Feb-2025 08:16:17.547,9.848858
15-Feb-2025 08:16:17.567,0.136391,15-Feb-2025 08:16:17.567,0.083749,15-Feb-2025 08:16:17.567,9.848858
15-Feb-2025 08:16:17.587,0.131605,15-Feb-2025 08:16:17.587,0.088534,15-Feb-2025 08:16:17.587,9.848858
15-Feb-2025 08:16:17.607,0.136391,15-Feb-2025 08:16:17.607,0.074178,15-Feb-2025 08:16:17.607,9.853643
15-Feb-2025 08:16:17.627,0.141177,15-Feb-2025 08:16:17.627,0.074178,15-Feb-2025 08:16:17.627,9.848858
15-Feb-2025 08:16:17.647,0.145962,15-Feb-2025 08:16:17.647,0.083749,15-Feb-2025 08:16:17.647,9.853643
15-Feb-2025 08:16:17.667,0.136391,15-Feb-2025 08:16:17.667,0.083749,15-Feb-2025 08:16:17.667,9.848858
15-Feb-2025 08:16:17.687,0.12682,15-Feb-2025 08:16:17.687,0.088534,15-Feb-2025 08:16:17.687,9.858429
15-Feb-2025 08:16:17.707,0.141177,15-Feb-2025 08:16:17.707,0.083749,15-Feb-2025 08:16:17.707,9.853643
15-Feb-2025 08:16:17.726,0.136391,15-Feb-2025 08:16:17.726,0.088534,15-Feb-2025 08:16:17.726,9.853643
15-Feb-2025 08:16:17.746,0.141177,15-Feb-2025 08:16:17.746,0.078963,15-Feb-2025 08:16:17.746,9.858429
15-Feb-2025 08:16:17.766,0.145962,15-Feb-2025 08:16:17.766,0.083749,15-Feb-2025 08:16:17.766,9.858429
15-Feb-2025 08:16:17.786,0.145962,15-Feb-2025 08:16:17.786,0.088534,15-Feb-2025 08:16:17.786,9.848858
15-Feb-2025 08:16:17.806,0.141177,15-Feb-2025 08:16:17.806,0.083749,15-Feb-2025 08:16:17.806,9.863214
15-Feb-2025 08:16:17.826,0.131605,15-Feb-2025 08:16:17.826,0.078963,15-Feb-2025 08:16:17.826,9.853643
15-Feb-2025 08:16:17.846,0.131605,15-Feb-2025 08:16:17.846,0.083749,15-Feb-2025 08:16:17.846,9.858429
15-Feb-2025 08:16:17.866,0.136391,15-Feb-2025 08:16:17.866,0.088534,15-Feb-2025 08:16:17.866,9.853643
15-Feb-2025 08:16:17.886,0.131605,15-Feb-2025 08:16:17.886,0.088534,15-Feb-2025 08:16:17.886,9.868599
15-Feb-2025 08:16:17.906,0.145962,15-Feb-2025 08:16:17.906,0.09332,15-Feb-2025 08:16:17.906,9.853643
15-Feb-2025 08:16:17.926,0.136391,15-Feb-2025 08:16:17.926,0.098106,15-Feb-2025 08:16:17.926,9.858429
15-Feb-2025 08:16:17.946,0.141177,15-Feb-2025 08:16:17.946,0.078963,15-Feb-2025 08:16:17.946,9.853643
15-Feb-2025 08:16:17.966,0.141177,15-Feb-2025 08:16:17.966,0.088534,15-Feb-2025 08:16:17.966,9.848858
15-Feb-2025 08:16:17.986,0.141177,15-Feb-2025 08:16:17.986,0.083749,15-Feb-2025 08:16:17.986,9.839287
15-Feb-2025 08:16:18.006,0.131605,15-Feb-2025 08:16:18.006,0.09332,15-Feb-2025 08:16:18.006,9.858429
15-Feb-2025 08:16:18.026,0.136391,15-Feb-2025 08:16:18.026,0.083749,15-Feb-2025 08:16:18.026,9.858429
15-Feb-2025 08:16:18.046,0.141177,15-Feb-2025 08:16:18.046,0.088534,15-Feb-2025 08:16:18.046,9.839287
15-Feb-2025 08:16:18.066,0.150748,15-Feb-2025 08:16:18.066,0.088534,15-Feb-2025 08:16:18.066,9.839287
15-Feb-2025 08:16:18.086,0.155533,15-Feb-2025 08:16:18.086,0.09332,15-Feb-2025 08:16:18.086,9.848858
15-Feb-2025 08:16:18.106,0.141177,15-Feb-2025 08:16:18.106,0.083749,15-Feb-2025 08:16:18.106,9.858429
15-Feb-2025 08:16:18.126,0.131605,15-Feb-2025 08:16:18.126,0.078963,15-Feb-2025 08:16:18.126,9.848858
15-Feb-2025 08:16:18.146,0.145962,15-Feb-2025 08:16:18.146,0.09332,15-Feb-2025 08:16:18.146,9.853643
15-Feb-2025 08:16:18.166,0.145962,15-Feb-2025 08:16:18.166,0.088534,15-Feb-2025 08:16:18.166,9.853643
15-Feb-2025 08:16:18.186,0.145962,15-Feb-2025 08:16:18.186,0.088534,15-Feb-2025 08:16:18.186,9.848858
15-Feb-2025 08:16:18.206,0.136391,15-Feb-2025 08:16:18.206,0.074178,15-Feb-2025 08:16:18.206,9.839287
15-Feb-2025 08:16:18.226,0.131605,15-Feb-2025 08:16:18.226,0.088534,15-Feb-2025 08:16:18.226,9.858429
15-Feb-2025 08:16:18.246,0.160319,15-Feb-2025 08:16:18.246,0.088534,15-Feb-2025 08:16:18.246,9.858429
15-Feb-2025 08:16:18.266,0.141177,15-Feb-2025 08:16:18.266,0.088534,15-Feb-2025 08:16:18.266,9.848858
15-Feb-2025 08:16:18.286,0.141177,15-Feb-2025 08:16:18.286,0.088534,15-Feb-2025 08:16:18.286,9.848858
15-Feb-2025 08:16:18.306,0.145962,15-Feb-2025 08:16:18.306,0.069392,15-Feb-2025 08:16:18.306,9.858429
15-Feb-2025 08:16:18.326,0.131605,15-Feb-2025 08:16:18.326,0.074178,15-Feb-2025 08:16:18.326,9.863214
15-Feb-2025 08:16:18.346,0.136391,15-Feb-2025 08:16:18.346,0.083749,15-Feb-2025 08:16:18.346,9.853643
15-Feb-2025 08:16:18.366,0.150748,15-Feb-2025 08:16:18.366,0.088534,15-Feb-2025 08:16:18.366,9.848858
15-Feb-2025 08:16:18.386,0.136391,15-Feb-2025 08:16:18.386,0.09332,15-Feb-2025 08:16:18.386,9.853643
15-Feb-2025 08:16:18.406,0.12682,15-Feb-2025 08:16:18.406,0.083749,15-Feb-2025 08:16:18.406,9.853643
15-Feb-2025 08:16:18.426,0.131605,15-Feb-2025 08:16:18.426,0.078963,15-Feb-2025 08:16:18.426,9.858429
15-Feb-2025 08:16:18.446,0.141177,15-Feb-2025 08:16:18.446,0.083749,15-Feb-2025 08:16:18.446,9.858429
15-Feb-2025 08:16:18.466,0.131605,15-Feb-2025 08:16:18.466,0.09332,15-Feb-2025 08:16:18.466,9.848858
15-Feb-2025 08:16:18.486,0.131605,15-Feb-2025 08:16:18.486,0.098106,15-Feb-2025 08:16:18.486,9.863214
15-Feb-2025 08:16:18.506,0.141177,15-Feb-2025 08:16:18.506,0.078963,15-Feb-2025 08:16:18.506,9.863214
15-Feb-2025 08:16:18.526,0.150748,15-Feb-2025 08:16:18.526,0.09332,15-Feb-2025 08:16:18.526,9.844072
15-Feb-2025 08:16:18.546,0.131605,15-Feb-2025 08:16:18.546,0.09332,15-Feb-2025 08:16:18.546,9.858429
15-Feb-2025 08:16:18.566,0.141177,15-Feb-2025 08:16:18.566,0.088534,15-Feb-2025 08:16:18.566,9.858429
15-Feb-2025 08:16:18.586,0.131605,15-Feb-2025 08:16:18.586,0.088534,15-Feb-2025 08:16:18.586,9.858429
15-Feb-2025 08:16:18.606,0.131605,15-Feb-2025 08:16:18.606,0.098106,15-Feb-2025 08:16:18.606,9.848858
15-Feb-2025 08:16:18.626,0.136391,15-Feb-2025 08:16:18.626,0.088534,15-Feb-2025 08:16:18.626,9.858429
15-Feb-2025 08:16:18.646,0.150748,15-Feb-2025 08:16:18.646,0.078963,15-Feb-2025 08:16:18.646,9.853643
15-Feb-2025 08:16:18.666,0.150748,15-Feb-2025 08:16:18.666,0.078963,15-Feb-2025 08:16:18.666,9.848858
15-Feb-2025 08:16:18.686,0.122034,15-Feb-2025 08:16:18.686,0.088534,15-Feb-2025 08:16:18.686,9.839287
15-Feb-2025 08:16:18.706,0.131605,15-Feb-2025 08:16:18.706,0.09332,15-Feb-2025 08:16:18.706,9.848858
15-Feb-2025 08:16:18.726,0.136391,15-Feb-2025 08:16:18.726,0.083749,15-Feb-2025 08:16:18.726,9.853643
15-Feb-2025 08:16:18.746,0.145962,15-Feb-2025 08:16:18.746,0.078963,15-Feb-2025 08:16:18.746,9.853643
15-Feb-2025 08:16:18.766,0.155533,15-Feb-2025 08:16:18.766,0.088534,15-Feb-2025 08:16:18.766,9.858429
15-Feb-2025 08:16:18.786,0.141177,15-Feb-2025 08:16:18.786,0.098106,15-Feb-2025 08:16:18.786,9.853643
15-Feb-2025 08:16:18.806,0.145962,15-Feb-2025 08:16:18.806,0.083749,15-Feb-2025 08:16:18.806,9.848858
15-Feb-2025 08:16:18.826,0.145962,15-Feb-2025 08:16:18.826,0.09332,15-Feb-2025 08:16:18.826,9.848858
15-Feb-2025 08:16:18.845,0.136391,15-Feb-2025 08:16:18.845,0.09332,15-Feb-2025 08:16:18.845,9.863214
15-Feb-2025 08:16:18.865,0.141177,15-Feb-2025 08:16:18.865,0.102891,15-Feb-2025 08:16:18.865,9.853643
15-Feb-2025 08:16:18.885,0.141177,15-Feb-2025 08:16:18.885,0.088534,15-Feb-2025 08:16:18.885,9.848858
15-Feb-2025 08:16:18.905,0.145962,15-Feb-2025 08:16:18.905,0.078963,15-Feb-2025 08:16:18.905,9.858429
15-Feb-2025 08:16:18.925,0.145962,15-Feb-2025 08:16:18.925,0.083749,15-Feb-2025 08:16:18.925,9.858429
15-Feb-2025 08:16:18.945,0.136391,15-Feb-2025 08:16:18.945,0.098106,15-Feb-2025 08:16:18.945,9.848858
15-Feb-2025 08:16:18.965,0.12682,15-Feb-2025 08:16:18.965,0.088534,15-Feb-2025 08:16:18.965,9.848858
15-Feb-2025 08:16:18.985,0.131605,15-Feb-2025 08:16:18.985,0.083749,15-Feb-2025 08:16:18.985,9.848858
15-Feb-2025 08:16:19.005,0.145962,15-Feb-2025 08:16:19.005,0.074178,15-Feb-2025 08:16:19.005,9.853643
15-Feb-2025 08:16:19.025,0.136391,15-Feb-2025 08:16:19.025,0.09332,15-Feb-2025 08:16:19.025,9.853643
15-Feb-2025 08:16:19.045,0.136391,15-Feb-2025 08:16:19.045,0.088534,15-Feb-2025 08:16:19.045,9.853643
15-Feb-2025 08:16:19.065,0.141177,15-Feb-2025 08:16:19.065,0.083749,15-Feb-2025 08:16:19.065,9.858429
15-Feb-2025 08:16:19.085,0.12682,15-Feb-2025 08:16:19.085,0.09332,15-Feb-2025 08:16:19.085,9.853643
15-Feb-2025 08:16:19.105,0.150748,15-Feb-2025 08:16:19.105,0.09332,15-Feb-2025 08:16:19.105,9.848858
15-Feb-2025 08:16:19.125,0.150748,15-Feb-2025 08:16:19.125,0.088534,15-Feb-2025 08:16:19.125,9.848858
15-Feb-2025 08:16:19.145,0.141177,15-Feb-2025 08:16:19.145,0.098106,15-Feb-2025 08:16:19.145,9.848858
15-Feb-2025 08:16:19.165,0.131605,15-Feb-2025 08:16:19.165,0.088534,15-Feb-2025 08:16:19.165,9.853643
15-Feb-2025 08:16:19.185,0.141177,15-Feb-2025 08:16:19.185,0.074178,15-Feb-2025 08:16:19.185,9.848858
15-Feb-2025 08:16:19.205,0.145962,15-Feb-2025 08:16:19.205,0.09332,15-Feb-2025 08:16:19.205,9.839287
15-Feb-2025 08:16:19.225,0.145962,15-Feb-2025 08:16:19.225,0.078963,15-Feb-2025 08:16:19.225,9.863214
15-Feb-2025 08:16:19.245,0.131605,15-Feb-2025 08:16:19.245,0.088534,15-Feb-2025 08:16:19.245,9.858429
15-Feb-2025 08:16:19.265,0.141177,15-Feb-2025 08:16:19.265,0.098106,15-Feb-2025 08:16:19.265,9.863214
15-Feb-2025 08:16:19.285,0.141177,15-Feb-2025 08:16:19.285,0.088534,15-Feb-2025 08:16:19.285,9.863214
15-Feb-2025 08:16:19.305,0.145962,15-Feb-2025 08:16:19.305,0.088534,15-Feb-2025 08:16:19.305,9.853643
15-Feb-2025 08:16:19.325,0.131605,15-Feb-2025 08:16:19.325,0.09332,15-Feb-2025 08:16:19.325,9.848858
15-Feb-2025 08:16:19.345,0.150748,15-Feb-2025 08:16:19.345,0.09332,15-Feb-2025 08:16:19.345,9.853643
15-Feb-2025 08:16:19.365,0.150748,15-Feb-2025 08:16:19.365,0.09332,15-Feb-2025 08:16:19.365,9.853643
15-Feb-2025 08:16:19.385,0.136391,15-Feb-2025 08:16:19.385,0.078963,15-Feb-2025 08:16:19.385,9.868599
15-Feb-2025 08:16:19.405,0.145962,15-Feb-2025 08:16:19.405,0.102891,15-Feb-2025 08:16:19.405,9.858429
15-Feb-2025 08:16:19.425,0.145962,15-Feb-2025 08:16:19.425,0.088534,15-Feb-2025 08:16:19.425,9.853643
15-Feb-2025 08:16:19.445,0.145962,15-Feb-2025 08:16:19.445,0.078963,15-Feb-2025 08:16:19.445,9.858429
15-Feb-2025 08:16:19.465,0.136391,15-Feb-2025 08:16:19.465,0.088534,15-Feb-2025 08:16:19.465,9.868599
15-Feb-2025 08:16:19.485,0.141177,15-Feb-2025 08:16:19.485,0.098106,15-Feb-2025 08:16:19.485,9.848858
15-Feb-2025 08:16:19.505,0.131605,15-Feb-2025 08:16:19.505,0.083749,15-Feb-2025 08:16:19.505,9.853643
15-Feb-2025 08:16:19.525,0.141177,15-Feb-2025 08:16:19.525,0.078963,15-Feb-2025 08:16:19.525,9.858429
15-Feb-2025 08:16:19.545,0.145962,15-Feb-2025 08:16:19.545,0.083749,15-Feb-2025 08:16:19.545,9.848858
15-Feb-2025 08:16:19.565,0.141177,15-Feb-2025 08:16:19.565,0.074178,15-Feb-2025 08:16:19.565,9.853643
15-Feb-2025 08:16:19.585,0.136391,15-Feb-2025 08:16:19.585,0.098106,15-Feb-2025 08:16:19.585,9.853643
15-Feb-2025 08:16:19.605,0.131605,15-Feb-2025 08:16:19.605,0.083749,15-Feb-2025 08:16:19.605,9.853643
15-Feb-2025 08:16:19.625,0.136391,15-Feb-2025 08:16:19.625,0.083749,15-Feb-2025 08:16:19.625,9.858429
15-Feb-2025 08:16:19.645,0.145962,15-Feb-2025 08:16:19.645,0.088534,15-Feb-2025 08:16:19.645,9.863214
15-Feb-2025 08:16:19.665,0.141177,15-Feb-2025 08:16:19.665,0.083749,15-Feb-2025 08:16:19.665,9.848858
15-Feb-2025 08:16:19.685,0.141177,15-Feb-2025 08:16:19.685,0.083749,15-Feb-2025 08:16:19.685,9.853643
15-Feb-2025 08:16:19.705,0.150748,15-Feb-2025 08:16:19.705,0.078963,15-Feb-2025 08:16:19.705,9.858429
15-Feb-2025 08:16:19.725,0.145962,15-Feb-2025 08:16:19.725,0.083749,15-Feb-2025 08:16:19.725,9.848858
15-Feb-2025 08:16:19.745,0.141177,15-Feb-2025 08:16:19.745,0.088534,15-Feb-2025 08:16:19.745,9.853643
15-Feb-2025 08:16:19.765,0.141177,15-Feb-2025 08:16:19.765,0.083749,15-Feb-2025 08:16:19.765,9.863214
15-Feb-2025 08:16:19.785,0.136391,15-Feb-2025 08:16:19.785,0.083749,15-Feb-2025 08:16:19.785,9.858429
15-Feb-2025 08:16:19.805,0.141177,15-Feb-2025 08:16:19.805,0.088534,15-Feb-2025 08:16:19.805,9.848858
15-Feb-2025 08:16:19.825,0.141177,15-Feb-2025 08:16:19.825,0.083749,15-Feb-2025 08:16:19.825,9.848858
15-Feb-2025 08:16:19.845,0.145962,15-Feb-2025 08:16:19.845,0.074178,15-Feb-2025 08:16:19.845,9.839287
15-Feb-2025 08:16:19.865,0.150748,15-Feb-2025 08:16:19.865,0.074178,15-Feb-2025 08:16:19.865,9.848858
15-Feb-2025 08:16:19.885,0.141177,15-Feb-2025 08:16:19.885,0.088534,15-Feb-2025 08:16:19.885,9.848858
15-Feb-2025 08:16:19.905,0.136391,15-Feb-2025 08:16:19.905,0.088534,15-Feb-2025 08:16:19.905,9.858429
15-Feb-2025 08:16:19.925,0.136391,15-Feb-2025 08:16:19.925,0.098106,15-Feb-2025 08:16:19.925,9.853643
15-Feb-2025 08:16:19.945,0.145962,15-Feb-2025 08:16:19.945,0.088534,15-Feb-2025 08:16:19.945,9.858429
15-Feb-2025 08:16:19.964,0.136391,15-Feb-2025 08:16:19.964,0.09332,15-Feb-2025 08:16:19.964,9.858429
15-Feb-2025 08:16:19.984,0.136391,15-Feb-2025 08:16:19.984,0.083749,15-Feb-2025 08:16:19.984,9.868599
15-Feb-2025 08:16:20.004,0.131605,15-Feb-2025 08:16:20.004,0.088534,15-Feb-2025 08:16:20.004,9.853643
15-Feb-2025 08:16:20.024,0.141177,15-Feb-2025 08:16:20.024,0.098106,15-Feb-2025 08:16:20.024,9.858429
15-Feb-2025 08:16:20.044,0.141177,15-Feb-2025 08:16:20.044,0.09332,15-Feb-2025 08:16:20.044,9.863214
15-Feb-2025 08:16:20.064,0.136391,15-Feb-2025 08:16:20.064,0.09332,15-Feb-2025 08:16:20.064,9.853643
15-Feb-2025 08:16:20.084,0.131605,15-Feb-2025 08:16:20.084,0.09332,15-Feb-2025 08:16:20.084,9.853643
15-Feb-2025 08:16:20.104,0.136391,15-Feb-2025 08:16:20.104,0.083749,15-Feb-2025 08:16:20.104,9.848858
15-Feb-2025 08:16:20.124,0.136391,15-Feb-2025 08:16:20.124,0.078963,15-Feb-2025 08:16:20.124,9.853643
15-Feb-2025 08:16:20.144,0.145962,15-Feb-2025 08:16:20.144,0.083749,15-Feb-2025 08:16:20.144,9.858429
15-Feb-2025 08:16:20.164,0.145962,15-Feb-2025 08:16:20.164,0.083749,15-Feb-2025 08:16:20.164,9.853643
15-Feb-2025 08:16:20.184,0.145962,15-Feb-2025 08:16:20.184,0.088534,15-Feb-2025 08:16:20.184,9.858429
15-Feb-2025 08:16:20.204,0.12682,15-Feb-2025 08:16:20.204,0.098106,15-Feb-2025 08:16:20.204,9.853643
15-Feb-2025 08:16:20.224,0.122034,15-Feb-2025 08:16:20.224,0.088534,15-Feb-2025 08:16:20.224,9.863214
15-Feb-2025 08:16:20.244,0.136391,15-Feb-2025 08:16:20.244,0.083749,15-Feb-2025 08:16:20.244,9.863214
15-Feb-2025 08:16:20.264,0.136391,15-Feb-2025 08:16:20.264,0.078963,15-Feb-2025 08:16:20.264,9.863214
15-Feb-2025 08:16:20.284,0.12682,15-Feb-2025 08:16:20.284,0.088534,15-Feb-2025 08:16:20.284,9.863214
15-Feb-2025 08:16:20.304,0.141177,15-Feb-2025 08:16:20.304,0.083749,15-Feb-2025 08:16:20.304,9.853643
15-Feb-2025 08:16:20.324,0.155533,15-Feb-2025 08:16:20.324,0.078963,15-Feb-2025 08:16:20.324,9.848858
15-Feb-2025 08:16:20.344,0.12682,15-Feb-2025 08:16:20.344,0.083749,15-Feb-2025 08:16:20.344,9.853643
15-Feb-2025 08:16:20.364,0.131605,15-Feb-2025 08:16:20.364,0.088534,15-Feb-2025 08:16:20.364,9.858429
15-Feb-2025 08:16:20.384,0.122034,15-Feb-2025 08:16:20.384,0.083749,15-Feb-2025 08:16:20.384,9.853643
15-Feb-2025 08:16:20.404,0.12682,15-Feb-2025 08:16:20.404,0.083749,15-Feb-2025 08:16:20.404,9.853643
15-Feb-2025 08:16:20.424,0.150748,15-Feb-2025 08:16:20.424,0.083749,15-Feb-2025 08:16:20.424,9.853643
15-Feb-2025 08:16:20.444,0.136391,15-Feb-2025 08:16:20.444,0.078963,15-Feb-2025 08:16:20.444,9.853643
15-Feb-2025 08:16:20.464,0.145962,15-Feb-2025 08:16:20.464,0.083749,15-Feb-2025 08:16:20.464,9.868599
15-Feb-2025 08:16:20.484,0.131605,15-Feb-2025 08:16:20.484,0.083749,15-Feb-2025 08:16:20.484,9.858429
15-Feb-2025 08:16:20.504,0.12682,15-Feb-2025 08:16:20.504,0.098106,15-Feb-2025 08:16:20.504,9.858429
15-Feb-2025 08:16:20.524,0.141177,15-Feb-2025 08:16:20.524,0.083749,15-Feb-2025 08:16:20.524,9.853643
15-Feb-2025 08:16:20.544,0.141177,15-Feb-2025 08:16:20.544,0.074178,15-Feb-2025 08:16:20.544,9.848858
15-Feb-2025 08:16:20.564,0.136391,15-Feb-2025 08:16:20.564,0.098106,15-Feb-2025 08:16:20.564,9.863214
15-Feb-2025 08:16:20.584,0.122034,15-Feb-2025 08:16:20.584,0.09332,15-Feb-2025 08:16:20.584,9.848858
15-Feb-2025 08:16:20.604,0.131605,15-Feb-2025 08:16:20.604,0.09332,15-Feb-2025 08:16:20.604,9.853643
15-Feb-2025 08:16:20.624,0.141177,15-Feb-2025 08:16:20.624,0.078963,15-Feb-2025 08:16:20.624,9.858429
15-Feb-2025 08:16:20.644,0.117248,15-Feb-2025 08:16:20.644,0.083749,15-Feb-2025 08:16:20.644,9.839287
15-Feb-2025 08:16:20.664,0.136391,15-Feb-2025 08:16:20.664,0.098106,15-Feb-2025 08:16:20.664,9.848858
15-Feb-2025 08:16:20.684,0.131605,15-Feb-2025 08:16:20.684,0.078963,15-Feb-2025 08:16:20.684,9.863214
15-Feb-2025 08:16:20.704,0.136391,15-Feb-2025 08:16:20.704,0.074178,15-Feb-2025 08:16:20.704,9.863214
15-Feb-2025 08:16:20.724,0.150748,15-Feb-2025 08:16:20.724,0.09332,15-Feb-2025 08:16:20.724,9.853643
15-Feb-2025 08:16:20.744,0.145962,15-Feb-2025 08:16:20.744,0.102891,15-Feb-2025 08:16:20.744,9.858429
15-Feb-2025 08:16:20.764,0.141177,15-Feb-2025 08:16:20.764,0.09332,15-Feb-2025 08:16:20.764,9.858429
15-Feb-2025 08:16:20.784,0.12682,15-Feb-2025 08:16:20.784,0.083749,15-Feb-2025 08:16:20.784,9.848858
15-Feb-2025 08:16:20.804,0.131605,15-Feb-2025 08:16:20.804,0.09332,15-Feb-2025 08:16:20.804,9.858429
15-Feb-2025 08:16:20.824,0.145962,15-Feb-2025 08:16:20.824,0.083749,15-Feb-2025 08:16:20.824,9.848858
15-Feb-2025 08:16:20.844,0.145962,15-Feb-2025 08:16:20.844,0.083749,15-Feb-2025 08:16:20.844,9.853643
15-Feb-2025 08:16:20.864,0.141177,15-Feb-2025 08:16:20.864,0.083749,15-Feb-2025 08:16:20.864,9.848858
15-Feb-2025 08:16:20.884,0.12682,15-Feb-2025 08:16:20.884,0.078963,15-Feb-2025 08:16:20.884,9.853643
15-Feb-2025 08:16:20.904,0.131605,15-Feb-2025 08:16:20.904,0.088534,15-Feb-2025 08:16:20.904,9.848858
15-Feb-2025 08:16:20.924,0.141177,15-Feb-2025 08:16:20.924,0.09332,15-Feb-2025 08:16:20.924,9.848858
15-Feb-2025 08:16:20.944,0.131605,15-Feb-2025 08:16:20.944,0.083749,15-Feb-2025 08:16:20.944,9.858429
15-Feb-2025 08:16:20.964,0.136391,15-Feb-2025 08:16:20.964,0.088534,15-Feb-2025 08:16:20.964,9.858429
15-Feb-2025 08:16:20.984,0.136391,15-Feb-2025 08:16:20.984,0.09332,15-Feb-2025 08:16:20.984,9.848858
15-Feb-2025 08:16:21.004,0.141177,15-Feb-2025 08:16:21.004,0.09332,15-Feb-2025 08:16:21.004,9.863214
15-Feb-2025 08:16:21.024,0.131605,15-Feb-2025 08:16:21.024,0.09332,15-Feb-2025 08:16:21.024,9.858429
15-Feb-2025 08:16:21.043,0.141177,15-Feb-2025 08:16:21.043,0.09332,15-Feb-2025 08:16:21.043,9.844072
15-Feb-2025 08:16:21.063,0.136391,15-Feb-2025 08:16:21.063,0.098106,15-Feb-2025 08:16:21.063,9.848858
15-Feb-2025 08:16:21.083,0.117248,15-Feb-2025 08:16:21.083,0.098106,15-Feb-2025 08:16:21.083,9.848858
15-Feb-2025 08:16:21.103,0.131605,15-Feb-2025 08:16:21.103,0.083749,15-Feb-2025 08:16:21.103,9.863214
15-Feb-2025 08:16:21.123,0.136391,15-Feb-2025 08:16:21.123,0.083749,15-Feb-2025 08:16:21.123,9.863214
15-Feb-2025 08:16:21.143,0.131605,15-Feb-2025 08:16:21.143,0.088534,15-Feb-2025 08:16:21.143,9.853643
15-Feb-2025 08:16:21.163,0.136391,15-Feb-2025 08:16:21.163,0.078963,15-Feb-2025 08:16:21.163,9.848858
15-Feb-2025 08:16:21.183,0.136391,15-Feb-2025 08:16:21.183,0.088534,15-Feb-2025 08:16:21.183,9.848858
15-Feb-2025 08:16:21.203,0.141177,15-Feb-2025 08:16:21.203,0.09332,15-Feb-2025 08:16:21.203,9.873384
15-Feb-2025 08:16:21.223,0.141177,15-Feb-2025 08:16:21.223,0.078963,15-Feb-2025 08:16:21.223,9.853643
15-Feb-2025 08:16:21.243,0.150748,15-Feb-2025 08:16:21.243,0.088534,15-Feb-2025 08:16:21.243,9.839287
15-Feb-2025 08:16:21.263,0.12682,15-Feb-2025 08:16:21.263,0.098106,15-Feb-2025 08:16:21.263,9.844072
15-Feb-2025 08:16:21.283,0.131605,15-Feb-2025 08:16:21.283,0.088534,15-Feb-2025 08:16:21.283,9.853643
15-Feb-2025 08:16:21.303,0.12682,15-Feb-2025 08:16:21.303,0.09332,15-Feb-2025 08:16:21.303,9.858429
15-Feb-2025 08:16:21.322,0.141177,15-Feb-2025 08:16:21.322,0.102891,15-Feb-2025 08:16:21.322,9.853643
15-Feb-2025 08:16:21.343,0.150748,15-Feb-2025 08:16:21.343,0.088534,15-Feb-2025 08:16:21.343,9.848858
15-Feb-2025 08:16:21.363,0.131605,15-Feb-2025 08:16:21.363,0.088534,15-Feb-2025 08:16:21.363,9.853643
15-Feb-2025 08:16:21.383,0.131605,15-Feb-2025 08:16:21.383,0.09332,15-Feb-2025 08:16:21.383,9.844072
15-Feb-2025 08:16:21.403,0.122034,15-Feb-2025 08:16:21.403,0.088534,15-Feb-2025 08:16:21.403,9.853643
15-Feb-2025 08:16:21.423,0.131605,15-Feb-2025 08:16:21.423,0.088534,15-Feb-2025 08:16:21.423,9.853643
15-Feb-2025 08:16:21.443,0.131605,15-Feb-2025 08:16:21.443,0.09332,15-Feb-2025 08:16:21.443,9.863214
15-Feb-2025 08:16:21.463,0.12682,15-Feb-2025 08:16:21.463,0.088534,15-Feb-2025 08:16:21.463,9.858429
15-Feb-2025 08:16:21.483,0.145962,15-Feb-2025 08:16:21.483,0.088534,15-Feb-2025 08:16:21.483,9.844072
15-Feb-2025 08:16:21.503,0.150748,15-Feb-2025 08:16:21.503,0.088534,15-Feb-2025 08:16:21.503,9.858429
15-Feb-2025 08:16:21.523,0.12682,15-Feb-2025 08:16:21.523,0.088534,15-Feb-2025 08:16:21.523,9.844072
15-Feb-2025 08:16:21.543,0.122034,15-Feb-2025 08:16:21.543,0.069392,15-Feb-2025 08:16:21.543,9.858429
15-Feb-2025 08:16:21.563,0.131605,15-Feb-2025 08:16:21.563,0.078963,15-Feb-2025 08:16:21.563,9.858429
15-Feb-2025 08:16:21.583,0.131605,15-Feb-2025 08:16:21.583,0.09332,15-Feb-2025 08:16:21.583,9.858429
15-Feb-2025 08:16:21.603,0.136391,15-Feb-2025 08:16:21.603,0.09332,15-Feb-2025 08:16:21.603,9.848858
15-Feb-2025 08:16:21.623,0.122034,15-Feb-2025 08:16:21.623,0.088534,15-Feb-2025 08:16:21.623,9.853643
15-Feb-2025 08:16:21.643,0.136391,15-Feb-2025 08:16:21.643,0.074178,15-Feb-2025 08:16:21.643,9.853643
15-Feb-2025 08:16:21.663,0.150748,15-Feb-2025 08:16:21.663,0.078963,15-Feb-2025 08:16:21.663,9.858429
15-Feb-2025 08:16:21.683,0.145962,15-Feb-2025 08:16:21.683,0.098106,15-Feb-2025 08:16:21.683,9.839287
15-Feb-2025 08:16:21.703,0.141177,15-Feb-2025 08:16:21.703,0.088534,15-Feb-2025 08:16:21.703,9.844072
15-Feb-2025 08:16:21.723,0.141177,15-Feb-2025 08:16:21.723,0.088534,15-Feb-2025 08:16:21.723,9.853643
15-Feb-2025 08:16:21.743,0.136391,15-Feb-2025 08:16:21.743,0.09332,15-Feb-2025 08:16:21.743,9.858429
15-Feb-2025 08:16:21.763,0.145962,15-Feb-2025 08:16:21.763,0.088534,15-Feb-2025 08:16:21.763,9.853643
15-Feb-2025 08:16:21.783,0.141177,15-Feb-2025 08:16:21.783,0.088534,15-Feb-2025 08:16:21.783,9.844072
15-Feb-2025 08:16:21.803,0.136391,15-Feb-2025 08:16:21.803,0.098106,15-Feb-2025 08:16:21.803,9.848858
15-Feb-2025 08:16:21.823,0.131605,15-Feb-2025 08:16:21.823,0.098106,15-Feb-2025 08:16:21.823,9.853643
15-Feb-2025 08:16:21.843,0.145962,15-Feb-2025 08:16:21.843,0.088534,15-Feb-2025 08:16:21.843,9.844072
15-Feb-2025 08:16:21.863,0.136391,15-Feb-2025 08:16:21.863,0.078963,15-Feb-2025 08:16:21.863,9.853643
15-Feb-2025 08:16:21.883,0.131605,15-Feb-2025 08:16:21.883,0.083749,15-Feb-2025 08:16:21.883,9.858429
15-Feb-2025 08:16:21.903,0.12682,15-Feb-2025 08:16:21.903,0.09332,15-Feb-2025 08:16:21.903,9.863214
15-Feb-2025 08:16:21.923,0.150748,15-Feb-2025 08:16:21.923,0.083749,15-Feb-2025 08:16:21.923,9.858429
15-Feb-2025 08:16:21.943,0.150748,15-Feb-2025 08:16:21.943,0.09332,15-Feb-2025 08:16:21.943,9.844072
15-Feb-2025 08:16:21.963,0.131605,15-Feb-2025 08:16:21.963,0.09332,15-Feb-2025 08:16:21.963,9.853643
15-Feb-2025 08:16:21.983,0.145962,15-Feb-2025 08:16:21.983,0.09332,15-Feb-2025 08:16:21.983,9.858429
15-Feb-2025 08:16:22.003,0.145962,15-Feb-2025 08:16:22.003,0.078963,15-Feb-2025 08:16:22.003,9.848858
15-Feb-2025 08:16:22.023,0.12682,15-Feb-2025 08:16:22.023,0.074178,15-Feb-2025 08:16:22.023,9.853643
15-Feb-2025 08:16:22.043,0.136391,15-Feb-2025 08:16:22.043,0.083749,15-Feb-2025 08:16:22.043,9.848858
15-Feb-2025 08:16:22.063,0.136391,15-Feb-2025 08:16:22.063,0.088534,15-Feb-2025 08:16:22.063,9.848858
15-Feb-2025 08:16:22.083,0.12682,15-Feb-2025 08:16:22.083,0.088534,15-Feb-2025 08:16:22.083,9.848858
15-Feb-2025 08:16:22.103,0.141177,15-Feb-2025 08:16:22.103,0.09332,15-Feb-2025 08:16:22.103,9.853643
15-Feb-2025 08:16:22.122,0.136391,15-Feb-2025 08:16:22.122,0.069392,15-Feb-2025 08:16:22.122,9.853643
15-Feb-2025 08:16:22.142,0.145962,15-Feb-2025 08:16:22.142,0.078963,15-Feb-2025 08:16:22.142,9.858429
15-Feb-2025 08:16:22.162,0.145962,15-Feb-2025 08:16:22.162,0.098106,15-Feb-2025 08:16:22.162,9.853643
15-Feb-2025 08:16:22.182,0.145962,15-Feb-2025 08:16:22.182,0.098106,15-Feb-2025 08:16:22.182,9.848858
15-Feb-2025 08:16:22.202,0.12682,15-Feb-2025 08:16:22.202,0.09332,15-Feb-2025 08:16:22.202,9.844072
15-Feb-2025 08:16:22.222,0.136391,15-Feb-2025 08:16:22.222,0.102891,15-Feb-2025 08:16:22.222,9.853643
15-Feb-2025 08:16:22.242,0.12682,15-Feb-2025 08:16:22.242,0.09332,15-Feb-2025 08:16:22.242,9.853643
15-Feb-2025 08:16:22.262,0.12682,15-Feb-2025 08:16:22.262,0.074178,15-Feb-2025 08:16:22.262,9.853643
15-Feb-2025 08:16:22.282,0.131605,15-Feb-2025 08:16:22.282,0.088534,15-Feb-2025 08:16:22.282,9.853643
15-Feb-2025 08:16:22.302,0.12682,15-Feb-2025 08:16:22.302,0.09332,15-Feb-2025 08:16:22.302,9.853643
15-Feb-2025 08:16:22.322,0.141177,15-Feb-2025 08:16:22.322,0.083749,15-Feb-2025 08:16:22.322,9.848858
15-Feb-2025 08:16:22.342,0.145962,15-Feb-2025 08:16:22.342,0.088534,15-Feb-2025 08:16:22.342,9.863214
15-Feb-2025 08:16:22.362,0.12682,15-Feb-2025 08:16:22.362,0.083749,15-Feb-2025 08:16:22.362,9.868599
15-Feb-2025 08:16:22.382,0.12682,15-Feb-2025 08:16:22.382,0.083749,15-Feb-2025 08:16:22.382,9.863214
15-Feb-2025 08:16:22.402,0.131605,15-Feb-2025 08:16:22.402,0.088534,15-Feb-2025 08:16:22.402,9.848858
15-Feb-2025 08:16:22.422,0.122034,15-Feb-2025 08:16:22.422,0.09332,15-Feb-2025 08:16:22.422,9.853643
15-Feb-2025 08:16:22.442,0.117248,15-Feb-2025 08:16:22.442,0.083749,15-Feb-2025 08:16:22.442,9.848858
15-Feb-2025 08:16:22.461,0.131605,15-Feb-2025 08:16:22.461,0.083749,15-Feb-2025 08:16:22.461,9.863214
15-Feb-2025 08:16:22.482,0.150748,15-Feb-2025 08:16:22.482,0.078963,15-Feb-2025 08:16:22.482,9.858429
15-Feb-2025 08:16:22.502,0.145962,15-Feb-2025 08:16:22.502,0.088534,15-Feb-2025 08:16:22.502,9.853643
15-Feb-2025 08:16:22.522,0.145962,15-Feb-2025 08:16:22.522,0.09332,15-Feb-2025 08:16:22.522,9.858429
15-Feb-2025 08:16:22.542,0.131605,15-Feb-2025 08:16:22.542,0.083749,15-Feb-2025 08:16:22.542,9.863214
15-Feb-2025 08:16:22.562,0.141177,15-Feb-2025 08:16:22.562,0.088534,15-Feb-2025 08:16:22.562,9.853643
15-Feb-2025 08:16:22.582,0.141177,15-Feb-2025 08:16:22.582,0.083749,15-Feb-2025 08:16:22.582,9.848858
15-Feb-2025 08:16:22.602,0.145962,15-Feb-2025 08:16:22.602,0.09332,15-Feb-2025 08:16:22.602,9.853643
15-Feb-2025 08:16:22.622,0.122034,15-Feb-2025 08:16:22.622,0.088534,15-Feb-2025 08:16:22.622,9.863214
15-Feb-2025 08:16:22.642,0.136391,15-Feb-2025 08:16:22.642,0.083749,15-Feb-2025 08:16:22.642,9.853643
15-Feb-2025 08:16:22.662,0.136391,15-Feb-2025 08:16:22.662,0.083749,15-Feb-2025 08:16:22.662,9.848858
15-Feb-2025 08:16:22.682,0.145962,15-Feb-2025 08:16:22.682,0.083749,15-Feb-2025 08:16:22.682,9.848858
15-Feb-2025 08:16:22.702,0.141177,15-Feb-2025 08:16:22.702,0.083749,15-Feb-2025 08:16:22.702,9.868599
15-Feb-2025 08:16:22.722,0.145962,15-Feb-2025 08:16:22.722,0.088534,15-Feb-2025 08:16:22.722,9.853643
15-Feb-2025 08:16:22.742,0.150748,15-Feb-2025 08:16:22.742,0.074178,15-Feb-2025 08:16:22.742,9.848858
15-Feb-2025 08:16:22.762,0.136391,15-Feb-2025 08:16:22.762,0.09332,15-Feb-2025 08:16:22.762,9.863214
15-Feb-2025 08:16:22.782,0.131605,15-Feb-2025 08:16:22.782,0.088534,15-Feb-2025 08:16:22.782,9.863214
15-Feb-2025 08:16:22.802,0.136391,15-Feb-2025 08:16:22.802,0.078963,15-Feb-2025 08:16:22.802,9.853643
15-Feb-2025 08:16:22.822,0.136391,15-Feb-2025 08:16:22.822,0.088534,15-Feb-2025 08:16:22.822,9.853643
15-Feb-2025 08:16:22.842,0.12682,15-Feb-2025 08:16:22.842,0.083749,15-Feb-2025 08:16:22.842,9.848858
15-Feb-2025 08:16:22.862,0.150748,15-Feb-2025 08:16:22.862,0.083749,15-Feb-2025 08:16:22.862,9.848858
15-Feb-2025 08:16:22.882,0.131605,15-Feb-2025 08:16:22.882,0.088534,15-Feb-2025 08:16:22.882,9.853643
15-Feb-2025 08:16:22.902,0.145962,15-Feb-2025 08:16:22.902,0.078963,15-Feb-2025 08:16:22.902,9.863214
15-Feb-2025 08:16:22.922,0.136391,15-Feb-2025 08:16:22.922,0.078963,15-Feb-2025 08:16:22.922,9.858429
15-Feb-2025 08:16:22.942,0.12682,15-Feb-2025 08:16:22.942,0.088534,15-Feb-2025 08:16:22.942,9.858429
15-Feb-2025 08:16:22.962,0.136391,15-Feb-2025 08:16:22.962,0.088534,15-Feb-2025 08:16:22.962,9.858429
15-Feb-2025 08:16:22.982,0.150748,15-Feb-2025 08:16:22.982,0.074178,15-Feb-2025 08:16:22.982,9.858429
15-Feb-2025 08:16:23.002,0.145962,15-Feb-2025 08:16:23.002,0.083749,15-Feb-2025 08:16:23.002,9.868599
15-Feb-2025 08:16:23.022,0.136391,15-Feb-2025 08:16:23.022,0.09332,15-Feb-2025 08:16:23.022,9.853643
15-Feb-2025 08:16:23.042,0.112463,15-Feb-2025 08:16:23.042,0.09332,15-Feb-2025 08:16:23.042,9.863214
15-Feb-2025 08:16:23.062,0.136391,15-Feb-2025 08:16:23.062,0.088534,15-Feb-2025 08:16:23.062,9.853643
15-Feb-2025 08:16:23.082,0.141177,15-Feb-2025 08:16:23.082,0.078963,15-Feb-2025 08:16:23.082,9.848858
15-Feb-2025 08:16:23.102,0.141177,15-Feb-2025 08:16:23.102,0.088534,15-Feb-2025 08:16:23.102,9.848858
15-Feb-2025 08:16:23.122,0.136391,15-Feb-2025 08:16:23.122,0.098106,15-Feb-2025 08:16:23.122,9.853643
15-Feb-2025 08:16:23.142,0.136391,15-Feb-2025 08:16:23.142,0.083749,15-Feb-2025 08:16:23.142,9.868599
15-Feb-2025 08:16:23.161,0.145962,15-Feb-2025 08:16:23.161,0.09332,15-Feb-2025 08:16:23.161,9.858429
15-Feb-2025 08:16:23.181,0.136391,15-Feb-2025 08:16:23.181,0.083749,15-Feb-2025 08:16:23.181,9.868599
15-Feb-2025 08:16:23.201,0.141177,15-Feb-2025 08:16:23.201,0.078963,15-Feb-2025 08:16:23.201,9.858429
15-Feb-2025 08:16:23.221,0.141177,15-Feb-2025 08:16:23.221,0.088534,15-Feb-2025 08:16:23.221,9.848858
15-Feb-2025 08:16:23.241,0.141177,15-Feb-2025 08:16:23.241,0.083749,15-Feb-2025 08:16:23.241,9.853643
15-Feb-2025 08:16:23.261,0.145962,15-Feb-2025 08:16:23.261,0.069392,15-Feb-2025 08:16:23.261,9.863214
15-Feb-2025 08:16:23.281,0.150748,15-Feb-2025 08:16:23.281,0.098106,15-Feb-2025 08:16:23.281,9.858429
15-Feb-2025 08:16:23.301,0.131605,15-Feb-2025 08:16:23.301,0.088534,15-Feb-2025 08:16:23.301,9.873384
15-Feb-2025 08:16:23.321,0.141177,15-Feb-2025 08:16:23.321,0.074178,15-Feb-2025 08:16:23.321,9.858429
15-Feb-2025 08:16:23.341,0.136391,15-Feb-2025 08:16:23.341,0.083749,15-Feb-2025 08:16:23.341,9.858429
15-Feb-2025 08:16:23.361,0.145962,15-Feb-2025 08:16:23.361,0.09332,15-Feb-2025 08:16:23.361,9.848858
15-Feb-2025 08:16:23.381,0.141177,15-Feb-2025 08:16:23.381,0.088534,15-Feb-2025 08:16:23.381,9.853643
15-Feb-2025 08:16:23.401,0.136391,15-Feb-2025 08:16:23.401,0.088534,15-Feb-2025 08:16:23.401,9.848858
15-Feb-2025 08:16:23.421,0.145962,15-Feb-2025 08:16:23.421,0.078963,15-Feb-2025 08:16:23.421,9.858429
15-Feb-2025 08:16:23.441,0.155533,15-Feb-2025 08:16:23.441,0.09332,15-Feb-2025 08:16:23.441,9.858429
15-Feb-2025 08:16:23.461,0.141177,15-Feb-2025 08:16:23.461,0.09332,15-Feb-2025 08:16:23.461,9.863214
15-Feb-2025 08:16:23.481,0.136391,15-Feb-2025 08:16:23.481,0.078963,15-Feb-2025 08:16:23.481,9.858429
15-Feb-2025 08:16:23.501,0.145962,15-Feb-2025 08:16:23.501,0.102891,15-Feb-2025 08:16:23.501,9.868599
15-Feb-2025 08:16:23.521,0.141177,15-Feb-2025 08:16:23.521,0.09332,15-Feb-2025 08:16:23.521,9.858429
15-Feb-2025 08:16:23.541,0.12682,15-Feb-2025 08:16:23.541,0.088534,15-Feb-2025 08:16:23.541,9.853643
15-Feb-2025 08:16:23.561,0.131605,15-Feb-2025 08:16:23.561,0.088534,15-Feb-2025 08:16:23.561,9.858429
15-Feb-2025 08:16:23.581,0.145962,15-Feb-2025 08:16:23.581,0.069392,15-Feb-2025 08:16:23.581,9.863214
15-Feb-2025 08:16:23.600,0.131605,15-Feb-2025 08:16:23.600,0.083749,15-Feb-2025 08:16:23.600,9.863214
15-Feb-2025 08:16:23.621,0.141177,15-Feb-2025 08:16:23.621,0.083749,15-Feb-2025 08:16:23.621,9.853643
15-Feb-2025 08:16:23.641,0.145962,15-Feb-2025 08:16:23.641,0.088534,15-Feb-2025 08:16:23.641,9.848858
15-Feb-2025 08:16:23.661,0.131605,15-Feb-2025 08:16:23.661,0.098106,15-Feb-2025 08:16:23.661,9.858429
15-Feb-2025 08:16:23.681,0.141177,15-Feb-2025 08:16:23.681,0.083749,15-Feb-2025 08:16:23.681,9.858429
15-Feb-2025 08:16:23.701,0.131605,15-Feb-2025 08:16:23.701,0.083749,15-Feb-2025 08:16:23.701,9.853643
15-Feb-2025 08:16:23.721,0.145962,15-Feb-2025 08:16:23.721,0.083749,15-Feb-2025 08:16:23.721,9.863214
15-Feb-2025 08:16:23.741,0.141177,15-Feb-2025 08:16:23.741,0.078963,15-Feb-2025 08:16:23.741,9.848858
15-Feb-2025 08:16:23.761,0.141177,15-Feb-2025 08:16:23.761,0.083749,15-Feb-2025 08:16:23.761,9.858429
15-Feb-2025 08:16:23.781,0.131605,15-Feb-2025 08:16:23.781,0.098106,15-Feb-2025 08:16:23.781,9.868599
15-Feb-2025 08:16:23.801,0.145962,15-Feb-2025 08:16:23.801,0.083749,15-Feb-2025 08:16:23.801,9.858429
15-Feb-2025 08:16:23.821,0.145962,15-Feb-2025 08:16:23.821,0.078963,15-Feb-2025 08:16:23.821,9.853643
15-Feb-2025 08:16:23.841,0.131605,15-Feb-2025 08:16:23.841,0.083749,15-Feb-2025 08:16:23.841,9.848858
15-Feb-2025 08:16:23.861,0.145962,15-Feb-2025 08:16:23.861,0.088534,15-Feb-2025 08:16:23.861,9.863214
15-Feb-2025 08:16:23.881,0.145962,15-Feb-2025 08:16:23.881,0.078963,15-Feb-2025 08:16:23.881,9.858429
15-Feb-2025 08:16:23.901,0.131605,15-Feb-2025 08:16:23.901,0.088534,15-Feb-2025 08:16:23.901,9.853643
15-Feb-2025 08:16:23.921,0.145962,15-Feb-2025 08:16:23.921,0.083749,15-Feb-2025 08:16:23.921,9.853643
15-Feb-2025 08:16:23.941,0.150748,15-Feb-2025 08:16:23.941,0.088534,15-Feb-2025 08:16:23.941,9.848858
15-Feb-2025 08:16:23.961,0.131605,15-Feb-2025 08:16:23.961,0.083749,15-Feb-2025 08:16:23.961,9.868599
15-Feb-2025 08:16:23.981,0.131605,15-Feb-2025 08:16:23.981,0.074178,15-Feb-2025 08:16:23.981,9.858429
15-Feb-2025 08:16:24.001,0.141177,15-Feb-2025 08:16:24.001,0.088534,15-Feb-2025 08:16:24.001,9.858429
15-Feb-2025 08:16:24.021,0.131605,15-Feb-2025 08:16:24.021,0.078963,15-Feb-2025 08:16:24.021,9.853643
15-Feb-2025 08:16:24.041,0.12682,15-Feb-2025 08:16:24.041,0.09332,15-Feb-2025 08:16:24.041,9.848858
15-Feb-2025 08:16:24.061,0.136391,15-Feb-2025 08:16:24.061,0.083749,15-Feb-2025 08:16:24.061,9.853643
15-Feb-2025 08:16:24.081,0.136391,15-Feb-2025 08:16:24.081,0.088534,15-Feb-2025 08:16:24.081,9.863214
15-Feb-2025 08:16:24.101,0.141177,15-Feb-2025 08:16:24.101,0.078963,15-Feb-2025 08:16:24.101,9.863214
15-Feb-2025 08:16:24.121,0.155533,15-Feb-2025 08:16:24.121,0.09332,15-Feb-2025 08:16:24.121,9.858429
15-Feb-2025 08:16:24.141,0.136391,15-Feb-2025 08:16:24.141,0.083749,15-Feb-2025 08:16:24.141,9.848858
15-Feb-2025 08:16:24.161,0.136391,15-Feb-2025 08:16:24.161,0.09332,15-Feb-2025 08:16:24.161,9.858429
15-Feb-2025 08:16:24.181,0.141177,15-Feb-2025 08:16:24.181,0.09332,15-Feb-2025 08:16:24.181,9.853643
15-Feb-2025 08:16:24.200,0.141177,15-Feb-2025 08:16:24.200,0.098106,15-Feb-2025 08:16:24.200,9.858429
15-Feb-2025 08:16:24.220,0.136391,15-Feb-2025 08:16:24.220,0.088534,15-Feb-2025 08:16:24.220,9.853643
15-Feb-2025 08:16:24.240,0.131605,15-Feb-2025 08:16:24.240,0.088534,15-Feb-2025 08:16:24.240,9.848858
15-Feb-2025 08:16:24.260,0.155533,15-Feb-2025 08:16:24.260,0.09332,15-Feb-2025 08:16:24.260,9.848858
15-Feb-2025 08:16:24.280,0.145962,15-Feb-2025 08:16:24.280,0.09332,15-Feb-2025 08:16:24.280,9.858429
15-Feb-2025 08:16:24.300,0.131605,15-Feb-2025 08:16:24.300,0.088534,15-Feb-2025 08:16:24.300,9.853643
15-Feb-2025 08:16:24.320,0.136391,15-Feb-2025 08:16:24.320,0.083749,15-Feb-2025 08:16:24.320,9.853643
15-Feb-2025 08:16:24.340,0.141177,15-Feb-2025 08:16:24.340,0.078963,15-Feb-2025 08:16:24.340,9.853643
15-Feb-2025 08:16:24.360,0.122034,15-Feb-2025 08:16:24.360,0.078963,15-Feb-2025 08:16:24.360,9.868599
15-Feb-2025 08:16:24.380,0.141177,15-Feb-2025 08:16:24.380,0.083749,15-Feb-2025 08:16:24.380,9.858429
15-Feb-2025 08:16:24.400,0.141177,15-Feb-2025 08:16:24.400,0.088534,15-Feb-2025 08:16:24.400,9.853643
15-Feb-2025 08:16:24.420,0.141177,15-Feb-2025 08:16:24.420,0.098106,15-Feb-2025 08:16:24.420,9.863214
15-Feb-2025 08:16:24.440,0.145962,15-Feb-2025 08:16:24.440,0.098106,15-Feb-2025 08:16:24.440,9.853643
15-Feb-2025 08:16:24.460,0.136391,15-Feb-2025 08:16:24.460,0.09332,15-Feb-2025 08:16:24.460,9.863214
15-Feb-2025 08:16:24.480,0.131605,15-Feb-2025 08:16:24.480,0.078963,15-Feb-2025 08:16:24.480,9.858429
15-Feb-2025 08:16:24.500,0.131605,15-Feb-2025 08:16:24.500,0.088534,15-Feb-2025 08:16:24.500,9.844072
15-Feb-2025 08:16:24.520,0.136391,15-Feb-2025 08:16:24.520,0.083749,15-Feb-2025 08:16:24.520,9.853643
15-Feb-2025 08:16:24.540,0.141177,15-Feb-2025 08:16:24.540,0.088534,15-Feb-2025 08:16:24.540,9.858429
15-Feb-2025 08:16:24.560,0.131605,15-Feb-2025 08:16:24.560,0.09332,15-Feb-2025 08:16:24.560,9.853643
15-Feb-2025 08:16:24.580,0.141177,15-Feb-2025 08:16:24.580,0.09332,15-Feb-2025 08:16:24.580,9.853643
15-Feb-2025 08:16:24.600,0.12682,15-Feb-2025 08:16:24.600,0.088534,15-Feb-2025 08:16:24.600,9.853643
15-Feb-2025 08:16:24.620,0.145962,15-Feb-2025 08:16:24.620,0.09332,15-Feb-2025 08:16:24.620,9.853643
15-Feb-2025 08:16:24.640,0.141177,15-Feb-2025 08:16:24.640,0.088534,15-Feb-2025 08:16:24.640,9.863214
15-Feb-2025 08:16:24.660,0.131605,15-Feb-2025 08:16:24.660,0.09332,15-Feb-2025 08:16:24.660,9.848858
15-Feb-2025 08:16:24.680,0.136391,15-Feb-2025 08:16:24.680,0.083749,15-Feb-2025 08:16:24.680,9.848858
15-Feb-2025 08:16:24.700,0.141177,15-Feb-2025 08:16:24.700,0.078963,15-Feb-2025 08:16:24.700,9.848858
15-Feb-2025 08:16:24.720,0.145962,15-Feb-2025 08:16:24.720,0.083749,15-Feb-2025 08:16:24.720,9.863214
15-Feb-2025 08:16:24.740,0.136391,15-Feb-2025 08:16:24.740,0.09332,15-Feb-2025 08:16:24.740,9.848858
15-Feb-2025 08:16:24.760,0.136391,15-Feb-2025 08:16:24.760,0.098106,15-Feb-2025 08:16:24.760,9.839287
15-Feb-2025 08:16:24.780,0.150748,15-Feb-2025 08:16:24.780,0.083749,15-Feb-2025 08:16:24.780,9.844072
15-Feb-2025 08:16:24.800,0.145962,15-Feb-2025 08:16:24.800,0.088534,15-Feb-2025 08:16:24.800,9.858429
15-Feb-2025 08:16:24.820,0.136391,15-Feb-2025 08:16:24.820,0.09332,15-Feb-2025 08:16:24.820,9.858429
15-Feb-2025 08:16:24.840,0.141177,15-Feb-2025 08:16:24.840,0.09332,15-Feb-2025 08:16:24.840,9.853643
15-Feb-2025 08:16:24.860,0.145962,15-Feb-2025 08:16:24.860,0.09332,15-Feb-2025 08:16:24.860,9.848858
15-Feb-2025 08:16:24.880,0.141177,15-Feb-2025 08:16:24.880,0.09332,15-Feb-2025 08:16:24.880,9.858429
15-Feb-2025 08:16:24.900,0.122034,15-Feb-2025 08:16:24.900,0.098106,15-Feb-2025 08:16:24.900,9.863214
15-Feb-2025 08:16:24.920,0.141177,15-Feb-2025 08:16:24.920,0.098106,15-Feb-2025 08:16:24.920,9.853643
15-Feb-2025 08:16:24.940,0.12682,15-Feb-2025 08:16:24.940,0.088534,15-Feb-2025 08:16:24.940,9.848858
15-Feb-2025 08:16:24.960,0.136391,15-Feb-2025 08:16:24.960,0.09332,15-Feb-2025 08:16:24.960,9.868599
15-Feb-2025 08:16:24.980,0.150748,15-Feb-2025 08:16:24.980,0.088534,15-Feb-2025 08:16:24.980,9.848858
15-Feb-2025 08:16:25.000,0.160319,15-Feb-2025 08:16:25.000,0.083749,15-Feb-2025 08:16:25.000,9.848858
15-Feb-2025 08:16:25.020,0.150748,15-Feb-2025 08:16:25.020,0.09332,15-Feb-2025 08:16:25.020,9.853643
15-Feb-2025 08:16:25.040,0.136391,15-Feb-2025 08:16:25.040,0.09332,15-Feb-2025 08:16:25.040,9.853643
15-Feb-2025 08:16:25.060,0.131605,15-Feb-2025 08:16:25.060,0.088534,15-Feb-2025 08:16:25.060,9.858429
15-Feb-2025 08:16:25.080,0.12682,15-Feb-2025 08:16:25.080,0.09332,15-Feb-2025 08:16:25.080,9.853643
15-Feb-2025 08:16:25.100,0.131605,15-Feb-2025 08:16:25.100,0.098106,15-Feb-2025 08:16:25.100,9.853643
15-Feb-2025 08:16:25.120,0.145962,15-Feb-2025 08:16:25.120,0.098106,15-Feb-2025 08:16:25.120,9.858429
15-Feb-2025 08:16:25.140,0.150748,15-Feb-2025 08:16:25.140,0.083749,15-Feb-2025 08:16:25.140,9.858429
15-Feb-2025 08:16:25.160,0.150748,15-Feb-2025 08:16:25.160,0.078963,15-Feb-2025 08:16:25.160,9.858429
15-Feb-2025 08:16:25.179,0.131605,15-Feb-2025 08:16:25.179,0.078963,15-Feb-2025 08:16:25.179,9.868599
15-Feb-2025 08:16:25.198,0.136391,15-Feb-2025 08:16:25.198,0.088534,15-Feb-2025 08:16:25.198,9.858429
15-Feb-2025 08:16:25.219,0.141177,15-Feb-2025 08:16:25.219,0.088534,15-Feb-2025 08:16:25.219,9.863214
15-Feb-2025 08:16:25.239,0.131605,15-Feb-2025 08:16:25.239,0.078963,15-Feb-2025 08:16:25.239,9.858429
15-Feb-2025 08:16:25.259,0.12682,15-Feb-2025 08:16:25.259,0.083749,15-Feb-2025 08:16:25.259,9.858429
15-Feb-2025 08:16:25.279,0.136391,15-Feb-2025 08:16:25.279,0.09332,15-Feb-2025 08:16:25.279,9.858429
15-Feb-2025 08:16:25.299,0.145962,15-Feb-2025 08:16:25.299,0.088534,15-Feb-2025 08:16:25.299,9.844072
15-Feb-2025 08:16:25.319,0.12682,15-Feb-2025 08:16:25.319,0.09332,15-Feb-2025 08:16:25.319,9.858429
15-Feb-2025 08:16:25.339,0.12682,15-Feb-2025 08:16:25.339,0.112463,15-Feb-2025 08:16:25.339,9.858429
15-Feb-2025 08:16:25.359,0.136391,15-Feb-2025 08:16:25.359,0.09332,15-Feb-2025 08:16:25.359,9.848858
15-Feb-2025 08:16:25.379,0.141177,15-Feb-2025 08:16:25.379,0.083749,15-Feb-2025 08:16:25.379,9.858429
15-Feb-2025 08:16:25.399,0.136391,15-Feb-2025 08:16:25.399,0.088534,15-Feb-2025 08:16:25.399,9.853643
15-Feb-2025 08:16:25.419,0.12682,15-Feb-2025 08:16:25.419,0.078963,15-Feb-2025 08:16:25.419,9.858429
15-Feb-2025 08:16:25.440,0.136391,15-Feb-2025 08:16:25.440,0.09332,15-Feb-2025 08:16:25.440,9.863214
15-Feb-2025 08:16:25.459,0.141177,15-Feb-2025 08:16:25.459,0.09332,15-Feb-2025 08:16:25.459,9.844072
15-Feb-2025 08:16:25.479,0.136391,15-Feb-2025 08:16:25.479,0.088534,15-Feb-2025 08:16:25.479,9.848858
15-Feb-2025 08:16:25.499,0.145962,15-Feb-2025 08:16:25.499,0.09332,15-Feb-2025 08:16:25.499,9.853643
15-Feb-2025 08:16:25.519,0.150748,15-Feb-2025 08:16:25.519,0.09332,15-Feb-2025 08:16:25.519,9.858429
15-Feb-2025 08:16:25.539,0.150748,15-Feb-2025 08:16:25.539,0.088534,15-Feb-2025 08:16:25.539,9.868599
15-Feb-2025 08:16:25.559,0.141177,15-Feb-2025 08:16:25.559,0.083749,15-Feb-2025 08:16:25.559,9.858429
15-Feb-2025 08:16:25.579,0.122034,15-Feb-2025 08:16:25.579,0.088534,15-Feb-2025 08:16:25.579,9.844072
15-Feb-2025 08:16:25.599,0.131605,15-Feb-2025 08:16:25.599,0.09332,15-Feb-2025 08:16:25.599,9.848858
15-Feb-2025 08:16:25.619,0.136391,15-Feb-2025 08:16:25.619,0.088534,15-Feb-2025 08:16:25.619,9.848858
15-Feb-2025 08:16:25.639,0.145962,15-Feb-2025 08:16:25.639,0.088534,15-Feb-2025 08:16:25.639,9.853643
15-Feb-2025 08:16:25.659,0.141177,15-Feb-2025 08:16:25.659,0.074178,15-Feb-2025 08:16:25.659,9.848858
15-Feb-2025 08:16:25.679,0.141177,15-Feb-2025 08:16:25.679,0.088534,15-Feb-2025 08:16:25.679,9.853643
15-Feb-2025 08:16:25.699,0.145962,15-Feb-2025 08:16:25.699,0.088534,15-Feb-2025 08:16:25.699,9.858429
15-Feb-2025 08:16:25.719,0.141177,15-Feb-2025 08:16:25.719,0.083749,15-Feb-2025 08:16:25.719,9.853643
15-Feb-2025 08:16:25.739,0.136391,15-Feb-2025 08:16:25.739,0.083749,15-Feb-2025 08:16:25.739,9.848858
15-Feb-2025 08:16:25.759,0.150748,15-Feb-2025 08:16:25.759,0.083749,15-Feb-2025 08:16:25.759,9.853643
15-Feb-2025 08:16:25.779,0.12682,15-Feb-2025 08:16:25.779,0.078963,15-Feb-2025 08:16:25.779,9.853643
15-Feb-2025 08:16:25.799,0.131605,15-Feb-2025 08:16:25.799,0.083749,15-Feb-2025 08:16:25.799,9.848858
15-Feb-2025 08:16:25.819,0.131605,15-Feb-2025 08:16:25.819,0.088534,15-Feb-2025 08:16:25.819,9.863214
15-Feb-2025 08:16:25.839,0.122034,15-Feb-2025 08:16:25.839,0.088534,15-Feb-2025 08:16:25.839,9.858429
15-Feb-2025 08:16:25.859,0.131605,15-Feb-2025 08:16:25.859,0.088534,15-Feb-2025 08:16:25.859,9.858429
15-Feb-2025 08:16:25.879,0.145962,15-Feb-2025 08:16:25.879,0.09332,15-Feb-2025 08:16:25.879,9.848858
15-Feb-2025 08:16:25.899,0.136391,15-Feb-2025 08:16:25.899,0.078963,15-Feb-2025 08:16:25.899,9.844072
15-Feb-2025 08:16:25.919,0.136391,15-Feb-2025 08:16:25.919,0.078963,15-Feb-2025 08:16:25.919,9.863214
15-Feb-2025 08:16:25.939,0.145962,15-Feb-2025 08:16:25.939,0.083749,15-Feb-2025 08:16:25.939,9.863214
15-Feb-2025 08:16:25.959,0.141177,15-Feb-2025 08:16:25.959,0.09332,15-Feb-2025 08:16:25.959,9.853643
15-Feb-2025 08:16:25.979,0.141177,15-Feb-2025 08:16:25.979,0.098106,15-Feb-2025 08:16:25.979,9.858429
15-Feb-2025 08:16:25.999,0.117248,15-Feb-2025 08:16:25.999,0.074178,15-Feb-2025 08:16:25.999,9.863214
15-Feb-2025 08:16:26.019,0.12682,15-Feb-2025 08:16:26.019,0.083749,15-Feb-2025 08:16:26.019,9.858429
15-Feb-2025 08:16:26.039,0.141177,15-Feb-2025 08:16:26.039,0.088534,15-Feb-2025 08:16:26.039,9.853643
15-Feb-2025 08:16:26.059,0.136391,15-Feb-2025 08:16:26.059,0.074178,15-Feb-2025 08:16:26.059,9.853643
15-Feb-2025 08:16:26.079,0.141177,15-Feb-2025 08:16:26.079,0.088534,15-Feb-2025 08:16:26.079,9.858429
15-Feb-2025 08:16:26.099,0.141177,15-Feb-2025 08:16:26.099,0.083749,15-Feb-2025 08:16:26.099,9.858429
15-Feb-2025 08:16:26.119,0.145962,15-Feb-2025 08:16:26.119,0.078963,15-Feb-2025 08:16:26.119,9.848858
15-Feb-2025 08:16:26.139,0.136391,15-Feb-2025 08:16:26.139,0.088534,15-Feb-2025 08:16:26.139,9.853643
15-Feb-2025 08:16:26.159,0.131605,15-Feb-2025 08:16:26.159,0.088534,15-Feb-2025 08:16:26.159,9.853643
15-Feb-2025 08:16:26.179,0.141177,15-Feb-2025 08:16:26.179,0.088534,15-Feb-2025 08:16:26.179,9.853643
15-Feb-2025 08:16:26.198,0.141177,15-Feb-2025 08:16:26.198,0.088534,15-Feb-2025 08:16:26.198,9.848858
15-Feb-2025 08:16:26.218,0.136391,15-Feb-2025 08:16:26.218,0.088534,15-Feb-2025 08:16:26.218,9.863214
15-Feb-2025 08:16:26.238,0.131605,15-Feb-2025 08:16:26.238,0.088534,15-Feb-2025 08:16:26.238,9.858429
15-Feb-2025 08:16:26.258,0.131605,15-Feb-2025 08:16:26.258,0.069392,15-Feb-2025 08:16:26.258,9.858429
15-Feb-2025 08:16:26.278,0.145962,15-Feb-2025 08:16:26.278,0.09332,15-Feb-2025 08:16:26.278,9.868599
15-Feb-2025 08:16:26.298,0.141177,15-Feb-2025 08:16:26.298,0.09332,15-Feb-2025 08:16:26.298,9.848858
15-Feb-2025 08:16:26.318,0.141177,15-Feb-2025 08:16:26.318,0.09332,15-Feb-2025 08:16:26.318,9.853643
15-Feb-2025 08:16:26.338,0.131605,15-Feb-2025 08:16:26.338,0.083749,15-Feb-2025 08:16:26.338,9.848858
15-Feb-2025 08:16:26.358,0.131605,15-Feb-2025 08:16:26.358,0.078963,15-Feb-2025 08:16:26.358,9.863214
15-Feb-2025 08:16:26.378,0.141177,15-Feb-2025 08:16:26.378,0.083749,15-Feb-2025 08:16:26.378,9.858429
15-Feb-2025 08:16:26.398,0.122034,15-Feb-2025 08:16:26.398,0.083749,15-Feb-2025 08:16:26.398,9.858429
15-Feb-2025 08:16:26.418,0.12682,15-Feb-2025 08:16:26.418,0.078963,15-Feb-2025 08:16:26.418,9.868599
15-Feb-2025 08:16:26.438,0.136391,15-Feb-2025 08:16:26.438,0.09332,15-Feb-2025 08:16:26.438,9.853643
15-Feb-2025 08:16:26.458,0.141177,15-Feb-2025 08:16:26.458,0.083749,15-Feb-2025 08:16:26.458,9.853643
15-Feb-2025 08:16:26.478,0.131605,15-Feb-2025 08:16:26.478,0.078963,15-Feb-2025 08:16:26.478,9.863214
15-Feb-2025 08:16:26.498,0.141177,15-Feb-2025 08:16:26.498,0.078963,15-Feb-2025 08:16:26.498,9.858429
15-Feb-2025 08:16:26.518,0.136391,15-Feb-2025 08:16:26.518,0.09332,15-Feb-2025 08:16:26.518,9.848858
15-Feb-2025 08:16:26.538,0.12682,15-Feb-2025 08:16:26.538,0.083749,15-Feb-2025 08:16:26.538,9.853643
15-Feb-2025 08:16:26.558,0.141177,15-Feb-2025 08:16:26.558,0.074178,15-Feb-2025 08:16:26.558,9.853643
15-Feb-2025 08:16:26.578,0.131605,15-Feb-2025 08:16:26.578,0.083749,15-Feb-2025 08:16:26.578,9.858429
15-Feb-2025 08:16:26.598,0.136391,15-Feb-2025 08:16:26.598,0.083749,15-Feb-2025 08:16:26.598,9.853643
15-Feb-2025 08:16:26.618,0.136391,15-Feb-2025 08:16:26.618,0.088534,15-Feb-2025 08:16:26.618,9.858429
15-Feb-2025 08:16:26.638,0.12682,15-Feb-2025 08:16:26.638,0.083749,15-Feb-2025 08:16:26.638,9.853643
15-Feb-2025 08:16:26.658,0.12682,15-Feb-2025 08:16:26.658,0.088534,15-Feb-2025 08:16:26.658,9.853643
15-Feb-2025 08:16:26.678,0.136391,15-Feb-2025 08:16:26.678,0.078963,15-Feb-2025 08:16:26.678,9.858429
15-Feb-2025 08:16:26.698,0.136391,15-Feb-2025 08:16:26.698,0.088534,15-Feb-2025 08:16:26.698,9.858429
15-Feb-2025 08:16:26.718,0.136391,15-Feb-2025 08:16:26.718,0.09332,15-Feb-2025 08:16:26.718,9.873384
15-Feb-2025 08:16:26.738,0.131605,15-Feb-2025 08:16:26.738,0.09332,15-Feb-2025 08:16:26.738,9.858429
15-Feb-2025 08:16:26.758,0.136391,15-Feb-2025 08:16:26.758,0.088534,15-Feb-2025 08:16:26.758,9.853643
15-Feb-2025 08:16:26.778,0.136391,15-Feb-2025 08:16:26.778,0.09332,15-Feb-2025 08:16:26.778,9.844072
15-Feb-2025 08:16:26.798,0.136391,15-Feb-2025 08:16:26.798,0.102891,15-Feb-2025 08:16:26.798,9.853643
15-Feb-2025 08:16:26.818,0.131605,15-Feb-2025 08:16:26.818,0.102891,15-Feb-2025 08:16:26.818,9.858429
15-Feb-2025 08:16:26.838,0.136391,15-Feb-2025 08:16:26.838,0.09332,15-Feb-2025 08:16:26.838,9.853643
15-Feb-2025 08:16:26.858,0.131605,15-Feb-2025 08:16:26.858,0.088534,15-Feb-2025 08:16:26.858,9.853643
15-Feb-2025 08:16:26.878,0.131605,15-Feb-2025 08:16:26.878,0.088534,15-Feb-2025 08:16:26.878,9.853643
15-Feb-2025 08:16:26.898,0.145962,15-Feb-2025 08:16:26.898,0.083749,15-Feb-2025 08:16:26.898,9.858429
15-Feb-2025 08:16:26.918,0.141177,15-Feb-2025 08:16:26.918,0.09332,15-Feb-2025 08:16:26.918,9.858429
15-Feb-2025 08:16:26.938,0.145962,15-Feb-2025 08:16:26.938,0.088534,15-Feb-2025 08:16:26.938,9.858429
15-Feb-2025 08:16:26.958,0.141177,15-Feb-2025 08:16:26.958,0.09332,15-Feb-2025 08:16:26.958,9.863214
15-Feb-2025 08:16:26.978,0.136391,15-Feb-2025 08:16:26.978,0.107677,15-Feb-2025 08:16:26.978,9.863214
15-Feb-2025 08:16:26.998,0.136391,15-Feb-2025 08:16:26.998,0.088534,15-Feb-2025 08:16:26.998,9.863214
15-Feb-2025 08:16:27.018,0.12682,15-Feb-2025 08:16:27.018,0.09332,15-Feb-2025 08:16:27.018,9.848858
15-Feb-2025 08:16:27.038,0.136391,15-Feb-2025 08:16:27.038,0.088534,15-Feb-2025 08:16:27.038,9.858429
15-Feb-2025 08:16:27.058,0.136391,15-Feb-2025 08:16:27.058,0.088534,15-Feb-2025 08:16:27.058,9.858429
15-Feb-2025 08:16:27.078,0.136391,15-Feb-2025 08:16:27.078,0.088534,15-Feb-2025 08:16:27.078,9.858429
15-Feb-2025 08:16:27.098,0.141177,15-Feb-2025 08:16:27.098,0.098106,15-Feb-2025 08:16:27.098,9.863214
15-Feb-2025 08:16:27.118,0.145962,15-Feb-2025 08:16:27.118,0.09332,15-Feb-2025 08:16:27.118,9.858429
15-Feb-2025 08:16:27.138,0.145962,15-Feb-2025 08:16:27.138,0.09332,15-Feb-2025 08:16:27.138,9.863214
15-Feb-2025 08:16:27.158,0.145962,15-Feb-2025 08:16:27.158,0.09332,15-Feb-2025 08:16:27.158,9.868599
15-Feb-2025 08:16:27.178,0.136391,15-Feb-2025 08:16:27.178,0.09332,15-Feb-2025 08:16:27.178,9.844072
15-Feb-2025 08:16:27.197,0.12682,15-Feb-2025 08:16:27.197,0.088534,15-Feb-2025 08:16:27.197,9.863214
15-Feb-2025 08:16:27.217,0.131605,15-Feb-2025 08:16:27.217,0.074178,15-Feb-2025 08:16:27.217,9.868599
15-Feb-2025 08:16:27.237,0.131605,15-Feb-2025 08:16:27.237,0.083749,15-Feb-2025 08:16:27.237,9.863214
15-Feb-2025 08:16:27.257,0.12682,15-Feb-2025 08:16:27.257,0.088534,15-Feb-2025 08:16:27.257,9.858429
15-Feb-2025 08:16:27.277,0.131605,15-Feb-2025 08:16:27.277,0.078963,15-Feb-2025 08:16:27.277,9.863214
15-Feb-2025 08:16:27.297,0.150748,15-Feb-2025 08:16:27.297,0.09332,15-Feb-2025 08:16:27.297,9.858429
15-Feb-2025 08:16:27.317,0.136391,15-Feb-2025 08:16:27.317,0.098106,15-Feb-2025 08:16:27.317,9.853643
15-Feb-2025 08:16:27.337,0.131605,15-Feb-2025 08:16:27.337,0.078963,15-Feb-2025 08:16:27.337,9.853643
15-Feb-2025 08:16:27.357,0.136391,15-Feb-2025 08:16:27.357,0.083749,15-Feb-2025 08:16:27.357,9.858429
15-Feb-2025 08:16:27.377,0.150748,15-Feb-2025 08:16:27.377,0.083749,15-Feb-2025 08:16:27.377,9.853643
15-Feb-2025 08:16:27.397,0.12682,15-Feb-2025 08:16:27.397,0.09332,15-Feb-2025 08:16:27.397,9.853643
15-Feb-2025 08:16:27.417,0.131605,15-Feb-2025 08:16:27.417,0.083749,15-Feb-2025 08:16:27.417,9.853643
15-Feb-2025 08:16:27.437,0.145962,15-Feb-2025 08:16:27.437,0.083749,15-Feb-2025 08:16:27.437,9.853643
15-Feb-2025 08:16:27.457,0.136391,15-Feb-2025 08:16:27.457,0.088534,15-Feb-2025 08:16:27.457,9.848858
15-Feb-2025 08:16:27.476,0.136391,15-Feb-2025 08:16:27.476,0.083749,15-Feb-2025 08:16:27.476,9.853643
15-Feb-2025 08:16:27.497,0.136391,15-Feb-2025 08:16:27.497,0.088534,15-Feb-2025 08:16:27.497,9.858429
15-Feb-2025 08:16:27.517,0.136391,15-Feb-2025 08:16:27.517,0.098106,15-Feb-2025 08:16:27.517,9.853643
15-Feb-2025 08:16:27.537,0.141177,15-Feb-2025 08:16:27.537,0.098106,15-Feb-2025 08:16:27.537,9.853643
15-Feb-2025 08:16:27.557,0.131605,15-Feb-2025 08:16:27.557,0.09332,15-Feb-2025 08:16:27.557,9.853643
15-Feb-2025 08:16:27.577,0.150748,15-Feb-2025 08:16:27.577,0.09332,15-Feb-2025 08:16:27.577,9.853643
15-Feb-2025 08:16:27.597,0.141177,15-Feb-2025 08:16:27.597,0.069392,15-Feb-2025 08:16:27.597,9.853643
15-Feb-2025 08:16:27.617,0.136391,15-Feb-2025 08:16:27.617,0.088534,15-Feb-2025 08:16:27.617,9.853643
15-Feb-2025 08:16:27.637,0.131605,15-Feb-2025 08:16:27.637,0.078963,15-Feb-2025 08:16:27.637,9.858429
15-Feb-2025 08:16:27.657,0.131605,15-Feb-2025 08:16:27.657,0.09332,15-Feb-2025 08:16:27.657,9.853643
15-Feb-2025 08:16:27.677,0.12682,15-Feb-2025 08:16:27.677,0.088534,15-Feb-2025 08:16:27.677,9.863214
15-Feb-2025 08:16:27.697,0.136391,15-Feb-2025 08:16:27.697,0.088534,15-Feb-2025 08:16:27.697,9.868599
15-Feb-2025 08:16:27.717,0.141177,15-Feb-2025 08:16:27.717,0.088534,15-Feb-2025 08:16:27.717,9.863214
15-Feb-2025 08:16:27.737,0.136391,15-Feb-2025 08:16:27.737,0.088534,15-Feb-2025 08:16:27.737,9.863214
15-Feb-2025 08:16:27.757,0.165105,15-Feb-2025 08:16:27.757,0.09332,15-Feb-2025 08:16:27.757,9.853643
15-Feb-2025 08:16:27.777,0.136391,15-Feb-2025 08:16:27.777,0.074178,15-Feb-2025 08:16:27.777,9.858429
15-Feb-2025 08:16:27.797,0.131605,15-Feb-2025 08:16:27.797,0.083749,15-Feb-2025 08:16:27.797,9.848858
15-Feb-2025 08:16:27.817,0.141177,15-Feb-2025 08:16:27.817,0.107677,15-Feb-2025 08:16:27.817,9.863214
15-Feb-2025 08:16:27.837,0.145962,15-Feb-2025 08:16:27.837,0.09332,15-Feb-2025 08:16:27.837,9.858429
15-Feb-2025 08:16:27.857,0.136391,15-Feb-2025 08:16:27.857,0.102891,15-Feb-2025 08:16:27.857,9.858429
15-Feb-2025 08:16:27.877,0.12682,15-Feb-2025 08:16:27.877,0.088534,15-Feb-2025 08:16:27.877,9.868599
15-Feb-2025 08:16:27.897,0.12682,15-Feb-2025 08:16:27.897,0.078963,15-Feb-2025 08:16:27.897,9.858429
15-Feb-2025 08:16:27.917,0.141177,15-Feb-2025 08:16:27.917,0.088534,15-Feb-2025 08:16:27.917,9.853643
15-Feb-2025 08:16:27.937,0.145962,15-Feb-2025 08:16:27.937,0.088534,15-Feb-2025 08:16:27.937,9.853643
15-Feb-2025 08:16:27.957,0.12682,15-Feb-2025 08:16:27.957,0.09332,15-Feb-2025 08:16:27.957,9.848858
15-Feb-2025 08:16:27.977,0.141177,15-Feb-2025 08:16:27.977,0.078963,15-Feb-2025 08:16:27.977,9.868599
15-Feb-2025 08:16:27.997,0.145962,15-Feb-2025 08:16:27.997,0.083749,15-Feb-2025 08:16:27.997,9.853643
15-Feb-2025 08:16:28.017,0.145962,15-Feb-2025 08:16:28.017,0.074178,15-Feb-2025 08:16:28.017,9.858429
15-Feb-2025 08:16:28.037,0.117248,15-Feb-2025 08:16:28.037,0.083749,15-Feb-2025 08:16:28.037,9.853643
15-Feb-2025 08:16:28.057,0.131605,15-Feb-2025 08:16:28.057,0.078963,15-Feb-2025 08:16:28.057,9.858429
15-Feb-2025 08:16:28.077,0.145962,15-Feb-2025 08:16:28.077,0.078963,15-Feb-2025 08:16:28.077,9.858429
15-Feb-2025 08:16:28.097,0.141177,15-Feb-2025 08:16:28.097,0.09332,15-Feb-2025 08:16:28.097,9.858429
15-Feb-2025 08:16:28.117,0.131605,15-Feb-2025 08:16:28.117,0.09332,15-Feb-2025 08:16:28.117,9.858429
15-Feb-2025 08:16:28.137,0.145962,15-Feb-2025 08:16:28.137,0.074178,15-Feb-2025 08:16:28.137,9.853643
15-Feb-2025 08:16:28.157,0.141177,15-Feb-2025 08:16:28.157,0.09332,15-Feb-2025 08:16:28.157,9.844072
15-Feb-2025 08:16:28.176,0.141177,15-Feb-2025 08:16:28.176,0.102891,15-Feb-2025 08:16:28.176,9.848858
15-Feb-2025 08:16:28.196,0.141177,15-Feb-2025 08:16:28.196,0.078963,15-Feb-2025 08:16:28.196,9.844072
15-Feb-2025 08:16:28.216,0.136391,15-Feb-2025 08:16:28.216,0.09332,15-Feb-2025 08:16:28.216,9.858429
15-Feb-2025 08:16:28.236,0.145962,15-Feb-2025 08:16:28.236,0.102891,15-Feb-2025 08:16:28.236,9.853643
15-Feb-2025 08:16:28.256,0.136391,15-Feb-2025 08:16:28.256,0.107677,15-Feb-2025 08:16:28.256,9.858429
15-Feb-2025 08:16:28.276,0.136391,15-Feb-2025 08:16:28.276,0.098106,15-Feb-2025 08:16:28.276,9.858429
15-Feb-2025 08:16:28.296,0.141177,15-Feb-2025 08:16:28.296,0.098106,15-Feb-2025 08:16:28.296,9.853643
15-Feb-2025 08:16:28.316,0.136391,15-Feb-2025 08:16:28.316,0.098106,15-Feb-2025 08:16:28.316,9.848858
15-Feb-2025 08:16:28.336,0.141177,15-Feb-2025 08:16:28.336,0.088534,15-Feb-2025 08:16:28.336,9.853643
15-Feb-2025 08:16:28.356,0.131605,15-Feb-2025 08:16:28.356,0.088534,15-Feb-2025 08:16:28.356,9.853643
15-Feb-2025 08:16:28.376,0.136391,15-Feb-2025 08:16:28.376,0.083749,15-Feb-2025 08:16:28.376,9.858429
15-Feb-2025 08:16:28.396,0.136391,15-Feb-2025 08:16:28.396,0.09332,15-Feb-2025 08:16:28.396,9.844072
15-Feb-2025 08:16:28.416,0.136391,15-Feb-2025 08:16:28.416,0.088534,15-Feb-2025 08:16:28.416,9.858429
15-Feb-2025 08:16:28.436,0.136391,15-Feb-2025 08:16:28.436,0.09332,15-Feb-2025 08:16:28.436,9.863214
15-Feb-2025 08:16:28.456,0.145962,15-Feb-2025 08:16:28.456,0.09332,15-Feb-2025 08:16:28.456,9.853643
15-Feb-2025 08:16:28.476,0.136391,15-Feb-2025 08:16:28.476,0.083749,15-Feb-2025 08:16:28.476,9.858429
15-Feb-2025 08:16:28.496,0.141177,15-Feb-2025 08:16:28.496,0.088534,15-Feb-2025 08:16:28.496,9.863214
15-Feb-2025 08:16:28.516,0.145962,15-Feb-2025 08:16:28.516,0.088534,15-Feb-2025 08:16:28.516,9.858429
15-Feb-2025 08:16:28.536,0.155533,15-Feb-2025 08:16:28.536,0.078963,15-Feb-2025 08:16:28.536,9.853643
15-Feb-2025 08:16:28.556,0.150748,15-Feb-2025 08:16:28.556,0.074178,15-Feb-2025 08:16:28.556,9.858429
15-Feb-2025 08:16:28.576,0.141177,15-Feb-2025 08:16:28.576,0.09332,15-Feb-2025 08:16:28.576,9.853643
15-Feb-2025 08:16:28.596,0.136391,15-Feb-2025 08:16:28.596,0.09332,15-Feb-2025 08:16:28.596,9.853643
15-Feb-2025 08:16:28.615,0.131605,15-Feb-2025 08:16:28.615,0.083749,15-Feb-2025 08:16:28.615,9.868599
15-Feb-2025 08:16:28.636,0.145962,15-Feb-2025 08:16:28.636,0.083749,15-Feb-2025 08:16:28.636,9.853643
15-Feb-2025 08:16:28.656,0.136391,15-Feb-2025 08:16:28.656,0.09332,15-Feb-2025 08:16:28.656,9.863214
15-Feb-2025 08:16:28.676,0.131605,15-Feb-2025 08:16:28.676,0.088534,15-Feb-2025 08:16:28.676,9.853643
15-Feb-2025 08:16:28.696,0.12682,15-Feb-2025 08:16:28.696,0.09332,15-Feb-2025 08:16:28.696,9.858429
15-Feb-2025 08:16:28.716,0.141177,15-Feb-2025 08:16:28.716,0.074178,15-Feb-2025 08:16:28.716,9.863214
15-Feb-2025 08:16:28.736,0.141177,15-Feb-2025 08:16:28.736,0.088534,15-Feb-2025 08:16:28.736,9.853643
15-Feb-2025 08:16:28.756,0.136391,15-Feb-2025 08:16:28.756,0.083749,15-Feb-2025 08:16:28.756,9.858429
15-Feb-2025 08:16:28.776,0.145962,15-Feb-2025 08:16:28.776,0.09332,15-Feb-2025 08:16:28.776,9.853643
15-Feb-2025 08:16:28.796,0.150748,15-Feb-2025 08:16:28.796,0.102891,15-Feb-2025 08:16:28.796,9.853643
15-Feb-2025 08:16:28.816,0.136391,15-Feb-2025 08:16:28.816,0.098106,15-Feb-2025 08:16:28.816,9.848858
15-Feb-2025 08:16:28.836,0.131605,15-Feb-2025 08:16:28.836,0.088534,15-Feb-2025 08:16:28.836,9.848858
15-Feb-2025 08:16:28.856,0.12682,15-Feb-2025 08:16:28.856,0.09332,15-Feb-2025 08:16:28.856,9.858429
15-Feb-2025 08:16:28.876,0.12682,15-Feb-2025 08:16:28.876,0.09332,15-Feb-2025 08:16:28.876,9.858429
15-Feb-2025 08:16:28.896,0.136391,15-Feb-2025 08:16:28.896,0.083749,15-Feb-2025 08:16:28.896,9.858429
15-Feb-2025 08:16:28.916,0.145962,15-Feb-2025 08:16:28.916,0.083749,15-Feb-2025 08:16:28.916,9.858429
15-Feb-2025 08:16:28.936,0.141177,15-Feb-2025 08:16:28.936,0.098106,15-Feb-2025 08:16:28.936,9.858429
15-Feb-2025 08:16:28.956,0.12682,15-Feb-2025 08:16:28.956,0.078963,15-Feb-2025 08:16:28.956,9.863214
15-Feb-2025 08:16:28.976,0.12682,15-Feb-2025 08:16:28.976,0.083749,15-Feb-2025 08:16:28.976,9.873384
15-Feb-2025 08:16:28.996,0.117248,15-Feb-2025 08:16:28.996,0.088534,15-Feb-2025 08:16:28.996,9.863214
15-Feb-2025 08:16:29.016,0.131605,15-Feb-2025 08:16:29.016,0.088534,15-Feb-2025 08:16:29.016,9.858429
15-Feb-2025 08:16:29.036,0.136391,15-Feb-2025 08:16:29.036,0.088534,15-Feb-2025 08:16:29.036,9.858429
15-Feb-2025 08:16:29.056,0.145962,15-Feb-2025 08:16:29.056,0.088534,15-Feb-2025 08:16:29.056,9.858429
15-Feb-2025 08:16:29.076,0.141177,15-Feb-2025 08:16:29.076,0.09332,15-Feb-2025 08:16:29.076,9.853643
15-Feb-2025 08:16:29.096,0.136391,15-Feb-2025 08:16:29.096,0.09332,15-Feb-2025 08:16:29.096,9.853643
15-Feb-2025 08:16:29.116,0.12682,15-Feb-2025 08:16:29.116,0.083749,15-Feb-2025 08:16:29.116,9.844072
15-Feb-2025 08:16:29.136,0.136391,15-Feb-2025 08:16:29.136,0.083749,15-Feb-2025 08:16:29.136,9.868599
15-Feb-2025 08:16:29.156,0.136391,15-Feb-2025 08:16:29.156,0.078963,15-Feb-2025 08:16:29.156,9.858429
15-Feb-2025 08:16:29.176,0.12682,15-Feb-2025 08:16:29.176,0.088534,15-Feb-2025 08:16:29.176,9.853643
15-Feb-2025 08:16:29.196,0.12682,15-Feb-2025 08:16:29.196,0.098106,15-Feb-2025 08:16:29.196,9.858429
15-Feb-2025 08:16:29.215,0.131605,15-Feb-2025 08:16:29.215,0.09332,15-Feb-2025 08:16:29.215,9.868599
15-Feb-2025 08:16:29.235,0.141177,15-Feb-2025 08:16:29.235,0.088534,15-Feb-2025 08:16:29.235,9.868599
15-Feb-2025 08:16:29.255,0.122034,15-Feb-2025 08:16:29.255,0.09332,15-Feb-2025 08:16:29.255,9.873384
15-Feb-2025 08:16:29.275,0.136391,15-Feb-2025 08:16:29.275,0.09332,15-Feb-2025 08:16:29.275,9.868599
15-Feb-2025 08:16:29.295,0.141177,15-Feb-2025 08:16:29.295,0.09332,15-Feb-2025 08:16:29.295,9.868599
15-Feb-2025 08:16:29.315,0.141177,15-Feb-2025 08:16:29.315,0.09332,15-Feb-2025 08:16:29.315,9.858429
15-Feb-2025 08:16:29.335,0.122034,15-Feb-2025 08:16:29.335,0.09332,15-Feb-2025 08:16:29.335,9.853643
15-Feb-2025 08:16:29.355,0.122034,15-Feb-2025 08:16:29.355,0.102891,15-Feb-2025 08:16:29.355,9.853643
15-Feb-2025 08:16:29.375,0.131605,15-Feb-2025 08:16:29.375,0.083749,15-Feb-2025 08:16:29.375,9.853643
15-Feb-2025 08:16:29.395,0.141177,15-Feb-2025 08:16:29.395,0.074178,15-Feb-2025 08:16:29.395,9.853643
15-Feb-2025 08:16:29.415,0.145962,15-Feb-2025 08:16:29.415,0.088534,15-Feb-2025 08:16:29.415,9.858429
15-Feb-2025 08:16:29.435,0.131605,15-Feb-2025 08:16:29.435,0.102891,15-Feb-2025 08:16:29.435,9.863214
15-Feb-2025 08:16:29.455,0.131605,15-Feb-2025 08:16:29.455,0.088534,15-Feb-2025 08:16:29.455,9.844072
15-Feb-2025 08:16:29.475,0.136391,15-Feb-2025 08:16:29.475,0.083749,15-Feb-2025 08:16:29.475,9.853643
15-Feb-2025 08:16:29.495,0.141177,15-Feb-2025 08:16:29.495,0.09332,15-Feb-2025 08:16:29.495,9.863214
15-Feb-2025 08:16:29.515,0.141177,15-Feb-2025 08:16:29.515,0.083749,15-Feb-2025 08:16:29.515,9.858429
15-Feb-2025 08:16:29.535,0.136391,15-Feb-2025 08:16:29.535,0.09332,15-Feb-2025 08:16:29.535,9.863214
15-Feb-2025 08:16:29.555,0.141177,15-Feb-2025 08:16:29.555,0.083749,15-Feb-2025 08:16:29.555,9.853643
15-Feb-2025 08:16:29.575,0.12682,15-Feb-2025 08:16:29.575,0.078963,15-Feb-2025 08:16:29.575,9.848858
15-Feb-2025 08:16:29.595,0.131605,15-Feb-2025 08:16:29.595,0.078963,15-Feb-2025 08:16:29.595,9.853643
15-Feb-2025 08:16:29.615,0.12682,15-Feb-2025 08:16:29.615,0.088534,15-Feb-2025 08:16:29.615,9.858429
15-Feb-2025 08:16:29.635,0.145962,15-Feb-2025 08:16:29.635,0.088534,15-Feb-2025 08:16:29.635,9.853643
15-Feb-2025 08:16:29.655,0.145962,15-Feb-2025 08:16:29.655,0.09332,15-Feb-2025 08:16:29.655,9.868599
15-Feb-2025 08:16:29.675,0.131605,15-Feb-2025 08:16:29.675,0.078963,15-Feb-2025 08:16:29.675,9.868599
15-Feb-2025 08:16:29.695,0.136391,15-Feb-2025 08:16:29.695,0.078963,15-Feb-2025 08:16:29.695,9.858429
15-Feb-2025 08:16:29.715,0.145962,15-Feb-2025 08:16:29.715,0.083749,15-Feb-2025 08:16:29.715,9.858429
15-Feb-2025 08:16:29.735,0.141177,15-Feb-2025 08:16:29.735,0.088534,15-Feb-2025 08:16:29.735,9.848858
15-Feb-2025 08:16:29.754,0.131605,15-Feb-2025 08:16:29.754,0.09332,15-Feb-2025 08:16:29.754,9.853643
15-Feb-2025 08:16:29.775,0.150748,15-Feb-2025 08:16:29.775,0.098106,15-Feb-2025 08:16:29.775,9.858429
15-Feb-2025 08:16:29.795,0.131605,15-Feb-2025 08:16:29.795,0.078963,15-Feb-2025 08:16:29.795,9.863214
15-Feb-2025 08:16:29.815,0.131605,15-Feb-2025 08:16:29.815,0.074178,15-Feb-2025 08:16:29.815,9.853643
15-Feb-2025 08:16:29.835,0.131605,15-Feb-2025 08:16:29.835,0.083749,15-Feb-2025 08:16:29.835,9.853643
15-Feb-2025 08:16:29.855,0.145962,15-Feb-2025 08:16:29.855,0.088534,15-Feb-2025 08:16:29.855,9.853643
15-Feb-2025 08:16:29.875,0.145962,15-Feb-2025 08:16:29.875,0.088534,15-Feb-2025 08:16:29.875,9.858429
15-Feb-2025 08:16:29.895,0.131605,15-Feb-2025 08:16:29.895,0.09332,15-Feb-2025 08:16:29.895,9.853643
15-Feb-2025 08:16:29.915,0.136391,15-Feb-2025 08:16:29.915,0.088534,15-Feb-2025 08:16:29.915,9.858429
15-Feb-2025 08:16:29.935,0.12682,15-Feb-2025 08:16:29.935,0.069392,15-Feb-2025 08:16:29.935,9.853643
15-Feb-2025 08:16:29.955,0.136391,15-Feb-2025 08:16:29.955,0.098106,15-Feb-2025 08:16:29.955,9.853643
15-Feb-2025 08:16:29.975,0.131605,15-Feb-2025 08:16:29.975,0.09332,15-Feb-2025 08:16:29.975,9.853643
15-Feb-2025 08:16:29.995,0.141177,15-Feb-2025 08:16:29.995,0.083749,15-Feb-2025 08:16:29.995,9.853643
15-Feb-2025 08:16:30.015,0.141177,15-Feb-2025 08:16:30.015,0.09332,15-Feb-2025 08:16:30.015,9.853643
15-Feb-2025 08:16:30.035,0.131605,15-Feb-2025 08:16:30.035,0.074178,15-Feb-2025 08:16:30.035,9.868599
15-Feb-2025 08:16:30.055,0.145962,15-Feb-2025 08:16:30.055,0.083749,15-Feb-2025 08:16:30.055,9.858429
15-Feb-2025 08:16:30.075,0.145962,15-Feb-2025 08:16:30.075,0.083749,15-Feb-2025 08:16:30.075,9.858429
15-Feb-2025 08:16:30.095,0.141177,15-Feb-2025 08:16:30.095,0.078963,15-Feb-2025 08:16:30.095,9.853643
15-Feb-2025 08:16:30.115,0.141177,15-Feb-2025 08:16:30.115,0.083749,15-Feb-2025 08:16:30.115,9.853643
15-Feb-2025 08:16:30.135,0.136391,15-Feb-2025 08:16:30.135,0.09332,15-Feb-2025 08:16:30.135,9.858429
15-Feb-2025 08:16:30.155,0.136391,15-Feb-2025 08:16:30.155,0.078963,15-Feb-2025 08:16:30.155,9.863214
15-Feb-2025 08:16:30.175,0.117248,15-Feb-2025 08:16:30.175,0.083749,15-Feb-2025 08:16:30.175,9.863214
15-Feb-2025 08:16:30.195,0.141177,15-Feb-2025 08:16:30.195,0.09332,15-Feb-2025 08:16:30.195,9.858429
15-Feb-2025 08:16:30.214,0.141177,15-Feb-2025 08:16:30.214,0.098106,15-Feb-2025 08:16:30.214,9.858429
15-Feb-2025 08:16:30.234,0.136391,15-Feb-2025 08:16:30.234,0.09332,15-Feb-2025 08:16:30.234,9.858429
15-Feb-2025 08:16:30.254,0.12682,15-Feb-2025 08:16:30.254,0.083749,15-Feb-2025 08:16:30.254,9.853643
15-Feb-2025 08:16:30.274,0.122034,15-Feb-2025 08:16:30.274,0.09332,15-Feb-2025 08:16:30.274,9.848858
15-Feb-2025 08:16:30.294,0.141177,15-Feb-2025 08:16:30.294,0.088534,15-Feb-2025 08:16:30.294,9.848858
15-Feb-2025 08:16:30.314,0.136391,15-Feb-2025 08:16:30.314,0.09332,15-Feb-2025 08:16:30.314,9.858429
15-Feb-2025 08:16:30.334,0.141177,15-Feb-2025 08:16:30.334,0.083749,15-Feb-2025 08:16:30.334,9.863214
15-Feb-2025 08:16:30.354,0.141177,15-Feb-2025 08:16:30.354,0.078963,15-Feb-2025 08:16:30.354,9.863214
15-Feb-2025 08:16:30.374,0.131605,15-Feb-2025 08:16:30.374,0.098106,15-Feb-2025 08:16:30.374,9.858429
15-Feb-2025 08:16:30.394,0.131605,15-Feb-2025 08:16:30.394,0.09332,15-Feb-2025 08:16:30.394,9.853643
15-Feb-2025 08:16:30.414,0.122034,15-Feb-2025 08:16:30.414,0.078963,15-Feb-2025 08:16:30.414,9.853643
15-Feb-2025 08:16:30.434,0.141177,15-Feb-2025 08:16:30.434,0.088534,15-Feb-2025 08:16:30.434,9.848858
15-Feb-2025 08:16:30.454,0.136391,15-Feb-2025 08:16:30.454,0.078963,15-Feb-2025 08:16:30.454,9.853643
15-Feb-2025 08:16:30.474,0.131605,15-Feb-2025 08:16:30.474,0.09332,15-Feb-2025 08:16:30.474,9.863214
15-Feb-2025 08:16:30.494,0.131605,15-Feb-2025 08:16:30.494,0.09332,15-Feb-2025 08:16:30.494,9.848858
15-Feb-2025 08:16:30.514,0.122034,15-Feb-2025 08:16:30.514,0.088534,15-Feb-2025 08:16:30.514,9.853643
15-Feb-2025 08:16:30.534,0.131605,15-Feb-2025 08:16:30.534,0.083749,15-Feb-2025 08:16:30.534,9.858429
15-Feb-2025 08:16:30.554,0.136391,15-Feb-2025 08:16:30.554,0.09332,15-Feb-2025 08:16:30.554,9.868599
15-Feb-2025 08:16:30.574,0.155533,15-Feb-2025 08:16:30.574,0.088534,15-Feb-2025 08:16:30.574,9.858429
15-Feb-2025 08:16:30.594,0.141177,15-Feb-2025 08:16:30.594,0.098106,15-Feb-2025 08:16:30.594,9.858429
15-Feb-2025 08:16:30.614,0.12682,15-Feb-2025 08:16:30.614,0.09332,15-Feb-2025 08:16:30.614,9.853643
15-Feb-2025 08:16:30.634,0.12682,15-Feb-2025 08:16:30.634,0.09332,15-Feb-2025 08:16:30.634,9.858429
15-Feb-2025 08:16:30.654,0.117248,15-Feb-2025 08:16:30.654,0.09332,15-Feb-2025 08:16:30.654,9.858429
15-Feb-2025 08:16:30.674,0.145962,15-Feb-2025 08:16:30.674,0.088534,15-Feb-2025 08:16:30.674,9.858429
15-Feb-2025 08:16:30.694,0.150748,15-Feb-2025 08:16:30.694,0.088534,15-Feb-2025 08:16:30.694,9.853643
15-Feb-2025 08:16:30.714,0.141177,15-Feb-2025 08:16:30.714,0.088534,15-Feb-2025 08:16:30.714,9.853643
15-Feb-2025 08:16:30.734,0.131605,15-Feb-2025 08:16:30.734,0.09332,15-Feb-2025 08:16:30.734,9.858429
15-Feb-2025 08:16:30.754,0.12682,15-Feb-2025 08:16:30.754,0.083749,15-Feb-2025 08:16:30.754,9.848858
15-Feb-2025 08:16:30.774,0.136391,15-Feb-2025 08:16:30.774,0.088534,15-Feb-2025 08:16:30.774,9.844072
15-Feb-2025 08:16:30.794,0.155533,15-Feb-2025 08:16:30.794,0.09332,15-Feb-2025 08:16:30.794,9.858429
15-Feb-2025 08:16:30.814,0.150748,15-Feb-2025 08:16:30.814,0.088534,15-Feb-2025 08:16:30.814,9.844072
15-Feb-2025 08:16:30.834,0.136391,15-Feb-2025 08:16:30.834,0.088534,15-Feb-2025 08:16:30.834,9.848858
15-Feb-2025 08:16:30.854,0.141177,15-Feb-2025 08:16:30.854,0.088534,15-Feb-2025 08:16:30.854,9.844072
15-Feb-2025 08:16:30.874,0.12682,15-Feb-2025 08:16:30.874,0.098106,15-Feb-2025 08:16:30.874,9.858429
15-Feb-2025 08:16:30.894,0.141177,15-Feb-2025 08:16:30.894,0.09332,15-Feb-2025 08:16:30.894,9.863214
15-Feb-2025 08:16:30.914,0.136391,15-Feb-2025 08:16:30.914,0.088534,15-Feb-2025 08:16:30.914,9.858429
15-Feb-2025 08:16:30.934,0.131605,15-Feb-2025 08:16:30.934,0.098106,15-Feb-2025 08:16:30.934,9.844072
15-Feb-2025 08:16:30.954,0.131605,15-Feb-2025 08:16:30.954,0.088534,15-Feb-2025 08:16:30.954,9.858429
15-Feb-2025 08:16:30.974,0.141177,15-Feb-2025 08:16:30.974,0.09332,15-Feb-2025 08:16:30.974,9.863214
15-Feb-2025 08:16:30.994,0.131605,15-Feb-2025 08:16:30.994,0.098106,15-Feb-2025 08:16:30.994,9.844072
15-Feb-2025 08:16:31.014,0.136391,15-Feb-2025 08:16:31.014,0.088534,15-Feb-2025 08:16:31.014,9.853643
15-Feb-2025 08:16:31.034,0.141177,15-Feb-2025 08:16:31.034,0.083749,15-Feb-2025 08:16:31.034,9.863214
15-Feb-2025 08:16:31.054,0.12682,15-Feb-2025 08:16:31.054,0.088534,15-Feb-2025 08:16:31.054,9.853643
15-Feb-2025 08:16:31.074,0.131605,15-Feb-2025 08:16:31.074,0.078963,15-Feb-2025 08:16:31.074,9.858429
15-Feb-2025 08:16:31.094,0.136391,15-Feb-2025 08:16:31.094,0.083749,15-Feb-2025 08:16:31.094,9.853643
15-Feb-2025 08:16:31.114,0.136391,15-Feb-2025 08:16:31.114,0.088534,15-Feb-2025 08:16:31.114,9.853643
15-Feb-2025 08:16:31.134,0.141177,15-Feb-2025 08:16:31.134,0.083749,15-Feb-2025 08:16:31.134,9.844072
15-Feb-2025 08:16:31.154,0.136391,15-Feb-2025 08:16:31.154,0.083749,15-Feb-2025 08:16:31.154,9.853643
15-Feb-2025 08:16:31.174,0.136391,15-Feb-2025 08:16:31.174,0.078963,15-Feb-2025 08:16:31.174,9.863214
15-Feb-2025 08:16:31.194,0.145962,15-Feb-2025 08:16:31.194,0.083749,15-Feb-2025 08:16:31.194,9.868599
15-Feb-2025 08:16:31.214,0.117248,15-Feb-2025 08:16:31.214,0.088534,15-Feb-2025 08:16:31.214,9.873384
15-Feb-2025 08:16:31.234,0.145962,15-Feb-2025 08:16:31.234,0.083749,15-Feb-2025 08:16:31.234,9.858429
15-Feb-2025 08:16:31.254,0.12682,15-Feb-2025 08:16:31.254,0.088534,15-Feb-2025 08:16:31.254,9.873384
15-Feb-2025 08:16:31.273,0.131605,15-Feb-2025 08:16:31.273,0.083749,15-Feb-2025 08:16:31.273,9.863214
15-Feb-2025 08:16:31.293,0.136391,15-Feb-2025 08:16:31.293,0.09332,15-Feb-2025 08:16:31.293,9.848858
15-Feb-2025 08:16:31.313,0.131605,15-Feb-2025 08:16:31.313,0.083749,15-Feb-2025 08:16:31.313,9.848858
15-Feb-2025 08:16:31.333,0.141177,15-Feb-2025 08:16:31.333,0.083749,15-Feb-2025 08:16:31.333,9.844072
15-Feb-2025 08:16:31.352,0.136391,15-Feb-2025 08:16:31.352,0.102891,15-Feb-2025 08:16:31.352,9.853643
15-Feb-2025 08:16:31.373,0.136391,15-Feb-2025 08:16:31.373,0.098106,15-Feb-2025 08:16:31.373,9.853643
15-Feb-2025 08:16:31.393,0.131605,15-Feb-2025 08:16:31.393,0.078963,15-Feb-2025 08:16:31.393,9.858429
15-Feb-2025 08:16:31.413,0.131605,15-Feb-2025 08:16:31.413,0.078963,15-Feb-2025 08:16:31.413,9.863214
15-Feb-2025 08:16:31.433,0.141177,15-Feb-2025 08:16:31.433,0.088534,15-Feb-2025 08:16:31.433,9.853643
15-Feb-2025 08:16:31.453,0.141177,15-Feb-2025 08:16:31.453,0.088534,15-Feb-2025 08:16:31.453,9.858429
15-Feb-2025 08:16:31.473,0.136391,15-Feb-2025 08:16:31.473,0.088534,15-Feb-2025 08:16:31.473,9.858429
15-Feb-2025 08:16:31.493,0.145962,15-Feb-2025 08:16:31.493,0.088534,15-Feb-2025 08:16:31.493,9.844072
15-Feb-2025 08:16:31.513,0.145962,15-Feb-2025 08:16:31.513,0.083749,15-Feb-2025 08:16:31.513,9.844072
15-Feb-2025 08:16:31.533,0.141177,15-Feb-2025 08:16:31.533,0.09332,15-Feb-2025 08:16:31.533,9.863214
15-Feb-2025 08:16:31.553,0.141177,15-Feb-2025 08:16:31.553,0.083749,15-Feb-2025 08:16:31.553,9.868599
15-Feb-2025 08:16:31.573,0.141177,15-Feb-2025 08:16:31.573,0.083749,15-Feb-2025 08:16:31.573,9.863214
15-Feb-2025 08:16:31.593,0.12682,15-Feb-2025 08:16:31.593,0.098106,15-Feb-2025 08:16:31.593,9.858429
15-Feb-2025 08:16:31.613,0.12682,15-Feb-2025 08:16:31.613,0.078963,15-Feb-2025 08:16:31.613,9.848858
15-Feb-2025 08:16:31.633,0.131605,15-Feb-2025 08:16:31.633,0.083749,15-Feb-2025 08:16:31.633,9.858429
15-Feb-2025 08:16:31.653,0.136391,15-Feb-2025 08:16:31.653,0.098106,15-Feb-2025 08:16:31.653,9.858429
15-Feb-2025 08:16:31.673,0.150748,15-Feb-2025 08:16:31.673,0.098106,15-Feb-2025 08:16:31.673,9.848858
15-Feb-2025 08:16:31.693,0.131605,15-Feb-2025 08:16:31.693,0.078963,15-Feb-2025 08:16:31.693,9.848858
15-Feb-2025 08:16:31.713,0.136391,15-Feb-2025 08:16:31.713,0.09332,15-Feb-2025 08:16:31.713,9.848858
15-Feb-2025 08:16:31.733,0.136391,15-Feb-2025 08:16:31.733,0.088534,15-Feb-2025 08:16:31.733,9.853643
15-Feb-2025 08:16:31.753,0.145962,15-Feb-2025 08:16:31.753,0.107677,15-Feb-2025 08:16:31.753,9.853643
15-Feb-2025 08:16:31.773,0.136391,15-Feb-2025 08:16:31.773,0.102891,15-Feb-2025 08:16:31.773,9.863214
15-Feb-2025 08:16:31.793,0.12682,15-Feb-2025 08:16:31.793,0.078963,15-Feb-2025 08:16:31.793,9.863214
15-Feb-2025 08:16:31.813,0.136391,15-Feb-2025 08:16:31.813,0.083749,15-Feb-2025 08:16:31.813,9.853643
15-Feb-2025 08:16:31.833,0.141177,15-Feb-2025 08:16:31.833,0.088534,15-Feb-2025 08:16:31.833,9.863214
15-Feb-2025 08:16:31.853,0.136391,15-Feb-2025 08:16:31.853,0.088534,15-Feb-2025 08:16:31.853,9.853643
15-Feb-2025 08:16:31.873,0.12682,15-Feb-2025 08:16:31.873,0.078963,15-Feb-2025 08:16:31.873,9.853643
15-Feb-2025 08:16:31.893,0.131605,15-Feb-2025 08:16:31.893,0.09332,15-Feb-2025 08:16:31.893,9.858429
15-Feb-2025 08:16:31.913,0.131605,15-Feb-2025 08:16:31.913,0.102891,15-Feb-2025 08:16:31.913,9.858429
15-Feb-2025 08:16:31.933,0.12682,15-Feb-2025 08:16:31.933,0.102891,15-Feb-2025 08:16:31.933,9.853643
15-Feb-2025 08:16:31.953,0.131605,15-Feb-2025 08:16:31.953,0.078963,15-Feb-2025 08:16:31.953,9.858429
15-Feb-2025 08:16:31.973,0.136391,15-Feb-2025 08:16:31.973,0.102891,15-Feb-2025 08:16:31.973,9.873384
15-Feb-2025 08:16:31.993,0.131605,15-Feb-2025 08:16:31.993,0.09332,15-Feb-2025 08:16:31.993,9.863214
15-Feb-2025 08:16:32.013,0.131605,15-Feb-2025 08:16:32.013,0.088534,15-Feb-2025 08:16:32.013,9.858429
15-Feb-2025 08:16:32.033,0.136391,15-Feb-2025 08:16:32.033,0.098106,15-Feb-2025 08:16:32.033,9.858429
15-Feb-2025 08:16:32.053,0.145962,15-Feb-2025 08:16:32.053,0.09332,15-Feb-2025 08:16:32.053,9.848858
15-Feb-2025 08:16:32.073,0.136391,15-Feb-2025 08:16:32.073,0.083749,15-Feb-2025 08:16:32.073,9.858429
15-Feb-2025 08:16:32.093,0.136391,15-Feb-2025 08:16:32.093,0.09332,15-Feb-2025 08:16:32.093,9.858429
15-Feb-2025 08:16:32.113,0.12682,15-Feb-2025 08:16:32.113,0.102891,15-Feb-2025 08:16:32.113,9.858429
15-Feb-2025 08:16:32.133,0.12682,15-Feb-2025 08:16:32.133,0.088534,15-Feb-2025 08:16:32.133,9.863214
15-Feb-2025 08:16:32.153,0.131605,15-Feb-2025 08:16:32.153,0.09332,15-Feb-2025 08:16:32.153,9.858429
15-Feb-2025 08:16:32.173,0.145962,15-Feb-2025 08:16:32.173,0.09332,15-Feb-2025 08:16:32.173,9.848858
15-Feb-2025 08:16:32.193,0.136391,15-Feb-2025 08:16:32.193,0.09332,15-Feb-2025 08:16:32.193,9.853643
15-Feb-2025 08:16:32.213,0.141177,15-Feb-2025 08:16:32.213,0.083749,15-Feb-2025 08:16:32.213,9.853643
15-Feb-2025 08:16:32.233,0.141177,15-Feb-2025 08:16:32.233,0.078963,15-Feb-2025 08:16:32.233,9.858429
15-Feb-2025 08:16:32.253,0.136391,15-Feb-2025 08:16:32.253,0.078963,15-Feb-2025 08:16:32.253,9.848858
15-Feb-2025 08:16:32.272,0.131605,15-Feb-2025 08:16:32.272,0.09332,15-Feb-2025 08:16:32.272,9.853643
15-Feb-2025 08:16:32.292,0.131605,15-Feb-2025 08:16:32.292,0.088534,15-Feb-2025 08:16:32.292,9.868599
15-Feb-2025 08:16:32.312,0.136391,15-Feb-2025 08:16:32.312,0.083749,15-Feb-2025 08:16:32.312,9.858429
15-Feb-2025 08:16:32.332,0.136391,15-Feb-2025 08:16:32.332,0.083749,15-Feb-2025 08:16:32.332,9.853643
15-Feb-2025 08:16:32.352,0.145962,15-Feb-2025 08:16:32.352,0.088534,15-Feb-2025 08:16:32.352,9.848858
15-Feb-2025 08:16:32.372,0.141177,15-Feb-2025 08:16:32.372,0.09332,15-Feb-2025 08:16:32.372,9.848858
15-Feb-2025 08:16:32.392,0.150748,15-Feb-2025 08:16:32.392,0.088534,15-Feb-2025 08:16:32.392,9.863214
15-Feb-2025 08:16:32.412,0.141177,15-Feb-2025 08:16:32.412,0.098106,15-Feb-2025 08:16:32.412,9.858429
15-Feb-2025 08:16:32.432,0.150748,15-Feb-2025 08:16:32.432,0.102891,15-Feb-2025 08:16:32.432,9.844072
15-Feb-2025 08:16:32.452,0.122034,15-Feb-2025 08:16:32.452,0.102891,15-Feb-2025 08:16:32.452,9.853643
15-Feb-2025 08:16:32.472,0.136391,15-Feb-2025 08:16:32.472,0.098106,15-Feb-2025 08:16:32.472,9.858429
15-Feb-2025 08:16:32.492,0.145962,15-Feb-2025 08:16:32.492,0.09332,15-Feb-2025 08:16:32.492,9.863214
15-Feb-2025 08:16:32.512,0.117248,15-Feb-2025 08:16:32.512,0.083749,15-Feb-2025 08:16:32.512,9.848858
15-Feb-2025 08:16:32.532,0.136391,15-Feb-2025 08:16:32.532,0.098106,15-Feb-2025 08:16:32.532,9.863214
15-Feb-2025 08:16:32.552,0.12682,15-Feb-2025 08:16:32.552,0.102891,15-Feb-2025 08:16:32.552,9.863214
15-Feb-2025 08:16:32.572,0.136391,15-Feb-2025 08:16:32.572,0.09332,15-Feb-2025 08:16:32.572,9.858429
15-Feb-2025 08:16:32.592,0.141177,15-Feb-2025 08:16:32.592,0.083749,15-Feb-2025 08:16:32.592,9.858429
15-Feb-2025 08:16:32.612,0.150748,15-Feb-2025 08:16:32.612,0.09332,15-Feb-2025 08:16:32.612,9.853643
15-Feb-2025 08:16:32.632,0.136391,15-Feb-2025 08:16:32.632,0.088534,15-Feb-2025 08:16:32.632,9.858429
15-Feb-2025 08:16:32.652,0.150748,15-Feb-2025 08:16:32.652,0.083749,15-Feb-2025 08:16:32.652,9.853643
15-Feb-2025 08:16:32.672,0.145962,15-Feb-2025 08:16:32.672,0.09332,15-Feb-2025 08:16:32.672,9.844072
15-Feb-2025 08:16:32.692,0.131605,15-Feb-2025 08:16:32.692,0.088534,15-Feb-2025 08:16:32.692,9.853643
15-Feb-2025 08:16:32.712,0.122034,15-Feb-2025 08:16:32.712,0.09332,15-Feb-2025 08:16:32.712,9.853643
15-Feb-2025 08:16:32.732,0.12682,15-Feb-2025 08:16:32.732,0.088534,15-Feb-2025 08:16:32.732,9.853643
15-Feb-2025 08:16:32.752,0.141177,15-Feb-2025 08:16:32.752,0.083749,15-Feb-2025 08:16:32.752,9.853643
15-Feb-2025 08:16:32.772,0.122034,15-Feb-2025 08:16:32.772,0.098106,15-Feb-2025 08:16:32.772,9.853643
15-Feb-2025 08:16:32.792,0.131605,15-Feb-2025 08:16:32.792,0.083749,15-Feb-2025 08:16:32.792,9.853643
15-Feb-2025 08:16:32.812,0.145962,15-Feb-2025 08:16:32.812,0.088534,15-Feb-2025 08:16:32.812,9.863214
15-Feb-2025 08:16:32.832,0.141177,15-Feb-2025 08:16:32.832,0.09332,15-Feb-2025 08:16:32.832,9.853643
15-Feb-2025 08:16:32.852,0.131605,15-Feb-2025 08:16:32.852,0.078963,15-Feb-2025 08:16:32.852,9.858429
15-Feb-2025 08:16:32.872,0.12682,15-Feb-2025 08:16:32.872,0.078963,15-Feb-2025 08:16:32.872,9.868599
15-Feb-2025 08:16:32.892,0.141177,15-Feb-2025 08:16:32.892,0.078963,15-Feb-2025 08:16:32.892,9.848858
15-Feb-2025 08:16:32.912,0.141177,15-Feb-2025 08:16:32.912,0.102891,15-Feb-2025 08:16:32.912,9.853643
15-Feb-2025 08:16:32.932,0.136391,15-Feb-2025 08:16:32.932,0.09332,15-Feb-2025 08:16:32.932,9.863214
15-Feb-2025 08:16:32.952,0.136391,15-Feb-2025 08:16:32.952,0.083749,15-Feb-2025 08:16:32.952,9.858429
15-Feb-2025 08:16:32.972,0.145962,15-Feb-2025 08:16:32.972,0.102891,15-Feb-2025 08:16:32.972,9.848858
15-Feb-2025 08:16:32.992,0.131605,15-Feb-2025 08:16:32.992,0.098106,15-Feb-2025 08:16:32.992,9.848858
15-Feb-2025 08:16:33.012,0.136391,15-Feb-2025 08:16:33.012,0.098106,15-Feb-2025 08:16:33.012,9.853643
15-Feb-2025 08:16:33.032,0.136391,15-Feb-2025 08:16:33.032,0.098106,15-Feb-2025 08:16:33.032,9.858429
15-Feb-2025 08:16:33.052,0.122034,15-Feb-2025 08:16:33.052,0.088534,15-Feb-2025 08:16:33.052,9.853643
15-Feb-2025 08:16:33.072,0.12682,15-Feb-2025 08:16:33.072,0.088534,15-Feb-2025 08:16:33.072,9.853643
15-Feb-2025 08:16:33.092,0.12682,15-Feb-2025 08:16:33.092,0.088534,15-Feb-2025 08:16:33.092,9.853643
15-Feb-2025 08:16:33.112,0.12682,15-Feb-2025 08:16:33.112,0.088534,15-Feb-2025 08:16:33.112,9.863214
15-Feb-2025 08:16:33.132,0.145962,15-Feb-2025 08:16:33.132,0.098106,15-Feb-2025 08:16:33.132,9.868599
15-Feb-2025 08:16:33.152,0.12682,15-Feb-2025 08:16:33.152,0.098106,15-Feb-2025 08:16:33.152,9.863214
15-Feb-2025 08:16:33.172,0.12682,15-Feb-2025 08:16:33.172,0.102891,15-Feb-2025 08:16:33.172,9.858429
15-Feb-2025 08:16:33.192,0.141177,15-Feb-2025 08:16:33.192,0.078963,15-Feb-2025 08:16:33.192,9.858429
15-Feb-2025 08:16:33.212,0.136391,15-Feb-2025 08:16:33.212,0.074178,15-Feb-2025 08:16:33.212,9.858429
15-Feb-2025 08:16:33.232,0.136391,15-Feb-2025 08:16:33.232,0.117248,15-Feb-2025 08:16:33.232,9.863214
15-Feb-2025 08:16:33.252,0.136391,15-Feb-2025 08:16:33.252,0.09332,15-Feb-2025 08:16:33.252,9.844072
15-Feb-2025 08:16:33.272,0.12682,15-Feb-2025 08:16:33.272,0.078963,15-Feb-2025 08:16:33.272,9.848858
15-Feb-2025 08:16:33.291,0.131605,15-Feb-2025 08:16:33.291,0.102891,15-Feb-2025 08:16:33.291,9.858429
15-Feb-2025 08:16:33.311,0.145962,15-Feb-2025 08:16:33.311,0.088534,15-Feb-2025 08:16:33.311,9.858429
15-Feb-2025 08:16:33.331,0.12682,15-Feb-2025 08:16:33.331,0.088534,15-Feb-2025 08:16:33.331,9.858429
15-Feb-2025 08:16:33.351,0.145962,15-Feb-2025 08:16:33.351,0.09332,15-Feb-2025 08:16:33.351,9.848858
15-Feb-2025 08:16:33.371,0.136391,15-Feb-2025 08:16:33.371,0.088534,15-Feb-2025 08:16:33.371,9.858429
15-Feb-2025 08:16:33.391,0.12682,15-Feb-2025 08:16:33.391,0.083749,15-Feb-2025 08:16:33.391,9.858429
15-Feb-2025 08:16:33.411,0.131605,15-Feb-2025 08:16:33.411,0.09332,15-Feb-2025 08:16:33.411,9.853643
15-Feb-2025 08:16:33.431,0.131605,15-Feb-2025 08:16:33.431,0.09332,15-Feb-2025 08:16:33.431,9.858429
15-Feb-2025 08:16:33.451,0.145962,15-Feb-2025 08:16:33.451,0.088534,15-Feb-2025 08:16:33.451,9.853643
15-Feb-2025 08:16:33.471,0.131605,15-Feb-2025 08:16:33.471,0.09332,15-Feb-2025 08:16:33.471,9.858429
15-Feb-2025 08:16:33.491,0.117248,15-Feb-2025 08:16:33.491,0.088534,15-Feb-2025 08:16:33.491,9.868599
15-Feb-2025 08:16:33.511,0.141177,15-Feb-2025 08:16:33.511,0.09332,15-Feb-2025 08:16:33.511,9.839287
15-Feb-2025 08:16:33.531,0.136391,15-Feb-2025 08:16:33.531,0.09332,15-Feb-2025 08:16:33.531,9.848858
15-Feb-2025 08:16:33.551,0.12682,15-Feb-2025 08:16:33.551,0.083749,15-Feb-2025 08:16:33.551,9.853643
15-Feb-2025 08:16:33.571,0.12682,15-Feb-2025 08:16:33.571,0.102891,15-Feb-2025 08:16:33.571,9.853643
15-Feb-2025 08:16:33.591,0.131605,15-Feb-2025 08:16:33.591,0.088534,15-Feb-2025 08:16:33.591,9.853643
15-Feb-2025 08:16:33.611,0.141177,15-Feb-2025 08:16:33.611,0.107677,15-Feb-2025 08:16:33.611,9.853643
15-Feb-2025 08:16:33.630,0.136391,15-Feb-2025 08:16:33.630,0.107677,15-Feb-2025 08:16:33.630,9.858429
15-Feb-2025 08:16:33.651,0.136391,15-Feb-2025 08:16:33.651,0.078963,15-Feb-2025 08:16:33.651,9.863214
15-Feb-2025 08:16:33.671,0.136391,15-Feb-2025 08:16:33.671,0.083749,15-Feb-2025 08:16:33.671,9.868599
15-Feb-2025 08:16:33.691,0.145962,15-Feb-2025 08:16:33.691,0.078963,15-Feb-2025 08:16:33.691,9.853643
15-Feb-2025 08:16:33.711,0.122034,15-Feb-2025 08:16:33.711,0.09332,15-Feb-2025 08:16:33.711,9.863214
15-Feb-2025 08:16:33.731,0.12682,15-Feb-2025 08:16:33.731,0.083749,15-Feb-2025 08:16:33.731,9.853643
15-Feb-2025 08:16:33.751,0.150748,15-Feb-2025 08:16:33.751,0.078963,15-Feb-2025 08:16:33.751,9.863214
15-Feb-2025 08:16:33.771,0.150748,15-Feb-2025 08:16:33.771,0.098106,15-Feb-2025 08:16:33.771,9.853643
15-Feb-2025 08:16:33.791,0.136391,15-Feb-2025 08:16:33.791,0.098106,15-Feb-2025 08:16:33.791,9.858429
15-Feb-2025 08:16:33.811,0.12682,15-Feb-2025 08:16:33.811,0.09332,15-Feb-2025 08:16:33.811,9.853643
15-Feb-2025 08:16:33.831,0.12682,15-Feb-2025 08:16:33.831,0.088534,15-Feb-2025 08:16:33.831,9.844072
15-Feb-2025 08:16:33.851,0.131605,15-Feb-2025 08:16:33.851,0.098106,15-Feb-2025 08:16:33.851,9.853643
15-Feb-2025 08:16:33.871,0.12682,15-Feb-2025 08:16:33.871,0.088534,15-Feb-2025 08:16:33.871,9.858429
15-Feb-2025 08:16:33.891,0.145962,15-Feb-2025 08:16:33.891,0.098106,15-Feb-2025 08:16:33.891,9.858429
15-Feb-2025 08:16:33.911,0.131605,15-Feb-2025 08:16:33.911,0.102891,15-Feb-2025 08:16:33.911,9.853643
15-Feb-2025 08:16:33.931,0.136391,15-Feb-2025 08:16:33.931,0.102891,15-Feb-2025 08:16:33.931,9.858429
15-Feb-2025 08:16:33.951,0.145962,15-Feb-2025 08:16:33.951,0.098106,15-Feb-2025 08:16:33.951,9.853643
15-Feb-2025 08:16:33.971,0.145962,15-Feb-2025 08:16:33.971,0.088534,15-Feb-2025 08:16:33.971,9.858429
15-Feb-2025 08:16:33.991,0.145962,15-Feb-2025 08:16:33.991,0.088534,15-Feb-2025 08:16:33.991,9.873384
15-Feb-2025 08:16:34.011,0.136391,15-Feb-2025 08:16:34.011,0.09332,15-Feb-2025 08:16:34.011,9.863214
15-Feb-2025 08:16:34.031,0.131605,15-Feb-2025 08:16:34.031,0.088534,15-Feb-2025 08:16:34.031,9.858429
15-Feb-2025 08:16:34.051,0.136391,15-Feb-2025 08:16:34.051,0.09332,15-Feb-2025 08:16:34.051,9.858429
15-Feb-2025 08:16:34.071,0.131605,15-Feb-2025 08:16:34.071,0.088534,15-Feb-2025 08:16:34.071,9.848858
15-Feb-2025 08:16:34.091,0.136391,15-Feb-2025 08:16:34.091,0.074178,15-Feb-2025 08:16:34.091,9.853643
15-Feb-2025 08:16:34.111,0.136391,15-Feb-2025 08:16:34.111,0.083749,15-Feb-2025 08:16:34.111,9.868599
15-Feb-2025 08:16:34.131,0.150748,15-Feb-2025 08:16:34.131,0.088534,15-Feb-2025 08:16:34.131,9.853643
15-Feb-2025 08:16:34.151,0.136391,15-Feb-2025 08:16:34.151,0.083749,15-Feb-2025 08:16:34.151,9.858429
15-Feb-2025 08:16:34.171,0.145962,15-Feb-2025 08:16:34.171,0.088534,15-Feb-2025 08:16:34.171,9.858429
15-Feb-2025 08:16:34.191,0.150748,15-Feb-2025 08:16:34.191,0.098106,15-Feb-2025 08:16:34.191,9.858429
15-Feb-2025 08:16:34.211,0.141177,15-Feb-2025 08:16:34.211,0.098106,15-Feb-2025 08:16:34.211,9.858429
15-Feb-2025 08:16:34.231,0.136391,15-Feb-2025 08:16:34.231,0.09332,15-Feb-2025 08:16:34.231,9.848858
15-Feb-2025 08:16:34.250,0.122034,15-Feb-2025 08:16:34.250,0.088534,15-Feb-2025 08:16:34.250,9.853643
15-Feb-2025 08:16:34.270,0.136391,15-Feb-2025 08:16:34.270,0.088534,15-Feb-2025 08:16:34.270,9.844072
15-Feb-2025 08:16:34.290,0.160319,15-Feb-2025 08:16:34.290,0.083749,15-Feb-2025 08:16:34.290,9.853643
15-Feb-2025 08:16:34.310,0.145962,15-Feb-2025 08:16:34.310,0.083749,15-Feb-2025 08:16:34.310,9.858429
15-Feb-2025 08:16:34.330,0.145962,15-Feb-2025 08:16:34.330,0.083749,15-Feb-2025 08:16:34.330,9.863214
15-Feb-2025 08:16:34.350,0.141177,15-Feb-2025 08:16:34.350,0.088534,15-Feb-2025 08:16:34.350,9.863214
15-Feb-2025 08:16:34.370,0.141177,15-Feb-2025 08:16:34.370,0.088534,15-Feb-2025 08:16:34.370,9.848858
15-Feb-2025 08:16:34.390,0.136391,15-Feb-2025 08:16:34.390,0.088534,15-Feb-2025 08:16:34.390,9.863214
15-Feb-2025 08:16:34.410,0.136391,15-Feb-2025 08:16:34.410,0.09332,15-Feb-2025 08:16:34.410,9.848858
15-Feb-2025 08:16:34.430,0.12682,15-Feb-2025 08:16:34.430,0.088534,15-Feb-2025 08:16:34.430,9.844072
15-Feb-2025 08:16:34.450,0.131605,15-Feb-2025 08:16:34.450,0.102891,15-Feb-2025 08:16:34.450,9.863214
15-Feb-2025 08:16:34.470,0.136391,15-Feb-2025 08:16:34.470,0.098106,15-Feb-2025 08:16:34.470,9.863214
15-Feb-2025 08:16:34.490,0.141177,15-Feb-2025 08:16:34.490,0.102891,15-Feb-2025 08:16:34.490,9.858429
15-Feb-2025 08:16:34.510,0.136391,15-Feb-2025 08:16:34.510,0.09332,15-Feb-2025 08:16:34.510,9.848858
15-Feb-2025 08:16:34.530,0.12682,15-Feb-2025 08:16:34.530,0.088534,15-Feb-2025 08:16:34.530,9.853643
15-Feb-2025 08:16:34.550,0.131605,15-Feb-2025 08:16:34.550,0.074178,15-Feb-2025 08:16:34.550,9.853643
15-Feb-2025 08:16:34.570,0.131605,15-Feb-2025 08:16:34.570,0.09332,15-Feb-2025 08:16:34.570,9.853643
15-Feb-2025 08:16:34.590,0.131605,15-Feb-2025 08:16:34.590,0.09332,15-Feb-2025 08:16:34.590,9.848858
15-Feb-2025 08:16:34.610,0.131605,15-Feb-2025 08:16:34.610,0.078963,15-Feb-2025 08:16:34.610,9.858429
15-Feb-2025 08:16:34.630,0.131605,15-Feb-2025 08:16:34.630,0.09332,15-Feb-2025 08:16:34.630,9.853643
15-Feb-2025 08:16:34.650,0.122034,15-Feb-2025 08:16:34.650,0.083749,15-Feb-2025 08:16:34.650,9.868599
15-Feb-2025 08:16:34.670,0.12682,15-Feb-2025 08:16:34.670,0.088534,15-Feb-2025 08:16:34.670,9.863214
15-Feb-2025 08:16:34.690,0.150748,15-Feb-2025 08:16:34.690,0.088534,15-Feb-2025 08:16:34.690,9.858429
15-Feb-2025 08:16:34.710,0.131605,15-Feb-2025 08:16:34.710,0.083749,15-Feb-2025 08:16:34.710,9.848858
15-Feb-2025 08:16:34.730,0.117248,15-Feb-2025 08:16:34.730,0.088534,15-Feb-2025 08:16:34.730,9.858429
15-Feb-2025 08:16:34.750,0.131605,15-Feb-2025 08:16:34.750,0.098106,15-Feb-2025 08:16:34.750,9.848858
15-Feb-2025 08:16:34.769,0.155533,15-Feb-2025 08:16:34.769,0.088534,15-Feb-2025 08:16:34.769,9.853643
15-Feb-2025 08:16:34.790,0.131605,15-Feb-2025 08:16:34.790,0.083749,15-Feb-2025 08:16:34.790,9.853643
15-Feb-2025 08:16:34.810,0.12682,15-Feb-2025 08:16:34.810,0.088534,15-Feb-2025 08:16:34.810,9.853643
15-Feb-2025 08:16:34.830,0.131605,15-Feb-2025 08:16:34.830,0.088534,15-Feb-2025 08:16:34.830,9.858429
15-Feb-2025 08:16:34.850,0.136391,15-Feb-2025 08:16:34.850,0.09332,15-Feb-2025 08:16:34.850,9.853643
15-Feb-2025 08:16:34.870,0.141177,15-Feb-2025 08:16:34.870,0.083749,15-Feb-2025 08:16:34.870,9.848858
15-Feb-2025 08:16:34.890,0.145962,15-Feb-2025 08:16:34.890,0.083749,15-Feb-2025 08:16:34.890,9.848858
15-Feb-2025 08:16:34.910,0.131605,15-Feb-2025 08:16:34.910,0.09332,15-Feb-2025 08:16:34.910,9.863214
15-Feb-2025 08:16:34.930,0.136391,15-Feb-2025 08:16:34.930,0.09332,15-Feb-2025 08:16:34.930,9.858429
15-Feb-2025 08:16:34.950,0.131605,15-Feb-2025 08:16:34.950,0.088534,15-Feb-2025 08:16:34.950,9.858429
15-Feb-2025 08:16:34.970,0.145962,15-Feb-2025 08:16:34.970,0.088534,15-Feb-2025 08:16:34.970,9.863214
15-Feb-2025 08:16:34.990,0.150748,15-Feb-2025 08:16:34.990,0.098106,15-Feb-2025 08:16:34.990,9.858429
15-Feb-2025 08:16:35.010,0.136391,15-Feb-2025 08:16:35.010,0.09332,15-Feb-2025 08:16:35.010,9.858429
15-Feb-2025 08:16:35.030,0.131605,15-Feb-2025 08:16:35.030,0.083749,15-Feb-2025 08:16:35.030,9.858429
15-Feb-2025 08:16:35.050,0.122034,15-Feb-2025 08:16:35.050,0.078963,15-Feb-2025 08:16:35.050,9.858429
15-Feb-2025 08:16:35.070,0.12682,15-Feb-2025 08:16:35.070,0.09332,15-Feb-2025 08:16:35.070,9.853643
15-Feb-2025 08:16:35.090,0.12682,15-Feb-2025 08:16:35.090,0.088534,15-Feb-2025 08:16:35.090,9.858429
15-Feb-2025 08:16:35.110,0.150748,15-Feb-2025 08:16:35.110,0.078963,15-Feb-2025 08:16:35.110,9.848858
15-Feb-2025 08:16:35.130,0.145962,15-Feb-2025 08:16:35.130,0.078963,15-Feb-2025 08:16:35.130,9.844072
15-Feb-2025 08:16:35.150,0.136391,15-Feb-2025 08:16:35.150,0.088534,15-Feb-2025 08:16:35.150,9.848858
15-Feb-2025 08:16:35.170,0.131605,15-Feb-2025 08:16:35.170,0.09332,15-Feb-2025 08:16:35.170,9.858429
15-Feb-2025 08:16:35.190,0.141177,15-Feb-2025 08:16:35.190,0.088534,15-Feb-2025 08:16:35.190,9.868599
15-Feb-2025 08:16:35.209,0.145962,15-Feb-2025 08:16:35.209,0.088534,15-Feb-2025 08:16:35.209,9.853643
15-Feb-2025 08:16:35.229,0.141177,15-Feb-2025 08:16:35.229,0.098106,15-Feb-2025 08:16:35.229,9.853643
15-Feb-2025 08:16:35.249,0.141177,15-Feb-2025 08:16:35.249,0.088534,15-Feb-2025 08:16:35.249,9.848858
15-Feb-2025 08:16:35.269,0.150748,15-Feb-2025 08:16:35.269,0.09332,15-Feb-2025 08:16:35.269,9.858429
15-Feb-2025 08:16:35.289,0.145962,15-Feb-2025 08:16:35.289,0.083749,15-Feb-2025 08:16:35.289,9.858429
15-Feb-2025 08:16:35.309,0.131605,15-Feb-2025 08:16:35.309,0.083749,15-Feb-2025 08:16:35.309,9.858429
15-Feb-2025 08:16:35.329,0.136391,15-Feb-2025 08:16:35.329,0.088534,15-Feb-2025 08:16:35.329,9.858429
15-Feb-2025 08:16:35.349,0.141177,15-Feb-2025 08:16:35.349,0.088534,15-Feb-2025 08:16:35.349,9.853643
15-Feb-2025 08:16:35.369,0.145962,15-Feb-2025 08:16:35.369,0.078963,15-Feb-2025 08:16:35.369,9.863214
15-Feb-2025 08:16:35.389,0.136391,15-Feb-2025 08:16:35.389,0.09332,15-Feb-2025 08:16:35.389,9.863214
15-Feb-2025 08:16:35.409,0.136391,15-Feb-2025 08:16:35.409,0.09332,15-Feb-2025 08:16:35.409,9.863214
15-Feb-2025 08:16:35.429,0.12682,15-Feb-2025 08:16:35.429,0.083749,15-Feb-2025 08:16:35.429,9.853643
15-Feb-2025 08:16:35.449,0.131605,15-Feb-2025 08:16:35.449,0.088534,15-Feb-2025 08:16:35.449,9.858429
15-Feb-2025 08:16:35.469,0.141177,15-Feb-2025 08:16:35.469,0.083749,15-Feb-2025 08:16:35.469,9.868599
15-Feb-2025 08:16:35.489,0.141177,15-Feb-2025 08:16:35.489,0.09332,15-Feb-2025 08:16:35.489,9.868599
15-Feb-2025 08:16:35.509,0.141177,15-Feb-2025 08:16:35.509,0.078963,15-Feb-2025 08:16:35.509,9.863214
15-Feb-2025 08:16:35.529,0.136391,15-Feb-2025 08:16:35.529,0.088534,15-Feb-2025 08:16:35.529,9.873384
15-Feb-2025 08:16:35.549,0.145962,15-Feb-2025 08:16:35.549,0.088534,15-Feb-2025 08:16:35.549,9.853643
15-Feb-2025 08:16:35.569,0.150748,15-Feb-2025 08:16:35.569,0.098106,15-Feb-2025 08:16:35.569,9.853643
15-Feb-2025 08:16:35.589,0.12682,15-Feb-2025 08:16:35.589,0.088534,15-Feb-2025 08:16:35.589,9.87817
15-Feb-2025 08:16:35.609,0.136391,15-Feb-2025 08:16:35.609,0.088534,15-Feb-2025 08:16:35.609,9.858429
15-Feb-2025 08:16:35.629,0.12682,15-Feb-2025 08:16:35.629,0.09332,15-Feb-2025 08:16:35.629,9.858429
15-Feb-2025 08:16:35.649,0.131605,15-Feb-2025 08:16:35.649,0.083749,15-Feb-2025 08:16:35.649,9.863214
15-Feb-2025 08:16:35.669,0.141177,15-Feb-2025 08:16:35.669,0.088534,15-Feb-2025 08:16:35.669,9.853643
15-Feb-2025 08:16:35.689,0.136391,15-Feb-2025 08:16:35.689,0.078963,15-Feb-2025 08:16:35.689,9.839287
15-Feb-2025 08:16:35.709,0.136391,15-Feb-2025 08:16:35.709,0.074178,15-Feb-2025 08:16:35.709,9.844072
15-Feb-2025 08:16:35.729,0.117248,15-Feb-2025 08:16:35.729,0.083749,15-Feb-2025 08:16:35.729,9.873384
15-Feb-2025 08:16:35.749,0.122034,15-Feb-2025 08:16:35.749,0.078963,15-Feb-2025 08:16:35.749,9.853643
15-Feb-2025 08:16:35.769,0.136391,15-Feb-2025 08:16:35.769,0.088534,15-Feb-2025 08:16:35.769,9.858429
15-Feb-2025 08:16:35.789,0.12682,15-Feb-2025 08:16:35.789,0.107677,15-Feb-2025 08:16:35.789,9.853643
15-Feb-2025 08:16:35.809,0.131605,15-Feb-2025 08:16:35.809,0.088534,15-Feb-2025 08:16:35.809,9.844072
15-Feb-2025 08:16:35.829,0.12682,15-Feb-2025 08:16:35.829,0.088534,15-Feb-2025 08:16:35.829,9.858429
15-Feb-2025 08:16:35.849,0.12682,15-Feb-2025 08:16:35.849,0.09332,15-Feb-2025 08:16:35.849,9.848858
15-Feb-2025 08:16:35.869,0.131605,15-Feb-2025 08:16:35.869,0.09332,15-Feb-2025 08:16:35.869,9.858429
15-Feb-2025 08:16:35.889,0.141177,15-Feb-2025 08:16:35.889,0.09332,15-Feb-2025 08:16:35.889,9.858429
15-Feb-2025 08:16:35.909,0.141177,15-Feb-2025 08:16:35.909,0.078963,15-Feb-2025 08:16:35.909,9.853643
15-Feb-2025 08:16:35.929,0.136391,15-Feb-2025 08:16:35.929,0.083749,15-Feb-2025 08:16:35.929,9.863214
15-Feb-2025 08:16:35.949,0.131605,15-Feb-2025 08:16:35.949,0.088534,15-Feb-2025 08:16:35.949,9.858429
15-Feb-2025 08:16:35.969,0.141177,15-Feb-2025 08:16:35.969,0.083749,15-Feb-2025 08:16:35.969,9.863214
15-Feb-2025 08:16:35.989,0.131605,15-Feb-2025 08:16:35.989,0.102891,15-Feb-2025 08:16:35.989,9.863214
15-Feb-2025 08:16:36.009,0.136391,15-Feb-2025 08:16:36.009,0.09332,15-Feb-2025 08:16:36.009,9.863214
15-Feb-2025 08:16:36.029,0.145962,15-Feb-2025 08:16:36.029,0.088534,15-Feb-2025 08:16:36.029,9.863214
15-Feb-2025 08:16:36.049,0.12682,15-Feb-2025 08:16:36.049,0.078963,15-Feb-2025 08:16:36.049,9.848858
15-Feb-2025 08:16:36.069,0.145962,15-Feb-2025 08:16:36.069,0.083749,15-Feb-2025 08:16:36.069,9.853643
15-Feb-2025 08:16:36.089,0.12682,15-Feb-2025 08:16:36.089,0.088534,15-Feb-2025 08:16:36.089,9.853643
15-Feb-2025 08:16:36.109,0.122034,15-Feb-2025 08:16:36.109,0.078963,15-Feb-2025 08:16:36.109,9.873384
15-Feb-2025 08:16:36.129,0.131605,15-Feb-2025 08:16:36.129,0.09332,15-Feb-2025 08:16:36.129,9.858429
15-Feb-2025 08:16:36.148,0.141177,15-Feb-2025 08:16:36.148,0.088534,15-Feb-2025 08:16:36.148,9.853643
15-Feb-2025 08:16:36.168,0.131605,15-Feb-2025 08:16:36.168,0.083749,15-Feb-2025 08:16:36.168,9.858429
15-Feb-2025 08:16:36.188,0.141177,15-Feb-2025 08:16:36.188,0.083749,15-Feb-2025 08:16:36.188,9.853643
15-Feb-2025 08:16:36.208,0.145962,15-Feb-2025 08:16:36.208,0.09332,15-Feb-2025 08:16:36.208,9.858429
15-Feb-2025 08:16:36.228,0.131605,15-Feb-2025 08:16:36.228,0.098106,15-Feb-2025 08:16:36.228,9.853643
15-Feb-2025 08:16:36.248,0.145962,15-Feb-2025 08:16:36.248,0.098106,15-Feb-2025 08:16:36.248,9.853643
15-Feb-2025 08:16:36.268,0.136391,15-Feb-2025 08:16:36.268,0.098106,15-Feb-2025 08:16:36.268,9.848858
15-Feb-2025 08:16:36.288,0.136391,15-Feb-2025 08:16:36.288,0.088534,15-Feb-2025 08:16:36.288,9.853643
15-Feb-2025 08:16:36.308,0.141177,15-Feb-2025 08:16:36.308,0.09332,15-Feb-2025 08:16:36.308,9.863214
15-Feb-2025 08:16:36.328,0.12682,15-Feb-2025 08:16:36.328,0.083749,15-Feb-2025 08:16:36.328,9.863214
15-Feb-2025 08:16:36.348,0.141177,15-Feb-2025 08:16:36.348,0.083749,15-Feb-2025 08:16:36.348,9.858429
15-Feb-2025 08:16:36.368,0.131605,15-Feb-2025 08:16:36.368,0.078963,15-Feb-2025 08:16:36.368,9.853643
15-Feb-2025 08:16:36.388,0.122034,15-Feb-2025 08:16:36.388,0.102891,15-Feb-2025 08:16:36.388,9.853643
15-Feb-2025 08:16:36.408,0.131605,15-Feb-2025 08:16:36.408,0.074178,15-Feb-2025 08:16:36.408,9.853643
15-Feb-2025 08:16:36.428,0.141177,15-Feb-2025 08:16:36.428,0.088534,15-Feb-2025 08:16:36.428,9.853643
15-Feb-2025 08:16:36.448,0.141177,15-Feb-2025 08:16:36.448,0.088534,15-Feb-2025 08:16:36.448,9.853643
15-Feb-2025 08:16:36.468,0.12682,15-Feb-2025 08:16:36.468,0.083749,15-Feb-2025 08:16:36.468,9.858429
15-Feb-2025 08:16:36.488,0.136391,15-Feb-2025 08:16:36.488,0.09332,15-Feb-2025 08:16:36.488,9.853643
15-Feb-2025 08:16:36.508,0.136391,15-Feb-2025 08:16:36.508,0.088534,15-Feb-2025 08:16:36.508,9.853643
15-Feb-2025 08:16:36.528,0.131605,15-Feb-2025 08:16:36.528,0.09332,15-Feb-2025 08:16:36.528,9.853643
15-Feb-2025 08:16:36.548,0.141177,15-Feb-2025 08:16:36.548,0.09332,15-Feb-2025 08:16:36.548,9.853643
15-Feb-2025 08:16:36.568,0.136391,15-Feb-2025 08:16:36.568,0.088534,15-Feb-2025 08:16:36.568,9.858429
15-Feb-2025 08:16:36.588,0.136391,15-Feb-2025 08:16:36.588,0.083749,15-Feb-2025 08:16:36.588,9.848858
15-Feb-2025 08:16:36.608,0.141177,15-Feb-2025 08:16:36.608,0.088534,15-Feb-2025 08:16:36.608,9.858429
15-Feb-2025 08:16:36.628,0.136391,15-Feb-2025 08:16:36.628,0.09332,15-Feb-2025 08:16:36.628,9.858429
15-Feb-2025 08:16:36.648,0.12682,15-Feb-2025 08:16:36.648,0.098106,15-Feb-2025 08:16:36.648,9.848858
15-Feb-2025 08:16:36.668,0.131605,15-Feb-2025 08:16:36.668,0.098106,15-Feb-2025 08:16:36.668,9.858429
15-Feb-2025 08:16:36.688,0.136391,15-Feb-2025 08:16:36.688,0.083749,15-Feb-2025 08:16:36.688,9.858429
15-Feb-2025 08:16:36.708,0.12682,15-Feb-2025 08:16:36.708,0.088534,15-Feb-2025 08:16:36.708,9.863214
15-Feb-2025 08:16:36.728,0.12682,15-Feb-2025 08:16:36.728,0.088534,15-Feb-2025 08:16:36.728,9.858429
15-Feb-2025 08:16:36.748,0.136391,15-Feb-2025 08:16:36.748,0.098106,15-Feb-2025 08:16:36.748,9.863214
15-Feb-2025 08:16:36.768,0.150748,15-Feb-2025 08:16:36.768,0.098106,15-Feb-2025 08:16:36.768,9.858429
15-Feb-2025 08:16:36.788,0.122034,15-Feb-2025 08:16:36.788,0.09332,15-Feb-2025 08:16:36.788,9.858429
15-Feb-2025 08:16:36.808,0.131605,15-Feb-2025 08:16:36.808,0.078963,15-Feb-2025 08:16:36.808,9.858429
15-Feb-2025 08:16:36.828,0.122034,15-Feb-2025 08:16:36.828,0.078963,15-Feb-2025 08:16:36.828,9.858429
15-Feb-2025 08:16:36.848,0.131605,15-Feb-2025 08:16:36.848,0.09332,15-Feb-2025 08:16:36.848,9.858429
15-Feb-2025 08:16:36.868,0.141177,15-Feb-2025 08:16:36.868,0.09332,15-Feb-2025 08:16:36.868,9.858429
15-Feb-2025 08:16:36.888,0.141177,15-Feb-2025 08:16:36.888,0.078963,15-Feb-2025 08:16:36.888,9.863214
15-Feb-2025 08:16:36.908,0.145962,15-Feb-2025 08:16:36.908,0.088534,15-Feb-2025 08:16:36.908,9.858429
15-Feb-2025 08:16:36.928,0.145962,15-Feb-2025 08:16:36.928,0.09332,15-Feb-2025 08:16:36.928,9.853643
15-Feb-2025 08:16:36.948,0.145962,15-Feb-2025 08:16:36.948,0.088534,15-Feb-2025 08:16:36.948,9.858429
15-Feb-2025 08:16:36.968,0.131605,15-Feb-2025 08:16:36.968,0.098106,15-Feb-2025 08:16:36.968,9.868599
15-Feb-2025 08:16:36.988,0.12682,15-Feb-2025 08:16:36.988,0.088534,15-Feb-2025 08:16:36.988,9.868599
15-Feb-2025 08:16:37.008,0.12682,15-Feb-2025 08:16:37.008,0.088534,15-Feb-2025 08:16:37.008,9.868599
15-Feb-2025 08:16:37.028,0.131605,15-Feb-2025 08:16:37.028,0.098106,15-Feb-2025 08:16:37.028,9.858429
15-Feb-2025 08:16:37.048,0.122034,15-Feb-2025 08:16:37.048,0.083749,15-Feb-2025 08:16:37.048,9.868599
15-Feb-2025 08:16:37.068,0.131605,15-Feb-2025 08:16:37.068,0.078963,15-Feb-2025 08:16:37.068,9.858429
15-Feb-2025 08:16:37.088,0.12682,15-Feb-2025 08:16:37.088,0.078963,15-Feb-2025 08:16:37.088,9.853643
15-Feb-2025 08:16:37.108,0.141177,15-Feb-2025 08:16:37.108,0.088534,15-Feb-2025 08:16:37.108,9.858429
15-Feb-2025 08:16:37.127,0.136391,15-Feb-2025 08:16:37.127,0.09332,15-Feb-2025 08:16:37.127,9.863214
15-Feb-2025 08:16:37.147,0.145962,15-Feb-2025 08:16:37.147,0.098106,15-Feb-2025 08:16:37.147,9.863214
15-Feb-2025 08:16:37.167,0.131605,15-Feb-2025 08:16:37.167,0.078963,15-Feb-2025 08:16:37.167,9.863214
15-Feb-2025 08:16:37.187,0.141177,15-Feb-2025 08:16:37.187,0.09332,15-Feb-2025 08:16:37.187,9.858429
15-Feb-2025 08:16:37.207,0.136391,15-Feb-2025 08:16:37.207,0.098106,15-Feb-2025 08:16:37.207,9.858429
15-Feb-2025 08:16:37.227,0.12682,15-Feb-2025 08:16:37.227,0.083749,15-Feb-2025 08:16:37.227,9.863214
15-Feb-2025 08:16:37.247,0.117248,15-Feb-2025 08:16:37.247,0.09332,15-Feb-2025 08:16:37.247,9.868599
15-Feb-2025 08:16:37.267,0.136391,15-Feb-2025 08:16:37.267,0.088534,15-Feb-2025 08:16:37.267,9.853643
15-Feb-2025 08:16:37.287,0.136391,15-Feb-2025 08:16:37.287,0.083749,15-Feb-2025 08:16:37.287,9.858429
15-Feb-2025 08:16:37.307,0.136391,15-Feb-2025 08:16:37.307,0.083749,15-Feb-2025 08:16:37.307,9.863214
15-Feb-2025 08:16:37.327,0.122034,15-Feb-2025 08:16:37.327,0.083749,15-Feb-2025 08:16:37.327,9.858429
15-Feb-2025 08:16:37.347,0.145962,15-Feb-2025 08:16:37.347,0.083749,15-Feb-2025 08:16:37.347,9.853643
15-Feb-2025 08:16:37.367,0.136391,15-Feb-2025 08:16:37.367,0.088534,15-Feb-2025 08:16:37.367,9.868599
15-Feb-2025 08:16:37.387,0.131605,15-Feb-2025 08:16:37.387,0.083749,15-Feb-2025 08:16:37.387,9.853643
15-Feb-2025 08:16:37.407,0.12682,15-Feb-2025 08:16:37.407,0.078963,15-Feb-2025 08:16:37.407,9.853643
15-Feb-2025 08:16:37.427,0.136391,15-Feb-2025 08:16:37.427,0.083749,15-Feb-2025 08:16:37.427,9.868599
15-Feb-2025 08:16:37.447,0.141177,15-Feb-2025 08:16:37.447,0.098106,15-Feb-2025 08:16:37.447,9.853643
15-Feb-2025 08:16:37.467,0.155533,15-Feb-2025 08:16:37.467,0.09332,15-Feb-2025 08:16:37.467,9.863214
15-Feb-2025 08:16:37.487,0.122034,15-Feb-2025 08:16:37.487,0.098106,15-Feb-2025 08:16:37.487,9.863214
15-Feb-2025 08:16:37.507,0.141177,15-Feb-2025 08:16:37.507,0.083749,15-Feb-2025 08:16:37.507,9.839287
15-Feb-2025 08:16:37.527,0.141177,15-Feb-2025 08:16:37.527,0.088534,15-Feb-2025 08:16:37.527,9.853643
15-Feb-2025 08:16:37.547,0.131605,15-Feb-2025 08:16:37.547,0.083749,15-Feb-2025 08:16:37.547,9.868599
15-Feb-2025 08:16:37.567,0.136391,15-Feb-2025 08:16:37.567,0.088534,15-Feb-2025 08:16:37.567,9.853643
15-Feb-2025 08:16:37.587,0.131605,15-Feb-2025 08:16:37.587,0.074178,15-Feb-2025 08:16:37.587,9.863214
15-Feb-2025 08:16:37.607,0.136391,15-Feb-2025 08:16:37.607,0.078963,15-Feb-2025 08:16:37.607,9.868599
15-Feb-2025 08:16:37.627,0.136391,15-Feb-2025 08:16:37.627,0.09332,15-Feb-2025 08:16:37.627,9.868599
15-Feb-2025 08:16:37.647,0.141177,15-Feb-2025 08:16:37.647,0.078963,15-Feb-2025 08:16:37.647,9.868599
15-Feb-2025 08:16:37.667,0.136391,15-Feb-2025 08:16:37.667,0.083749,15-Feb-2025 08:16:37.667,9.868599
15-Feb-2025 08:16:37.687,0.122034,15-Feb-2025 08:16:37.687,0.088534,15-Feb-2025 08:16:37.687,9.863214
15-Feb-2025 08:16:37.707,0.136391,15-Feb-2025 08:16:37.707,0.083749,15-Feb-2025 08:16:37.707,9.858429
15-Feb-2025 08:16:37.727,0.131605,15-Feb-2025 08:16:37.727,0.088534,15-Feb-2025 08:16:37.727,9.868599
15-Feb-2025 08:16:37.747,0.136391,15-Feb-2025 08:16:37.747,0.078963,15-Feb-2025 08:16:37.747,9.853643
15-Feb-2025 08:16:37.767,0.136391,15-Feb-2025 08:16:37.767,0.069392,15-Feb-2025 08:16:37.767,9.853643
15-Feb-2025 08:16:37.787,0.136391,15-Feb-2025 08:16:37.787,0.088534,15-Feb-2025 08:16:37.787,9.868599
15-Feb-2025 08:16:37.807,0.136391,15-Feb-2025 08:16:37.807,0.088534,15-Feb-2025 08:16:37.807,9.853643
15-Feb-2025 08:16:37.827,0.136391,15-Feb-2025 08:16:37.827,0.09332,15-Feb-2025 08:16:37.827,9.848858
15-Feb-2025 08:16:37.847,0.136391,15-Feb-2025 08:16:37.847,0.09332,15-Feb-2025 08:16:37.847,9.858429
15-Feb-2025 08:16:37.867,0.131605,15-Feb-2025 08:16:37.867,0.088534,15-Feb-2025 08:16:37.867,9.863214
15-Feb-2025 08:16:37.887,0.131605,15-Feb-2025 08:16:37.887,0.083749,15-Feb-2025 08:16:37.887,9.868599
15-Feb-2025 08:16:37.907,0.141177,15-Feb-2025 08:16:37.907,0.088534,15-Feb-2025 08:16:37.907,9.858429
15-Feb-2025 08:16:37.927,0.131605,15-Feb-2025 08:16:37.927,0.078963,15-Feb-2025 08:16:37.927,9.858429
15-Feb-2025 08:16:37.947,0.145962,15-Feb-2025 08:16:37.947,0.083749,15-Feb-2025 08:16:37.947,9.853643
15-Feb-2025 08:16:37.967,0.136391,15-Feb-2025 08:16:37.967,0.088534,15-Feb-2025 08:16:37.967,9.848858
15-Feb-2025 08:16:37.987,0.122034,15-Feb-2025 08:16:37.987,0.088534,15-Feb-2025 08:16:37.987,9.853643
15-Feb-2025 08:16:38.007,0.141177,15-Feb-2025 08:16:38.007,0.083749,15-Feb-2025 08:16:38.007,9.868599
15-Feb-2025 08:16:38.027,0.131605,15-Feb-2025 08:16:38.027,0.098106,15-Feb-2025 08:16:38.027,9.863214
15-Feb-2025 08:16:38.047,0.117248,15-Feb-2025 08:16:38.047,0.09332,15-Feb-2025 08:16:38.047,9.863214
15-Feb-2025 08:16:38.067,0.122034,15-Feb-2025 08:16:38.067,0.09332,15-Feb-2025 08:16:38.067,9.868599
15-Feb-2025 08:16:38.086,0.136391,15-Feb-2025 08:16:38.086,0.088534,15-Feb-2025 08:16:38.086,9.853643
15-Feb-2025 08:16:38.106,0.136391,15-Feb-2025 08:16:38.106,0.088534,15-Feb-2025 08:16:38.106,9.858429
15-Feb-2025 08:16:38.126,0.136391,15-Feb-2025 08:16:38.126,0.088534,15-Feb-2025 08:16:38.126,9.863214
15-Feb-2025 08:16:38.146,0.141177,15-Feb-2025 08:16:38.146,0.09332,15-Feb-2025 08:16:38.146,9.848858
15-Feb-2025 08:16:38.166,0.141177,15-Feb-2025 08:16:38.166,0.078963,15-Feb-2025 08:16:38.166,9.853643
15-Feb-2025 08:16:38.186,0.131605,15-Feb-2025 08:16:38.186,0.088534,15-Feb-2025 08:16:38.186,9.868599
15-Feb-2025 08:16:38.206,0.136391,15-Feb-2025 08:16:38.206,0.088534,15-Feb-2025 08:16:38.206,9.858429
15-Feb-2025 08:16:38.226,0.136391,15-Feb-2025 08:16:38.226,0.09332,15-Feb-2025 08:16:38.226,9.853643
15-Feb-2025 08:16:38.246,0.136391,15-Feb-2025 08:16:38.246,0.09332,15-Feb-2025 08:16:38.246,9.853643
15-Feb-2025 08:16:38.266,0.141177,15-Feb-2025 08:16:38.266,0.102891,15-Feb-2025 08:16:38.266,9.858429
15-Feb-2025 08:16:38.286,0.136391,15-Feb-2025 08:16:38.286,0.09332,15-Feb-2025 08:16:38.286,9.853643
15-Feb-2025 08:16:38.306,0.141177,15-Feb-2025 08:16:38.306,0.098106,15-Feb-2025 08:16:38.306,9.868599
15-Feb-2025 08:16:38.326,0.145962,15-Feb-2025 08:16:38.326,0.083749,15-Feb-2025 08:16:38.326,9.863214
15-Feb-2025 08:16:38.346,0.131605,15-Feb-2025 08:16:38.346,0.102891,15-Feb-2025 08:16:38.346,9.868599
15-Feb-2025 08:16:38.366,0.141177,15-Feb-2025 08:16:38.366,0.112463,15-Feb-2025 08:16:38.366,9.87817
15-Feb-2025 08:16:38.386,0.12682,15-Feb-2025 08:16:38.386,0.083749,15-Feb-2025 08:16:38.386,9.863214
15-Feb-2025 08:16:38.406,0.136391,15-Feb-2025 08:16:38.406,0.09332,15-Feb-2025 08:16:38.406,9.863214
15-Feb-2025 08:16:38.426,0.141177,15-Feb-2025 08:16:38.426,0.088534,15-Feb-2025 08:16:38.426,9.858429
15-Feb-2025 08:16:38.446,0.136391,15-Feb-2025 08:16:38.446,0.088534,15-Feb-2025 08:16:38.446,9.853643
15-Feb-2025 08:16:38.466,0.136391,15-Feb-2025 08:16:38.466,0.098106,15-Feb-2025 08:16:38.466,9.844072
15-Feb-2025 08:16:38.486,0.136391,15-Feb-2025 08:16:38.486,0.088534,15-Feb-2025 08:16:38.486,9.848858
15-Feb-2025 08:16:38.506,0.131605,15-Feb-2025 08:16:38.506,0.083749,15-Feb-2025 08:16:38.506,9.853643
15-Feb-2025 08:16:38.526,0.145962,15-Feb-2025 08:16:38.526,0.088534,15-Feb-2025 08:16:38.526,9.848858
15-Feb-2025 08:16:38.546,0.141177,15-Feb-2025 08:16:38.546,0.09332,15-Feb-2025 08:16:38.546,9.858429
15-Feb-2025 08:16:38.566,0.131605,15-Feb-2025 08:16:38.566,0.09332,15-Feb-2025 08:16:38.566,9.858429
15-Feb-2025 08:16:38.586,0.131605,15-Feb-2025 08:16:38.586,0.088534,15-Feb-2025 08:16:38.586,9.853643
15-Feb-2025 08:16:38.606,0.131605,15-Feb-2025 08:16:38.606,0.098106,15-Feb-2025 08:16:38.606,9.863214
15-Feb-2025 08:16:38.626,0.12682,15-Feb-2025 08:16:38.626,0.098106,15-Feb-2025 08:16:38.626,9.853643
15-Feb-2025 08:16:38.645,0.145962,15-Feb-2025 08:16:38.645,0.098106,15-Feb-2025 08:16:38.645,9.858429
15-Feb-2025 08:16:38.666,0.131605,15-Feb-2025 08:16:38.666,0.088534,15-Feb-2025 08:16:38.666,9.863214
15-Feb-2025 08:16:38.686,0.136391,15-Feb-2025 08:16:38.686,0.078963,15-Feb-2025 08:16:38.686,9.853643
15-Feb-2025 08:16:38.706,0.141177,15-Feb-2025 08:16:38.706,0.088534,15-Feb-2025 08:16:38.706,9.853643
15-Feb-2025 08:16:38.726,0.136391,15-Feb-2025 08:16:38.726,0.098106,15-Feb-2025 08:16:38.726,9.863214
15-Feb-2025 08:16:38.746,0.131605,15-Feb-2025 08:16:38.746,0.098106,15-Feb-2025 08:16:38.746,9.848858
15-Feb-2025 08:16:38.766,0.141177,15-Feb-2025 08:16:38.766,0.088534,15-Feb-2025 08:16:38.766,9.853643
15-Feb-2025 08:16:38.786,0.12682,15-Feb-2025 08:16:38.786,0.09332,15-Feb-2025 08:16:38.786,9.853643
15-Feb-2025 08:16:38.806,0.136391,15-Feb-2025 08:16:38.806,0.09332,15-Feb-2025 08:16:38.806,9.858429
15-Feb-2025 08:16:38.826,0.136391,15-Feb-2025 08:16:38.826,0.083749,15-Feb-2025 08:16:38.826,9.858429
15-Feb-2025 08:16:38.846,0.131605,15-Feb-2025 08:16:38.846,0.09332,15-Feb-2025 08:16:38.846,9.858429
15-Feb-2025 08:16:38.866,0.12682,15-Feb-2025 08:16:38.866,0.083749,15-Feb-2025 08:16:38.866,9.873384
15-Feb-2025 08:16:38.886,0.136391,15-Feb-2025 08:16:38.886,0.09332,15-Feb-2025 08:16:38.886,9.858429
15-Feb-2025 08:16:38.906,0.145962,15-Feb-2025 08:16:38.906,0.098106,15-Feb-2025 08:16:38.906,9.863214
15-Feb-2025 08:16:38.926,0.12682,15-Feb-2025 08:16:38.926,0.09332,15-Feb-2025 08:16:38.926,9.853643
15-Feb-2025 08:16:38.946,0.131605,15-Feb-2025 08:16:38.946,0.102891,15-Feb-2025 08:16:38.946,9.853643
15-Feb-2025 08:16:38.966,0.145962,15-Feb-2025 08:16:38.966,0.09332,15-Feb-2025 08:16:38.966,9.868599
15-Feb-2025 08:16:38.986,0.122034,15-Feb-2025 08:16:38.986,0.09332,15-Feb-2025 08:16:38.986,9.858429
15-Feb-2025 08:16:39.006,0.12682,15-Feb-2025 08:16:39.006,0.088534,15-Feb-2025 08:16:39.006,9.858429
15-Feb-2025 08:16:39.026,0.122034,15-Feb-2025 08:16:39.026,0.069392,15-Feb-2025 08:16:39.026,9.873384
15-Feb-2025 08:16:39.045,0.136391,15-Feb-2025 08:16:39.045,0.078963,15-Feb-2025 08:16:39.045,9.868599
15-Feb-2025 08:16:39.065,0.150748,15-Feb-2025 08:16:39.065,0.09332,15-Feb-2025 08:16:39.065,9.873384
15-Feb-2025 08:16:39.085,0.145962,15-Feb-2025 08:16:39.085,0.098106,15-Feb-2025 08:16:39.085,9.863214
15-Feb-2025 08:16:39.105,0.12682,15-Feb-2025 08:16:39.105,0.09332,15-Feb-2025 08:16:39.105,9.844072
15-Feb-2025 08:16:39.125,0.12682,15-Feb-2025 08:16:39.125,0.09332,15-Feb-2025 08:16:39.125,9.868599
15-Feb-2025 08:16:39.145,0.136391,15-Feb-2025 08:16:39.145,0.088534,15-Feb-2025 08:16:39.145,9.868599
15-Feb-2025 08:16:39.165,0.12682,15-Feb-2025 08:16:39.165,0.078963,15-Feb-2025 08:16:39.165,9.853643
15-Feb-2025 08:16:39.185,0.131605,15-Feb-2025 08:16:39.185,0.088534,15-Feb-2025 08:16:39.185,9.858429
15-Feb-2025 08:16:39.205,0.141177,15-Feb-2025 08:16:39.205,0.09332,15-Feb-2025 08:16:39.205,9.853643
15-Feb-2025 08:16:39.225,0.141177,15-Feb-2025 08:16:39.225,0.09332,15-Feb-2025 08:16:39.225,9.858429
15-Feb-2025 08:16:39.245,0.145962,15-Feb-2025 08:16:39.245,0.098106,15-Feb-2025 08:16:39.245,9.853643
15-Feb-2025 08:16:39.265,0.122034,15-Feb-2025 08:16:39.265,0.098106,15-Feb-2025 08:16:39.265,9.868599
15-Feb-2025 08:16:39.285,0.136391,15-Feb-2025 08:16:39.285,0.078963,15-Feb-2025 08:16:39.285,9.868599
15-Feb-2025 08:16:39.305,0.131605,15-Feb-2025 08:16:39.305,0.09332,15-Feb-2025 08:16:39.305,9.863214
15-Feb-2025 08:16:39.325,0.12682,15-Feb-2025 08:16:39.325,0.088534,15-Feb-2025 08:16:39.325,9.853643
15-Feb-2025 08:16:39.345,0.131605,15-Feb-2025 08:16:39.345,0.083749,15-Feb-2025 08:16:39.345,9.853643
15-Feb-2025 08:16:39.365,0.141177,15-Feb-2025 08:16:39.365,0.102891,15-Feb-2025 08:16:39.365,9.853643
15-Feb-2025 08:16:39.385,0.141177,15-Feb-2025 08:16:39.385,0.098106,15-Feb-2025 08:16:39.385,9.853643
15-Feb-2025 08:16:39.405,0.131605,15-Feb-2025 08:16:39.405,0.09332,15-Feb-2025 08:16:39.405,9.858429
15-Feb-2025 08:16:39.425,0.131605,15-Feb-2025 08:16:39.425,0.09332,15-Feb-2025 08:16:39.425,9.858429
15-Feb-2025 08:16:39.445,0.145962,15-Feb-2025 08:16:39.445,0.088534,15-Feb-2025 08:16:39.445,9.868599
15-Feb-2025 08:16:39.465,0.136391,15-Feb-2025 08:16:39.465,0.098106,15-Feb-2025 08:16:39.465,9.858429
15-Feb-2025 08:16:39.485,0.131605,15-Feb-2025 08:16:39.485,0.088534,15-Feb-2025 08:16:39.485,9.853643
15-Feb-2025 08:16:39.505,0.131605,15-Feb-2025 08:16:39.505,0.088534,15-Feb-2025 08:16:39.505,9.853643
15-Feb-2025 08:16:39.525,0.131605,15-Feb-2025 08:16:39.525,0.09332,15-Feb-2025 08:16:39.525,9.868599
15-Feb-2025 08:16:39.545,0.131605,15-Feb-2025 08:16:39.545,0.074178,15-Feb-2025 08:16:39.545,9.858429
15-Feb-2025 08:16:39.565,0.141177,15-Feb-2025 08:16:39.565,0.09332,15-Feb-2025 08:16:39.565,9.853643
15-Feb-2025 08:16:39.585,0.122034,15-Feb-2025 08:16:39.585,0.09332,15-Feb-2025 08:16:39.585,9.853643
15-Feb-2025 08:16:39.605,0.117248,15-Feb-2025 08:16:39.605,0.098106,15-Feb-2025 08:16:39.605,9.853643
15-Feb-2025 08:16:39.625,0.136391,15-Feb-2025 08:16:39.625,0.098106,15-Feb-2025 08:16:39.625,9.858429
15-Feb-2025 08:16:39.645,0.131605,15-Feb-2025 08:16:39.645,0.09332,15-Feb-2025 08:16:39.645,9.858429
15-Feb-2025 08:16:39.665,0.136391,15-Feb-2025 08:16:39.665,0.09332,15-Feb-2025 08:16:39.665,9.853643
15-Feb-2025 08:16:39.685,0.136391,15-Feb-2025 08:16:39.685,0.088534,15-Feb-2025 08:16:39.685,9.863214
15-Feb-2025 08:16:39.705,0.136391,15-Feb-2025 08:16:39.705,0.088534,15-Feb-2025 08:16:39.705,9.873384
15-Feb-2025 08:16:39.725,0.131605,15-Feb-2025 08:16:39.725,0.098106,15-Feb-2025 08:16:39.725,9.853643
15-Feb-2025 08:16:39.745,0.12682,15-Feb-2025 08:16:39.745,0.09332,15-Feb-2025 08:16:39.745,9.853643
15-Feb-2025 08:16:39.765,0.136391,15-Feb-2025 08:16:39.765,0.09332,15-Feb-2025 08:16:39.765,9.853643
15-Feb-2025 08:16:39.785,0.141177,15-Feb-2025 08:16:39.785,0.088534,15-Feb-2025 08:16:39.785,9.853643
15-Feb-2025 08:16:39.805,0.12682,15-Feb-2025 08:16:39.805,0.078963,15-Feb-2025 08:16:39.805,9.863214
15-Feb-2025 08:16:39.825,0.12682,15-Feb-2025 08:16:39.825,0.083749,15-Feb-2025 08:16:39.825,9.858429
15-Feb-2025 08:16:39.845,0.136391,15-Feb-2025 08:16:39.845,0.083749,15-Feb-2025 08:16:39.845,9.853643
15-Feb-2025 08:16:39.865,0.131605,15-Feb-2025 08:16:39.865,0.09332,15-Feb-2025 08:16:39.865,9.848858
15-Feb-2025 08:16:39.885,0.136391,15-Feb-2025 08:16:39.885,0.102891,15-Feb-2025 08:16:39.885,9.858429
15-Feb-2025 08:16:39.905,0.141177,15-Feb-2025 08:16:39.905,0.102891,15-Feb-2025 08:16:39.905,9.873384
15-Feb-2025 08:16:39.924,0.12682,15-Feb-2025 08:16:39.924,0.083749,15-Feb-2025 08:16:39.924,9.863214
15-Feb-2025 08:16:39.944,0.136391,15-Feb-2025 08:16:39.944,0.088534,15-Feb-2025 08:16:39.944,9.863214
15-Feb-2025 08:16:39.964,0.131605,15-Feb-2025 08:16:39.964,0.088534,15-Feb-2025 08:16:39.964,9.848858
15-Feb-2025 08:16:39.984,0.136391,15-Feb-2025 08:16:39.984,0.09332,15-Feb-2025 08:16:39.984,9.844072
15-Feb-2025 08:16:40.004,0.141177,15-Feb-2025 08:16:40.004,0.088534,15-Feb-2025 08:16:40.004,9.853643
15-Feb-2025 08:16:40.024,0.131605,15-Feb-2025 08:16:40.024,0.088534,15-Feb-2025 08:16:40.024,9.853643
15-Feb-2025 08:16:40.044,0.131605,15-Feb-2025 08:16:40.044,0.088534,15-Feb-2025 08:16:40.044,9.858429
15-Feb-2025 08:16:40.064,0.131605,15-Feb-2025 08:16:40.064,0.088534,15-Feb-2025 08:16:40.064,9.853643
15-Feb-2025 08:16:40.084,0.136391,15-Feb-2025 08:16:40.084,0.098106,15-Feb-2025 08:16:40.084,9.858429
15-Feb-2025 08:16:40.104,0.136391,15-Feb-2025 08:16:40.104,0.088534,15-Feb-2025 08:16:40.104,9.863214
15-Feb-2025 08:16:40.124,0.136391,15-Feb-2025 08:16:40.124,0.078963,15-Feb-2025 08:16:40.124,9.848858
15-Feb-2025 08:16:40.144,0.136391,15-Feb-2025 08:16:40.144,0.078963,15-Feb-2025 08:16:40.144,9.848858
15-Feb-2025 08:16:40.164,0.136391,15-Feb-2025 08:16:40.164,0.078963,15-Feb-2025 08:16:40.164,9.844072
15-Feb-2025 08:16:40.184,0.141177,15-Feb-2025 08:16:40.184,0.078963,15-Feb-2025 08:16:40.184,9.853643
15-Feb-2025 08:16:40.204,0.131605,15-Feb-2025 08:16:40.204,0.09332,15-Feb-2025 08:16:40.204,9.863214
15-Feb-2025 08:16:40.224,0.141177,15-Feb-2025 08:16:40.224,0.088534,15-Feb-2025 08:16:40.224,9.858429
15-Feb-2025 08:16:40.244,0.150748,15-Feb-2025 08:16:40.244,0.088534,15-Feb-2025 08:16:40.244,9.863214
15-Feb-2025 08:16:40.264,0.131605,15-Feb-2025 08:16:40.264,0.088534,15-Feb-2025 08:16:40.264,9.858429
15-Feb-2025 08:16:40.284,0.131605,15-Feb-2025 08:16:40.284,0.09332,15-Feb-2025 08:16:40.284,9.858429
15-Feb-2025 08:16:40.304,0.131605,15-Feb-2025 08:16:40.304,0.088534,15-Feb-2025 08:16:40.304,9.853643
15-Feb-2025 08:16:40.324,0.131605,15-Feb-2025 08:16:40.324,0.088534,15-Feb-2025 08:16:40.324,9.868599
15-Feb-2025 08:16:40.344,0.136391,15-Feb-2025 08:16:40.344,0.088534,15-Feb-2025 08:16:40.344,9.873384
15-Feb-2025 08:16:40.364,0.122034,15-Feb-2025 08:16:40.364,0.088534,15-Feb-2025 08:16:40.364,9.853643
15-Feb-2025 08:16:40.384,0.122034,15-Feb-2025 08:16:40.384,0.098106,15-Feb-2025 08:16:40.384,9.858429
15-Feb-2025 08:16:40.404,0.131605,15-Feb-2025 08:16:40.404,0.098106,15-Feb-2025 08:16:40.404,9.848858
15-Feb-2025 08:16:40.424,0.131605,15-Feb-2025 08:16:40.424,0.09332,15-Feb-2025 08:16:40.424,9.863214
15-Feb-2025 08:16:40.444,0.122034,15-Feb-2025 08:16:40.444,0.088534,15-Feb-2025 08:16:40.444,9.868599
15-Feb-2025 08:16:40.464,0.131605,15-Feb-2025 08:16:40.464,0.083749,15-Feb-2025 08:16:40.464,9.858429
15-Feb-2025 08:16:40.484,0.131605,15-Feb-2025 08:16:40.484,0.078963,15-Feb-2025 08:16:40.484,9.863214
15-Feb-2025 08:16:40.504,0.131605,15-Feb-2025 08:16:40.504,0.078963,15-Feb-2025 08:16:40.504,9.863214
15-Feb-2025 08:16:40.524,0.145962,15-Feb-2025 08:16:40.524,0.09332,15-Feb-2025 08:16:40.524,9.863214
15-Feb-2025 08:16:40.544,0.12682,15-Feb-2025 08:16:40.544,0.09332,15-Feb-2025 08:16:40.544,9.858429
15-Feb-2025 08:16:40.564,0.136391,15-Feb-2025 08:16:40.564,0.09332,15-Feb-2025 08:16:40.564,9.848858
15-Feb-2025 08:16:40.584,0.141177,15-Feb-2025 08:16:40.584,0.078963,15-Feb-2025 08:16:40.584,9.858429
15-Feb-2025 08:16:40.604,0.145962,15-Feb-2025 08:16:40.604,0.083749,15-Feb-2025 08:16:40.604,9.868599
15-Feb-2025 08:16:40.624,0.145962,15-Feb-2025 08:16:40.624,0.088534,15-Feb-2025 08:16:40.624,9.853643
15-Feb-2025 08:16:40.644,0.141177,15-Feb-2025 08:16:40.644,0.09332,15-Feb-2025 08:16:40.644,9.863214
15-Feb-2025 08:16:40.664,0.145962,15-Feb-2025 08:16:40.664,0.083749,15-Feb-2025 08:16:40.664,9.863214
15-Feb-2025 08:16:40.684,0.136391,15-Feb-2025 08:16:40.684,0.098106,15-Feb-2025 08:16:40.684,9.863214
15-Feb-2025 08:16:40.704,0.136391,15-Feb-2025 08:16:40.704,0.09332,15-Feb-2025 08:16:40.704,9.858429
15-Feb-2025 08:16:40.724,0.131605,15-Feb-2025 08:16:40.724,0.088534,15-Feb-2025 08:16:40.724,9.858429
15-Feb-2025 08:16:40.744,0.136391,15-Feb-2025 08:16:40.744,0.083749,15-Feb-2025 08:16:40.744,9.863214
15-Feb-2025 08:16:40.764,0.136391,15-Feb-2025 08:16:40.764,0.088534,15-Feb-2025 08:16:40.764,9.858429
15-Feb-2025 08:16:40.784,0.136391,15-Feb-2025 08:16:40.784,0.083749,15-Feb-2025 08:16:40.784,9.858429
15-Feb-2025 08:16:40.804,0.131605,15-Feb-2025 08:16:40.804,0.083749,15-Feb-2025 08:16:40.804,9.863214
15-Feb-2025 08:16:40.824,0.117248,15-Feb-2025 08:16:40.824,0.107677,15-Feb-2025 08:16:40.824,9.858429
15-Feb-2025 08:16:40.844,0.12682,15-Feb-2025 08:16:40.844,0.088534,15-Feb-2025 08:16:40.844,9.863214
15-Feb-2025 08:16:40.863,0.141177,15-Feb-2025 08:16:40.863,0.083749,15-Feb-2025 08:16:40.863,9.858429
15-Feb-2025 08:16:40.883,0.136391,15-Feb-2025 08:16:40.883,0.083749,15-Feb-2025 08:16:40.883,9.853643
15-Feb-2025 08:16:40.903,0.136391,15-Feb-2025 08:16:40.903,0.083749,15-Feb-2025 08:16:40.903,9.848858
15-Feb-2025 08:16:40.923,0.141177,15-Feb-2025 08:16:40.923,0.088534,15-Feb-2025 08:16:40.923,9.863214
15-Feb-2025 08:16:40.943,0.131605,15-Feb-2025 08:16:40.943,0.09332,15-Feb-2025 08:16:40.943,9.858429
15-Feb-2025 08:16:40.963,0.136391,15-Feb-2025 08:16:40.963,0.088534,15-Feb-2025 08:16:40.963,9.858429
15-Feb-2025 08:16:40.983,0.12682,15-Feb-2025 08:16:40.983,0.102891,15-Feb-2025 08:16:40.983,9.863214
15-Feb-2025 08:16:41.003,0.131605,15-Feb-2025 08:16:41.003,0.102891,15-Feb-2025 08:16:41.003,9.868599
15-Feb-2025 08:16:41.023,0.12682,15-Feb-2025 08:16:41.023,0.078963,15-Feb-2025 08:16:41.023,9.863214
15-Feb-2025 08:16:41.043,0.136391,15-Feb-2025 08:16:41.043,0.088534,15-Feb-2025 08:16:41.043,9.858429
15-Feb-2025 08:16:41.063,0.150748,15-Feb-2025 08:16:41.063,0.098106,15-Feb-2025 08:16:41.063,9.853643
15-Feb-2025 08:16:41.083,0.145962,15-Feb-2025 08:16:41.083,0.098106,15-Feb-2025 08:16:41.083,9.858429
15-Feb-2025 08:16:41.103,0.12682,15-Feb-2025 08:16:41.103,0.088534,15-Feb-2025 08:16:41.103,9.858429
15-Feb-2025 08:16:41.123,0.136391,15-Feb-2025 08:16:41.123,0.083749,15-Feb-2025 08:16:41.123,9.848858
15-Feb-2025 08:16:41.143,0.136391,15-Feb-2025 08:16:41.143,0.088534,15-Feb-2025 08:16:41.143,9.853643
15-Feb-2025 08:16:41.163,0.12682,15-Feb-2025 08:16:41.163,0.098106,15-Feb-2025 08:16:41.163,9.853643
15-Feb-2025 08:16:41.183,0.141177,15-Feb-2025 08:16:41.183,0.09332,15-Feb-2025 08:16:41.183,9.853643
15-Feb-2025 08:16:41.203,0.145962,15-Feb-2025 08:16:41.203,0.083749,15-Feb-2025 08:16:41.203,9.858429
15-Feb-2025 08:16:41.223,0.136391,15-Feb-2025 08:16:41.223,0.078963,15-Feb-2025 08:16:41.223,9.863214
15-Feb-2025 08:16:41.243,0.141177,15-Feb-2025 08:16:41.243,0.069392,15-Feb-2025 08:16:41.243,9.858429
15-Feb-2025 08:16:41.263,0.131605,15-Feb-2025 08:16:41.263,0.083749,15-Feb-2025 08:16:41.263,9.868599
15-Feb-2025 08:16:41.283,0.145962,15-Feb-2025 08:16:41.283,0.088534,15-Feb-2025 08:16:41.283,9.873384
15-Feb-2025 08:16:41.303,0.12682,15-Feb-2025 08:16:41.303,0.088534,15-Feb-2025 08:16:41.303,9.863214
15-Feb-2025 08:16:41.323,0.112463,15-Feb-2025 08:16:41.323,0.09332,15-Feb-2025 08:16:41.323,9.863214
15-Feb-2025 08:16:41.343,0.136391,15-Feb-2025 08:16:41.343,0.088534,15-Feb-2025 08:16:41.343,9.868599
15-Feb-2025 08:16:41.363,0.136391,15-Feb-2025 08:16:41.363,0.083749,15-Feb-2025 08:16:41.363,9.868599
15-Feb-2025 08:16:41.383,0.136391,15-Feb-2025 08:16:41.383,0.083749,15-Feb-2025 08:16:41.383,9.868599
15-Feb-2025 08:16:41.403,0.136391,15-Feb-2025 08:16:41.403,0.088534,15-Feb-2025 08:16:41.403,9.858429
15-Feb-2025 08:16:41.423,0.136391,15-Feb-2025 08:16:41.423,0.098106,15-Feb-2025 08:16:41.423,9.858429
15-Feb-2025 08:16:41.443,0.136391,15-Feb-2025 08:16:41.443,0.074178,15-Feb-2025 08:16:41.443,9.853643
15-Feb-2025 08:16:41.463,0.131605,15-Feb-2025 08:16:41.463,0.078963,15-Feb-2025 08:16:41.463,9.858429
15-Feb-2025 08:16:41.483,0.136391,15-Feb-2025 08:16:41.483,0.083749,15-Feb-2025 08:16:41.483,9.848858
15-Feb-2025 08:16:41.503,0.145962,15-Feb-2025 08:16:41.503,0.098106,15-Feb-2025 08:16:41.503,9.853643
15-Feb-2025 08:16:41.523,0.131605,15-Feb-2025 08:16:41.523,0.083749,15-Feb-2025 08:16:41.523,9.863214
15-Feb-2025 08:16:41.543,0.131605,15-Feb-2025 08:16:41.543,0.083749,15-Feb-2025 08:16:41.543,9.858429
15-Feb-2025 08:16:41.563,0.141177,15-Feb-2025 08:16:41.563,0.09332,15-Feb-2025 08:16:41.563,9.853643
15-Feb-2025 08:16:41.583,0.136391,15-Feb-2025 08:16:41.583,0.098106,15-Feb-2025 08:16:41.583,9.858429
15-Feb-2025 08:16:41.603,0.141177,15-Feb-2025 08:16:41.603,0.098106,15-Feb-2025 08:16:41.603,9.853643
15-Feb-2025 08:16:41.623,0.131605,15-Feb-2025 08:16:41.623,0.09332,15-Feb-2025 08:16:41.623,9.863214
15-Feb-2025 08:16:41.643,0.131605,15-Feb-2025 08:16:41.643,0.098106,15-Feb-2025 08:16:41.643,9.858429
15-Feb-2025 08:16:41.663,0.145962,15-Feb-2025 08:16:41.663,0.098106,15-Feb-2025 08:16:41.663,9.863214
15-Feb-2025 08:16:41.683,0.141177,15-Feb-2025 08:16:41.683,0.083749,15-Feb-2025 08:16:41.683,9.863214
15-Feb-2025 08:16:41.703,0.145962,15-Feb-2025 08:16:41.703,0.09332,15-Feb-2025 08:16:41.703,9.858429
15-Feb-2025 08:16:41.723,0.141177,15-Feb-2025 08:16:41.723,0.098106,15-Feb-2025 08:16:41.723,9.853643
15-Feb-2025 08:16:41.743,0.131605,15-Feb-2025 08:16:41.743,0.088534,15-Feb-2025 08:16:41.743,9.853643
15-Feb-2025 08:16:41.763,0.136391,15-Feb-2025 08:16:41.763,0.088534,15-Feb-2025 08:16:41.763,9.848858
15-Feb-2025 08:16:41.782,0.141177,15-Feb-2025 08:16:41.782,0.09332,15-Feb-2025 08:16:41.782,9.844072
15-Feb-2025 08:16:41.802,0.136391,15-Feb-2025 08:16:41.802,0.083749,15-Feb-2025 08:16:41.802,9.853643
15-Feb-2025 08:16:41.822,0.117248,15-Feb-2025 08:16:41.822,0.088534,15-Feb-2025 08:16:41.822,9.863214
15-Feb-2025 08:16:41.842,0.136391,15-Feb-2025 08:16:41.842,0.098106,15-Feb-2025 08:16:41.842,9.863214
15-Feb-2025 08:16:41.862,0.131605,15-Feb-2025 08:16:41.862,0.09332,15-Feb-2025 08:16:41.862,9.853643
15-Feb-2025 08:16:41.882,0.136391,15-Feb-2025 08:16:41.882,0.078963,15-Feb-2025 08:16:41.882,9.858429
15-Feb-2025 08:16:41.902,0.141177,15-Feb-2025 08:16:41.902,0.098106,15-Feb-2025 08:16:41.902,9.858429
15-Feb-2025 08:16:41.922,0.145962,15-Feb-2025 08:16:41.922,0.088534,15-Feb-2025 08:16:41.922,9.858429
15-Feb-2025 08:16:41.942,0.150748,15-Feb-2025 08:16:41.942,0.088534,15-Feb-2025 08:16:41.942,9.853643
15-Feb-2025 08:16:41.962,0.136391,15-Feb-2025 08:16:41.962,0.088534,15-Feb-2025 08:16:41.962,9.868599
15-Feb-2025 08:16:41.982,0.141177,15-Feb-2025 08:16:41.982,0.083749,15-Feb-2025 08:16:41.982,9.868599
15-Feb-2025 08:16:42.002,0.122034,15-Feb-2025 08:16:42.002,0.088534,15-Feb-2025 08:16:42.002,9.848858
15-Feb-2025 08:16:42.022,0.136391,15-Feb-2025 08:16:42.022,0.09332,15-Feb-2025 08:16:42.022,9.858429
15-Feb-2025 08:16:42.042,0.136391,15-Feb-2025 08:16:42.042,0.088534,15-Feb-2025 08:16:42.042,9.863214
15-Feb-2025 08:16:42.062,0.136391,15-Feb-2025 08:16:42.062,0.102891,15-Feb-2025 08:16:42.062,9.858429
15-Feb-2025 08:16:42.082,0.136391,15-Feb-2025 08:16:42.082,0.088534,15-Feb-2025 08:16:42.082,9.853643
15-Feb-2025 08:16:42.102,0.12682,15-Feb-2025 08:16:42.102,0.088534,15-Feb-2025 08:16:42.102,9.863214
15-Feb-2025 08:16:42.122,0.117248,15-Feb-2025 08:16:42.122,0.09332,15-Feb-2025 08:16:42.122,9.868599
15-Feb-2025 08:16:42.142,0.136391,15-Feb-2025 08:16:42.142,0.098106,15-Feb-2025 08:16:42.142,9.868599
15-Feb-2025 08:16:42.162,0.12682,15-Feb-2025 08:16:42.162,0.09332,15-Feb-2025 08:16:42.162,9.858429
15-Feb-2025 08:16:42.182,0.141177,15-Feb-2025 08:16:42.182,0.088534,15-Feb-2025 08:16:42.182,9.848858
15-Feb-2025 08:16:42.202,0.12682,15-Feb-2025 08:16:42.202,0.09332,15-Feb-2025 08:16:42.202,9.863214
15-Feb-2025 08:16:42.222,0.136391,15-Feb-2025 08:16:42.222,0.088534,15-Feb-2025 08:16:42.222,9.863214
15-Feb-2025 08:16:42.242,0.141177,15-Feb-2025 08:16:42.242,0.09332,15-Feb-2025 08:16:42.242,9.863214
15-Feb-2025 08:16:42.262,0.145962,15-Feb-2025 08:16:42.262,0.107677,15-Feb-2025 08:16:42.262,9.839287
15-Feb-2025 08:16:42.282,0.141177,15-Feb-2025 08:16:42.282,0.088534,15-Feb-2025 08:16:42.282,9.853643
15-Feb-2025 08:16:42.302,0.122034,15-Feb-2025 08:16:42.302,0.088534,15-Feb-2025 08:16:42.302,9.853643
15-Feb-2025 08:16:42.322,0.131605,15-Feb-2025 08:16:42.322,0.09332,15-Feb-2025 08:16:42.322,9.868599
15-Feb-2025 08:16:42.342,0.145962,15-Feb-2025 08:16:42.342,0.078963,15-Feb-2025 08:16:42.342,9.863214
15-Feb-2025 08:16:42.362,0.136391,15-Feb-2025 08:16:42.362,0.102891,15-Feb-2025 08:16:42.362,9.858429
15-Feb-2025 08:16:42.382,0.136391,15-Feb-2025 08:16:42.382,0.107677,15-Feb-2025 08:16:42.382,9.858429
15-Feb-2025 08:16:42.402,0.145962,15-Feb-2025 08:16:42.402,0.098106,15-Feb-2025 08:16:42.402,9.858429
15-Feb-2025 08:16:42.422,0.150748,15-Feb-2025 08:16:42.422,0.083749,15-Feb-2025 08:16:42.422,9.858429
15-Feb-2025 08:16:42.442,0.141177,15-Feb-2025 08:16:42.442,0.078963,15-Feb-2025 08:16:42.442,9.858429
15-Feb-2025 08:16:42.462,0.136391,15-Feb-2025 08:16:42.462,0.088534,15-Feb-2025 08:16:42.462,9.853643
15-Feb-2025 08:16:42.482,0.145962,15-Feb-2025 08:16:42.482,0.078963,15-Feb-2025 08:16:42.482,9.853643
15-Feb-2025 08:16:42.502,0.131605,15-Feb-2025 08:16:42.502,0.083749,15-Feb-2025 08:16:42.502,9.853643
15-Feb-2025 08:16:42.522,0.131605,15-Feb-2025 08:16:42.522,0.102891,15-Feb-2025 08:16:42.522,9.848858
15-Feb-2025 08:16:42.542,0.136391,15-Feb-2025 08:16:42.542,0.09332,15-Feb-2025 08:16:42.542,9.858429
15-Feb-2025 08:16:42.562,0.141177,15-Feb-2025 08:16:42.562,0.083749,15-Feb-2025 08:16:42.562,9.863214
15-Feb-2025 08:16:42.582,0.136391,15-Feb-2025 08:16:42.582,0.098106,15-Feb-2025 08:16:42.582,9.868599
15-Feb-2025 08:16:42.602,0.136391,15-Feb-2025 08:16:42.602,0.09332,15-Feb-2025 08:16:42.602,9.863214
15-Feb-2025 08:16:42.622,0.141177,15-Feb-2025 08:16:42.622,0.088534,15-Feb-2025 08:16:42.622,9.863214
15-Feb-2025 08:16:42.642,0.136391,15-Feb-2025 08:16:42.642,0.078963,15-Feb-2025 08:16:42.642,9.863214
15-Feb-2025 08:16:42.662,0.131605,15-Feb-2025 08:16:42.662,0.083749,15-Feb-2025 08:16:42.662,9.848858
15-Feb-2025 08:16:42.682,0.136391,15-Feb-2025 08:16:42.682,0.09332,15-Feb-2025 08:16:42.682,9.863214
15-Feb-2025 08:16:42.702,0.141177,15-Feb-2025 08:16:42.702,0.088534,15-Feb-2025 08:16:42.702,9.873384
15-Feb-2025 08:16:42.722,0.131605,15-Feb-2025 08:16:42.722,0.098106,15-Feb-2025 08:16:42.722,9.863214
15-Feb-2025 08:16:42.742,0.136391,15-Feb-2025 08:16:42.742,0.083749,15-Feb-2025 08:16:42.742,9.858429
15-Feb-2025 08:16:42.761,0.131605,15-Feb-2025 08:16:42.761,0.083749,15-Feb-2025 08:16:42.761,9.868599
15-Feb-2025 08:16:42.781,0.12682,15-Feb-2025 08:16:42.781,0.083749,15-Feb-2025 08:16:42.781,9.858429
15-Feb-2025 08:16:42.801,0.141177,15-Feb-2025 08:16:42.801,0.078963,15-Feb-2025 08:16:42.801,9.858429
15-Feb-2025 08:16:42.821,0.12682,15-Feb-2025 08:16:42.821,0.083749,15-Feb-2025 08:16:42.821,9.853643
15-Feb-2025 08:16:42.841,0.141177,15-Feb-2025 08:16:42.841,0.098106,15-Feb-2025 08:16:42.841,9.863214
15-Feb-2025 08:16:42.861,0.136391,15-Feb-2025 08:16:42.861,0.078963,15-Feb-2025 08:16:42.861,9.863214
15-Feb-2025 08:16:42.881,0.136391,15-Feb-2025 08:16:42.881,0.088534,15-Feb-2025 08:16:42.881,9.844072
15-Feb-2025 08:16:42.901,0.136391,15-Feb-2025 08:16:42.901,0.088534,15-Feb-2025 08:16:42.901,9.853643
15-Feb-2025 08:16:42.921,0.136391,15-Feb-2025 08:16:42.921,0.088534,15-Feb-2025 08:16:42.921,9.858429
15-Feb-2025 08:16:42.941,0.136391,15-Feb-2025 08:16:42.941,0.102891,15-Feb-2025 08:16:42.941,9.863214
15-Feb-2025 08:16:42.961,0.141177,15-Feb-2025 08:16:42.961,0.102891,15-Feb-2025 08:16:42.961,9.858429
15-Feb-2025 08:16:42.981,0.141177,15-Feb-2025 08:16:42.981,0.09332,15-Feb-2025 08:16:42.981,9.863214
15-Feb-2025 08:16:43.001,0.141177,15-Feb-2025 08:16:43.001,0.078963,15-Feb-2025 08:16:43.001,9.863214
15-Feb-2025 08:16:43.021,0.136391,15-Feb-2025 08:16:43.021,0.083749,15-Feb-2025 08:16:43.021,9.858429
15-Feb-2025 08:16:43.041,0.122034,15-Feb-2025 08:16:43.041,0.083749,15-Feb-2025 08:16:43.041,9.853643
15-Feb-2025 08:16:43.061,0.141177,15-Feb-2025 08:16:43.061,0.078963,15-Feb-2025 08:16:43.061,9.863214
15-Feb-2025 08:16:43.081,0.12682,15-Feb-2025 08:16:43.081,0.088534,15-Feb-2025 08:16:43.081,9.858429
15-Feb-2025 08:16:43.101,0.122034,15-Feb-2025 08:16:43.101,0.088534,15-Feb-2025 08:16:43.101,9.853643
15-Feb-2025 08:16:43.121,0.131605,15-Feb-2025 08:16:43.121,0.088534,15-Feb-2025 08:16:43.121,9.863214
15-Feb-2025 08:16:43.141,0.141177,15-Feb-2025 08:16:43.141,0.088534,15-Feb-2025 08:16:43.141,9.863214
15-Feb-2025 08:16:43.161,0.150748,15-Feb-2025 08:16:43.161,0.088534,15-Feb-2025 08:16:43.161,9.858429
15-Feb-2025 08:16:43.181,0.141177,15-Feb-2025 08:16:43.181,0.09332,15-Feb-2025 08:16:43.181,9.853643
15-Feb-2025 08:16:43.201,0.12682,15-Feb-2025 08:16:43.201,0.088534,15-Feb-2025 08:16:43.201,9.853643
15-Feb-2025 08:16:43.221,0.131605,15-Feb-2025 08:16:43.221,0.098106,15-Feb-2025 08:16:43.221,9.863214
15-Feb-2025 08:16:43.241,0.131605,15-Feb-2025 08:16:43.241,0.083749,15-Feb-2025 08:16:43.241,9.858429
15-Feb-2025 08:16:43.261,0.131605,15-Feb-2025 08:16:43.261,0.098106,15-Feb-2025 08:16:43.261,9.858429
15-Feb-2025 08:16:43.281,0.141177,15-Feb-2025 08:16:43.281,0.09332,15-Feb-2025 08:16:43.281,9.863214
15-Feb-2025 08:16:43.301,0.131605,15-Feb-2025 08:16:43.301,0.078963,15-Feb-2025 08:16:43.301,9.858429
15-Feb-2025 08:16:43.321,0.145962,15-Feb-2025 08:16:43.321,0.09332,15-Feb-2025 08:16:43.321,9.848858
15-Feb-2025 08:16:43.341,0.117248,15-Feb-2025 08:16:43.341,0.088534,15-Feb-2025 08:16:43.341,9.848858
15-Feb-2025 08:16:43.361,0.12682,15-Feb-2025 08:16:43.361,0.098106,15-Feb-2025 08:16:43.361,9.873384
15-Feb-2025 08:16:43.381,0.145962,15-Feb-2025 08:16:43.381,0.09332,15-Feb-2025 08:16:43.381,9.873384
15-Feb-2025 08:16:43.401,0.141177,15-Feb-2025 08:16:43.401,0.09332,15-Feb-2025 08:16:43.401,9.863214
15-Feb-2025 08:16:43.421,0.131605,15-Feb-2025 08:16:43.421,0.09332,15-Feb-2025 08:16:43.421,9.858429
15-Feb-2025 08:16:43.441,0.122034,15-Feb-2025 08:16:43.441,0.098106,15-Feb-2025 08:16:43.441,9.863214
15-Feb-2025 08:16:43.461,0.141177,15-Feb-2025 08:16:43.461,0.083749,15-Feb-2025 08:16:43.461,9.858429
15-Feb-2025 08:16:43.481,0.136391,15-Feb-2025 08:16:43.481,0.083749,15-Feb-2025 08:16:43.481,9.848858
15-Feb-2025 08:16:43.501,0.131605,15-Feb-2025 08:16:43.501,0.078963,15-Feb-2025 08:16:43.501,9.848858
15-Feb-2025 08:16:43.521,0.12682,15-Feb-2025 08:16:43.521,0.078963,15-Feb-2025 08:16:43.521,9.863214
15-Feb-2025 08:16:43.541,0.136391,15-Feb-2025 08:16:43.541,0.098106,15-Feb-2025 08:16:43.541,9.858429
15-Feb-2025 08:16:43.561,0.131605,15-Feb-2025 08:16:43.561,0.098106,15-Feb-2025 08:16:43.561,9.853643
15-Feb-2025 08:16:43.581,0.122034,15-Feb-2025 08:16:43.581,0.078963,15-Feb-2025 08:16:43.581,9.863214
15-Feb-2025 08:16:43.601,0.145962,15-Feb-2025 08:16:43.601,0.069392,15-Feb-2025 08:16:43.601,9.868599
15-Feb-2025 08:16:43.621,0.136391,15-Feb-2025 08:16:43.621,0.078963,15-Feb-2025 08:16:43.621,9.858429
15-Feb-2025 08:16:43.641,0.141177,15-Feb-2025 08:16:43.641,0.09332,15-Feb-2025 08:16:43.641,9.863214
15-Feb-2025 08:16:43.661,0.131605,15-Feb-2025 08:16:43.661,0.088534,15-Feb-2025 08:16:43.661,9.868599
15-Feb-2025 08:16:43.681,0.131605,15-Feb-2025 08:16:43.681,0.088534,15-Feb-2025 08:16:43.681,9.853643
15-Feb-2025 08:16:43.701,0.141177,15-Feb-2025 08:16:43.701,0.09332,15-Feb-2025 08:16:43.701,9.863214
15-Feb-2025 08:16:43.721,0.145962,15-Feb-2025 08:16:43.721,0.098106,15-Feb-2025 08:16:43.721,9.873384
15-Feb-2025 08:16:43.740,0.136391,15-Feb-2025 08:16:43.740,0.083749,15-Feb-2025 08:16:43.740,9.844072
15-Feb-2025 08:16:43.760,0.12682,15-Feb-2025 08:16:43.760,0.083749,15-Feb-2025 08:16:43.760,9.858429
15-Feb-2025 08:16:43.780,0.136391,15-Feb-2025 08:16:43.780,0.09332,15-Feb-2025 08:16:43.780,9.858429
15-Feb-2025 08:16:43.800,0.136391,15-Feb-2025 08:16:43.800,0.088534,15-Feb-2025 08:16:43.800,9.863214
15-Feb-2025 08:16:43.820,0.145962,15-Feb-2025 08:16:43.820,0.102891,15-Feb-2025 08:16:43.820,9.858429
15-Feb-2025 08:16:43.840,0.12682,15-Feb-2025 08:16:43.840,0.112463,15-Feb-2025 08:16:43.840,9.848858
15-Feb-2025 08:16:43.860,0.12682,15-Feb-2025 08:16:43.860,0.069392,15-Feb-2025 08:16:43.860,9.868599
15-Feb-2025 08:16:43.880,0.141177,15-Feb-2025 08:16:43.880,0.088534,15-Feb-2025 08:16:43.880,9.868599
15-Feb-2025 08:16:43.900,0.141177,15-Feb-2025 08:16:43.900,0.083749,15-Feb-2025 08:16:43.900,9.858429
15-Feb-2025 08:16:43.920,0.122034,15-Feb-2025 08:16:43.920,0.088534,15-Feb-2025 08:16:43.920,9.858429
15-Feb-2025 08:16:43.940,0.136391,15-Feb-2025 08:16:43.940,0.083749,15-Feb-2025 08:16:43.940,9.848858
15-Feb-2025 08:16:43.960,0.141177,15-Feb-2025 08:16:43.960,0.088534,15-Feb-2025 08:16:43.960,9.853643
15-Feb-2025 08:16:43.980,0.131605,15-Feb-2025 08:16:43.980,0.078963,15-Feb-2025 08:16:43.980,9.863214
15-Feb-2025 08:16:44.000,0.12682,15-Feb-2025 08:16:44.000,0.098106,15-Feb-2025 08:16:44.000,9.863214
15-Feb-2025 08:16:44.020,0.141177,15-Feb-2025 08:16:44.020,0.09332,15-Feb-2025 08:16:44.020,9.848858
15-Feb-2025 08:16:44.040,0.136391,15-Feb-2025 08:16:44.040,0.088534,15-Feb-2025 08:16:44.040,9.853643
15-Feb-2025 08:16:44.060,0.12682,15-Feb-2025 08:16:44.060,0.078963,15-Feb-2025 08:16:44.060,9.868599
15-Feb-2025 08:16:44.080,0.136391,15-Feb-2025 08:16:44.080,0.098106,15-Feb-2025 08:16:44.080,9.863214
15-Feb-2025 08:16:44.100,0.12682,15-Feb-2025 08:16:44.100,0.09332,15-Feb-2025 08:16:44.100,9.853643
15-Feb-2025 08:16:44.120,0.136391,15-Feb-2025 08:16:44.120,0.088534,15-Feb-2025 08:16:44.120,9.863214
15-Feb-2025 08:16:44.140,0.131605,15-Feb-2025 08:16:44.140,0.098106,15-Feb-2025 08:16:44.140,9.863214
15-Feb-2025 08:16:44.160,0.12682,15-Feb-2025 08:16:44.160,0.107677,15-Feb-2025 08:16:44.160,9.868599
15-Feb-2025 08:16:44.180,0.141177,15-Feb-2025 08:16:44.180,0.09332,15-Feb-2025 08:16:44.180,9.868599
15-Feb-2025 08:16:44.200,0.141177,15-Feb-2025 08:16:44.200,0.083749,15-Feb-2025 08:16:44.200,9.863214
15-Feb-2025 08:16:44.220,0.136391,15-Feb-2025 08:16:44.220,0.078963,15-Feb-2025 08:16:44.220,9.858429
15-Feb-2025 08:16:44.240,0.131605,15-Feb-2025 08:16:44.240,0.074178,15-Feb-2025 08:16:44.240,9.868599
15-Feb-2025 08:16:44.260,0.12682,15-Feb-2025 08:16:44.260,0.09332,15-Feb-2025 08:16:44.260,9.868599
15-Feb-2025 08:16:44.280,0.12682,15-Feb-2025 08:16:44.280,0.102891,15-Feb-2025 08:16:44.280,9.858429
15-Feb-2025 08:16:44.300,0.122034,15-Feb-2025 08:16:44.300,0.078963,15-Feb-2025 08:16:44.300,9.858429
15-Feb-2025 08:16:44.320,0.12682,15-Feb-2025 08:16:44.320,0.088534,15-Feb-2025 08:16:44.320,9.858429
15-Feb-2025 08:16:44.340,0.136391,15-Feb-2025 08:16:44.340,0.098106,15-Feb-2025 08:16:44.340,9.868599
15-Feb-2025 08:16:44.360,0.136391,15-Feb-2025 08:16:44.360,0.088534,15-Feb-2025 08:16:44.360,9.863214
15-Feb-2025 08:16:44.380,0.131605,15-Feb-2025 08:16:44.380,0.09332,15-Feb-2025 08:16:44.380,9.873384
15-Feb-2025 08:16:44.400,0.136391,15-Feb-2025 08:16:44.400,0.09332,15-Feb-2025 08:16:44.400,9.873384
15-Feb-2025 08:16:44.420,0.141177,15-Feb-2025 08:16:44.420,0.088534,15-Feb-2025 08:16:44.420,9.858429
15-Feb-2025 08:16:44.440,0.145962,15-Feb-2025 08:16:44.440,0.083749,15-Feb-2025 08:16:44.440,9.853643
15-Feb-2025 08:16:44.460,0.131605,15-Feb-2025 08:16:44.460,0.083749,15-Feb-2025 08:16:44.460,9.853643
15-Feb-2025 08:16:44.480,0.131605,15-Feb-2025 08:16:44.480,0.078963,15-Feb-2025 08:16:44.480,9.853643
15-Feb-2025 08:16:44.500,0.141177,15-Feb-2025 08:16:44.500,0.098106,15-Feb-2025 08:16:44.500,9.863214
15-Feb-2025 08:16:44.520,0.145962,15-Feb-2025 08:16:44.520,0.098106,15-Feb-2025 08:16:44.520,9.858429
15-Feb-2025 08:16:44.540,0.136391,15-Feb-2025 08:16:44.540,0.083749,15-Feb-2025 08:16:44.540,9.858429
15-Feb-2025 08:16:44.560,0.12682,15-Feb-2025 08:16:44.560,0.078963,15-Feb-2025 08:16:44.560,9.863214
15-Feb-2025 08:16:44.580,0.12682,15-Feb-2025 08:16:44.580,0.078963,15-Feb-2025 08:16:44.580,9.868599
15-Feb-2025 08:16:44.600,0.136391,15-Feb-2025 08:16:44.600,0.088534,15-Feb-2025 08:16:44.600,9.858429
15-Feb-2025 08:16:44.620,0.122034,15-Feb-2025 08:16:44.620,0.098106,15-Feb-2025 08:16:44.620,9.863214
15-Feb-2025 08:16:44.640,0.12682,15-Feb-2025 08:16:44.640,0.083749,15-Feb-2025 08:16:44.640,9.858429
15-Feb-2025 08:16:44.659,0.141177,15-Feb-2025 08:16:44.659,0.09332,15-Feb-2025 08:16:44.659,9.858429
15-Feb-2025 08:16:44.679,0.136391,15-Feb-2025 08:16:44.679,0.083749,15-Feb-2025 08:16:44.679,9.858429
15-Feb-2025 08:16:44.699,0.12682,15-Feb-2025 08:16:44.699,0.083749,15-Feb-2025 08:16:44.699,9.848858
15-Feb-2025 08:16:44.719,0.131605,15-Feb-2025 08:16:44.719,0.09332,15-Feb-2025 08:16:44.719,9.868599
15-Feb-2025 08:16:44.739,0.145962,15-Feb-2025 08:16:44.739,0.098106,15-Feb-2025 08:16:44.739,9.863214
15-Feb-2025 08:16:44.759,0.145962,15-Feb-2025 08:16:44.759,0.09332,15-Feb-2025 08:16:44.759,9.853643
15-Feb-2025 08:16:44.779,0.136391,15-Feb-2025 08:16:44.779,0.098106,15-Feb-2025 08:16:44.779,9.858429
15-Feb-2025 08:16:44.799,0.117248,15-Feb-2025 08:16:44.799,0.088534,15-Feb-2025 08:16:44.799,9.868599
15-Feb-2025 08:16:44.819,0.136391,15-Feb-2025 08:16:44.819,0.09332,15-Feb-2025 08:16:44.819,9.868599
15-Feb-2025 08:16:44.839,0.136391,15-Feb-2025 08:16:44.839,0.098106,15-Feb-2025 08:16:44.839,9.853643
15-Feb-2025 08:16:44.859,0.12682,15-Feb-2025 08:16:44.859,0.09332,15-Feb-2025 08:16:44.859,9.848858
15-Feb-2025 08:16:44.879,0.136391,15-Feb-2025 08:16:44.879,0.078963,15-Feb-2025 08:16:44.879,9.863214
15-Feb-2025 08:16:44.899,0.136391,15-Feb-2025 08:16:44.899,0.088534,15-Feb-2025 08:16:44.899,9.863214
15-Feb-2025 08:16:44.919,0.141177,15-Feb-2025 08:16:44.919,0.09332,15-Feb-2025 08:16:44.919,9.853643
15-Feb-2025 08:16:44.940,0.131605,15-Feb-2025 08:16:44.940,0.088534,15-Feb-2025 08:16:44.940,9.853643
15-Feb-2025 08:16:44.960,0.131605,15-Feb-2025 08:16:44.960,0.088534,15-Feb-2025 08:16:44.960,9.853643
15-Feb-2025 08:16:44.980,0.131605,15-Feb-2025 08:16:44.980,0.088534,15-Feb-2025 08:16:44.980,9.853643
15-Feb-2025 08:16:44.999,0.141177,15-Feb-2025 08:16:44.999,0.083749,15-Feb-2025 08:16:44.999,9.858429
15-Feb-2025 08:16:45.019,0.136391,15-Feb-2025 08:16:45.019,0.09332,15-Feb-2025 08:16:45.019,9.868599
15-Feb-2025 08:16:45.039,0.141177,15-Feb-2025 08:16:45.039,0.083749,15-Feb-2025 08:16:45.039,9.853643
15-Feb-2025 08:16:45.059,0.131605,15-Feb-2025 08:16:45.059,0.083749,15-Feb-2025 08:16:45.059,9.853643
15-Feb-2025 08:16:45.079,0.131605,15-Feb-2025 08:16:45.079,0.098106,15-Feb-2025 08:16:45.079,9.853643
15-Feb-2025 08:16:45.099,0.12682,15-Feb-2025 08:16:45.099,0.088534,15-Feb-2025 08:16:45.099,9.853643
15-Feb-2025 08:16:45.119,0.136391,15-Feb-2025 08:16:45.119,0.083749,15-Feb-2025 08:16:45.119,9.853643
15-Feb-2025 08:16:45.139,0.131605,15-Feb-2025 08:16:45.139,0.09332,15-Feb-2025 08:16:45.139,9.863214
15-Feb-2025 08:16:45.159,0.141177,15-Feb-2025 08:16:45.159,0.083749,15-Feb-2025 08:16:45.159,9.848858
15-Feb-2025 08:16:45.179,0.131605,15-Feb-2025 08:16:45.179,0.09332,15-Feb-2025 08:16:45.179,9.858429
15-Feb-2025 08:16:45.199,0.122034,15-Feb-2025 08:16:45.199,0.088534,15-Feb-2025 08:16:45.199,9.853643
15-Feb-2025 08:16:45.219,0.12682,15-Feb-2025 08:16:45.219,0.088534,15-Feb-2025 08:16:45.219,9.858429
15-Feb-2025 08:16:45.239,0.145962,15-Feb-2025 08:16:45.239,0.09332,15-Feb-2025 08:16:45.239,9.858429
15-Feb-2025 08:16:45.259,0.141177,15-Feb-2025 08:16:45.259,0.088534,15-Feb-2025 08:16:45.259,9.853643
15-Feb-2025 08:16:45.279,0.141177,15-Feb-2025 08:16:45.279,0.088534,15-Feb-2025 08:16:45.279,9.863214
15-Feb-2025 08:16:45.299,0.12682,15-Feb-2025 08:16:45.299,0.09332,15-Feb-2025 08:16:45.299,9.873384
15-Feb-2025 08:16:45.319,0.136391,15-Feb-2025 08:16:45.319,0.098106,15-Feb-2025 08:16:45.319,9.863214
15-Feb-2025 08:16:45.339,0.145962,15-Feb-2025 08:16:45.339,0.09332,15-Feb-2025 08:16:45.339,9.853643
15-Feb-2025 08:16:45.359,0.145962,15-Feb-2025 08:16:45.359,0.09332,15-Feb-2025 08:16:45.359,9.858429
15-Feb-2025 08:16:45.379,0.131605,15-Feb-2025 08:16:45.379,0.083749,15-Feb-2025 08:16:45.379,9.858429
15-Feb-2025 08:16:45.399,0.136391,15-Feb-2025 08:16:45.399,0.088534,15-Feb-2025 08:16:45.399,9.858429
15-Feb-2025 08:16:45.419,0.136391,15-Feb-2025 08:16:45.419,0.078963,15-Feb-2025 08:16:45.419,9.868599
15-Feb-2025 08:16:45.439,0.131605,15-Feb-2025 08:16:45.439,0.102891,15-Feb-2025 08:16:45.439,9.868599
15-Feb-2025 08:16:45.459,0.131605,15-Feb-2025 08:16:45.459,0.09332,15-Feb-2025 08:16:45.459,9.848858
15-Feb-2025 08:16:45.479,0.136391,15-Feb-2025 08:16:45.479,0.088534,15-Feb-2025 08:16:45.479,9.853643
15-Feb-2025 08:16:45.499,0.141177,15-Feb-2025 08:16:45.499,0.098106,15-Feb-2025 08:16:45.499,9.858429
15-Feb-2025 08:16:45.518,0.131605,15-Feb-2025 08:16:45.518,0.09332,15-Feb-2025 08:16:45.518,9.868599
15-Feb-2025 08:16:45.538,0.136391,15-Feb-2025 08:16:45.538,0.09332,15-Feb-2025 08:16:45.538,9.863214
15-Feb-2025 08:16:45.558,0.12682,15-Feb-2025 08:16:45.558,0.098106,15-Feb-2025 08:16:45.558,9.863214
15-Feb-2025 08:16:45.578,0.136391,15-Feb-2025 08:16:45.578,0.098106,15-Feb-2025 08:16:45.578,9.858429
15-Feb-2025 08:16:45.598,0.141177,15-Feb-2025 08:16:45.598,0.083749,15-Feb-2025 08:16:45.598,9.853643
15-Feb-2025 08:16:45.618,0.136391,15-Feb-2025 08:16:45.618,0.088534,15-Feb-2025 08:16:45.618,9.863214
15-Feb-2025 08:16:45.638,0.131605,15-Feb-2025 08:16:45.638,0.088534,15-Feb-2025 08:16:45.638,9.858429
15-Feb-2025 08:16:45.658,0.131605,15-Feb-2025 08:16:45.658,0.088534,15-Feb-2025 08:16:45.658,9.858429
15-Feb-2025 08:16:45.678,0.136391,15-Feb-2025 08:16:45.678,0.078963,15-Feb-2025 08:16:45.678,9.863214
15-Feb-2025 08:16:45.698,0.150748,15-Feb-2025 08:16:45.698,0.09332,15-Feb-2025 08:16:45.698,9.863214
15-Feb-2025 08:16:45.718,0.136391,15-Feb-2025 08:16:45.718,0.078963,15-Feb-2025 08:16:45.718,9.853643
15-Feb-2025 08:16:45.738,0.136391,15-Feb-2025 08:16:45.738,0.09332,15-Feb-2025 08:16:45.738,9.863214
15-Feb-2025 08:16:45.758,0.131605,15-Feb-2025 08:16:45.758,0.088534,15-Feb-2025 08:16:45.758,9.863214
15-Feb-2025 08:16:45.778,0.12682,15-Feb-2025 08:16:45.778,0.083749,15-Feb-2025 08:16:45.778,9.858429
15-Feb-2025 08:16:45.798,0.141177,15-Feb-2025 08:16:45.798,0.098106,15-Feb-2025 08:16:45.798,9.858429
15-Feb-2025 08:16:45.818,0.141177,15-Feb-2025 08:16:45.818,0.09332,15-Feb-2025 08:16:45.818,9.853643
15-Feb-2025 08:16:45.838,0.141177,15-Feb-2025 08:16:45.838,0.09332,15-Feb-2025 08:16:45.838,9.858429
15-Feb-2025 08:16:45.858,0.136391,15-Feb-2025 08:16:45.858,0.088534,15-Feb-2025 08:16:45.858,9.863214
15-Feb-2025 08:16:45.878,0.12682,15-Feb-2025 08:16:45.878,0.083749,15-Feb-2025 08:16:45.878,9.868599
15-Feb-2025 08:16:45.898,0.131605,15-Feb-2025 08:16:45.898,0.083749,15-Feb-2025 08:16:45.898,9.848858
15-Feb-2025 08:16:45.918,0.12682,15-Feb-2025 08:16:45.918,0.09332,15-Feb-2025 08:16:45.918,9.858429
15-Feb-2025 08:16:45.938,0.141177,15-Feb-2025 08:16:45.938,0.098106,15-Feb-2025 08:16:45.938,9.848858
15-Feb-2025 08:16:45.958,0.131605,15-Feb-2025 08:16:45.958,0.088534,15-Feb-2025 08:16:45.958,9.853643
15-Feb-2025 08:16:45.978,0.141177,15-Feb-2025 08:16:45.978,0.088534,15-Feb-2025 08:16:45.978,9.863214
15-Feb-2025 08:16:45.998,0.12682,15-Feb-2025 08:16:45.998,0.088534,15-Feb-2025 08:16:45.998,9.863214
15-Feb-2025 08:16:46.018,0.136391,15-Feb-2025 08:16:46.018,0.09332,15-Feb-2025 08:16:46.018,9.863214
15-Feb-2025 08:16:46.038,0.136391,15-Feb-2025 08:16:46.038,0.09332,15-Feb-2025 08:16:46.038,9.863214
15-Feb-2025 08:16:46.058,0.131605,15-Feb-2025 08:16:46.058,0.078963,15-Feb-2025 08:16:46.058,9.863214
15-Feb-2025 08:16:46.078,0.12682,15-Feb-2025 08:16:46.078,0.09332,15-Feb-2025 08:16:46.078,9.868599
15-Feb-2025 08:16:46.098,0.136391,15-Feb-2025 08:16:46.098,0.098106,15-Feb-2025 08:16:46.098,9.863214
15-Feb-2025 08:16:46.118,0.117248,15-Feb-2025 08:16:46.118,0.083749,15-Feb-2025 08:16:46.118,9.858429
15-Feb-2025 08:16:46.138,0.12682,15-Feb-2025 08:16:46.138,0.088534,15-Feb-2025 08:16:46.138,9.858429
15-Feb-2025 08:16:46.158,0.141177,15-Feb-2025 08:16:46.158,0.098106,15-Feb-2025 08:16:46.158,9.858429
15-Feb-2025 08:16:46.178,0.12682,15-Feb-2025 08:16:46.178,0.088534,15-Feb-2025 08:16:46.178,9.858429
15-Feb-2025 08:16:46.198,0.12682,15-Feb-2025 08:16:46.198,0.09332,15-Feb-2025 08:16:46.198,9.858429
15-Feb-2025 08:16:46.218,0.131605,15-Feb-2025 08:16:46.218,0.083749,15-Feb-2025 08:16:46.218,9.853643
15-Feb-2025 08:16:46.238,0.12682,15-Feb-2025 08:16:46.238,0.088534,15-Feb-2025 08:16:46.238,9.868599
15-Feb-2025 08:16:46.258,0.131605,15-Feb-2025 08:16:46.258,0.088534,15-Feb-2025 08:16:46.258,9.863214
15-Feb-2025 08:16:46.278,0.122034,15-Feb-2025 08:16:46.278,0.088534,15-Feb-2025 08:16:46.278,9.853643
15-Feb-2025 08:16:46.298,0.131605,15-Feb-2025 08:16:46.298,0.083749,15-Feb-2025 08:16:46.298,9.848858
15-Feb-2025 08:16:46.318,0.117248,15-Feb-2025 08:16:46.318,0.078963,15-Feb-2025 08:16:46.318,9.853643
15-Feb-2025 08:16:46.338,0.145962,15-Feb-2025 08:16:46.338,0.088534,15-Feb-2025 08:16:46.338,9.858429
15-Feb-2025 08:16:46.358,0.141177,15-Feb-2025 08:16:46.358,0.107677,15-Feb-2025 08:16:46.358,9.873384
15-Feb-2025 08:16:46.378,0.12682,15-Feb-2025 08:16:46.378,0.098106,15-Feb-2025 08:16:46.378,9.873384
15-Feb-2025 08:16:46.397,0.12682,15-Feb-2025 08:16:46.397,0.088534,15-Feb-2025 08:16:46.397,9.853643
15-Feb-2025 08:16:46.417,0.141177,15-Feb-2025 08:16:46.417,0.088534,15-Feb-2025 08:16:46.417,9.858429
15-Feb-2025 08:16:46.437,0.141177,15-Feb-2025 08:16:46.437,0.088534,15-Feb-2025 08:16:46.437,9.873384
15-Feb-2025 08:16:46.457,0.136391,15-Feb-2025 08:16:46.457,0.083749,15-Feb-2025 08:16:46.457,9.863214
15-Feb-2025 08:16:46.477,0.131605,15-Feb-2025 08:16:46.477,0.088534,15-Feb-2025 08:16:46.477,9.858429
15-Feb-2025 08:16:46.497,0.141177,15-Feb-2025 08:16:46.497,0.098106,15-Feb-2025 08:16:46.497,9.863214
15-Feb-2025 08:16:46.517,0.12682,15-Feb-2025 08:16:46.517,0.078963,15-Feb-2025 08:16:46.517,9.858429
15-Feb-2025 08:16:46.537,0.136391,15-Feb-2025 08:16:46.537,0.09332,15-Feb-2025 08:16:46.537,9.858429
15-Feb-2025 08:16:46.557,0.131605,15-Feb-2025 08:16:46.557,0.088534,15-Feb-2025 08:16:46.557,9.863214
15-Feb-2025 08:16:46.577,0.12682,15-Feb-2025 08:16:46.577,0.102891,15-Feb-2025 08:16:46.577,9.863214
15-Feb-2025 08:16:46.597,0.122034,15-Feb-2025 08:16:46.597,0.09332,15-Feb-2025 08:16:46.597,9.853643
15-Feb-2025 08:16:46.617,0.141177,15-Feb-2025 08:16:46.617,0.088534,15-Feb-2025 08:16:46.617,9.858429
15-Feb-2025 08:16:46.637,0.131605,15-Feb-2025 08:16:46.637,0.083749,15-Feb-2025 08:16:46.637,9.863214
15-Feb-2025 08:16:46.657,0.136391,15-Feb-2025 08:16:46.657,0.107677,15-Feb-2025 08:16:46.657,9.858429
15-Feb-2025 08:16:46.677,0.145962,15-Feb-2025 08:16:46.677,0.09332,15-Feb-2025 08:16:46.677,9.863214
15-Feb-2025 08:16:46.697,0.141177,15-Feb-2025 08:16:46.697,0.083749,15-Feb-2025 08:16:46.697,9.873384
15-Feb-2025 08:16:46.717,0.12682,15-Feb-2025 08:16:46.717,0.088534,15-Feb-2025 08:16:46.717,9.858429
15-Feb-2025 08:16:46.737,0.131605,15-Feb-2025 08:16:46.737,0.078963,15-Feb-2025 08:16:46.737,9.863214
15-Feb-2025 08:16:46.756,0.131605,15-Feb-2025 08:16:46.756,0.088534,15-Feb-2025 08:16:46.756,9.863214
15-Feb-2025 08:16:46.777,0.136391,15-Feb-2025 08:16:46.777,0.088534,15-Feb-2025 08:16:46.777,9.853643
15-Feb-2025 08:16:46.797,0.12682,15-Feb-2025 08:16:46.797,0.083749,15-Feb-2025 08:16:46.797,9.863214
15-Feb-2025 08:16:46.817,0.131605,15-Feb-2025 08:16:46.817,0.088534,15-Feb-2025 08:16:46.817,9.853643
15-Feb-2025 08:16:46.837,0.141177,15-Feb-2025 08:16:46.837,0.098106,15-Feb-2025 08:16:46.837,9.863214
15-Feb-2025 08:16:46.857,0.131605,15-Feb-2025 08:16:46.857,0.09332,15-Feb-2025 08:16:46.857,9.863214
15-Feb-2025 08:16:46.877,0.12682,15-Feb-2025 08:16:46.877,0.088534,15-Feb-2025 08:16:46.877,9.863214
15-Feb-2025 08:16:46.897,0.122034,15-Feb-2025 08:16:46.897,0.088534,15-Feb-2025 08:16:46.897,9.863214
15-Feb-2025 08:16:46.917,0.141177,15-Feb-2025 08:16:46.917,0.09332,15-Feb-2025 08:16:46.917,9.868599
15-Feb-2025 08:16:46.937,0.145962,15-Feb-2025 08:16:46.937,0.083749,15-Feb-2025 08:16:46.937,9.853643
15-Feb-2025 08:16:46.957,0.145962,15-Feb-2025 08:16:46.957,0.09332,15-Feb-2025 08:16:46.957,9.858429
15-Feb-2025 08:16:46.977,0.131605,15-Feb-2025 08:16:46.977,0.09332,15-Feb-2025 08:16:46.977,9.858429
15-Feb-2025 08:16:46.997,0.131605,15-Feb-2025 08:16:46.997,0.088534,15-Feb-2025 08:16:46.997,9.858429
15-Feb-2025 08:16:47.017,0.131605,15-Feb-2025 08:16:47.017,0.088534,15-Feb-2025 08:16:47.017,9.863214
15-Feb-2025 08:16:47.037,0.131605,15-Feb-2025 08:16:47.037,0.083749,15-Feb-2025 08:16:47.037,9.853643
15-Feb-2025 08:16:47.057,0.131605,15-Feb-2025 08:16:47.057,0.088534,15-Feb-2025 08:16:47.057,9.868599
15-Feb-2025 08:16:47.077,0.141177,15-Feb-2025 08:16:47.077,0.098106,15-Feb-2025 08:16:47.077,9.853643
15-Feb-2025 08:16:47.097,0.136391,15-Feb-2025 08:16:47.097,0.088534,15-Feb-2025 08:16:47.097,9.858429
15-Feb-2025 08:16:47.117,0.136391,15-Feb-2025 08:16:47.117,0.074178,15-Feb-2025 08:16:47.117,9.858429
15-Feb-2025 08:16:47.137,0.12682,15-Feb-2025 08:16:47.137,0.083749,15-Feb-2025 08:16:47.137,9.853643
15-Feb-2025 08:16:47.157,0.141177,15-Feb-2025 08:16:47.157,0.09332,15-Feb-2025 08:16:47.157,9.858429
15-Feb-2025 08:16:47.177,0.131605,15-Feb-2025 08:16:47.177,0.088534,15-Feb-2025 08:16:47.177,9.853643
15-Feb-2025 08:16:47.197,0.12682,15-Feb-2025 08:16:47.197,0.083749,15-Feb-2025 08:16:47.197,9.868599
15-Feb-2025 08:16:47.217,0.136391,15-Feb-2025 08:16:47.217,0.083749,15-Feb-2025 08:16:47.217,9.858429
15-Feb-2025 08:16:47.237,0.131605,15-Feb-2025 08:16:47.237,0.083749,15-Feb-2025 08:16:47.237,9.853643
15-Feb-2025 08:16:47.257,0.136391,15-Feb-2025 08:16:47.257,0.088534,15-Feb-2025 08:16:47.257,9.863214
15-Feb-2025 08:16:47.276,0.150748,15-Feb-2025 08:16:47.276,0.098106,15-Feb-2025 08:16:47.276,9.868599
15-Feb-2025 08:16:47.296,0.131605,15-Feb-2025 08:16:47.296,0.088534,15-Feb-2025 08:16:47.296,9.858429
15-Feb-2025 08:16:47.316,0.122034,15-Feb-2025 08:16:47.316,0.088534,15-Feb-2025 08:16:47.316,9.863214
15-Feb-2025 08:16:47.336,0.136391,15-Feb-2025 08:16:47.336,0.098106,15-Feb-2025 08:16:47.336,9.873384
15-Feb-2025 08:16:47.356,0.136391,15-Feb-2025 08:16:47.356,0.088534,15-Feb-2025 08:16:47.356,9.863214
15-Feb-2025 08:16:47.376,0.131605,15-Feb-2025 08:16:47.376,0.078963,15-Feb-2025 08:16:47.376,9.858429
15-Feb-2025 08:16:47.396,0.145962,15-Feb-2025 08:16:47.396,0.088534,15-Feb-2025 08:16:47.396,9.868599
15-Feb-2025 08:16:47.416,0.136391,15-Feb-2025 08:16:47.416,0.102891,15-Feb-2025 08:16:47.416,9.868599
15-Feb-2025 08:16:47.436,0.136391,15-Feb-2025 08:16:47.436,0.09332,15-Feb-2025 08:16:47.436,9.858429
15-Feb-2025 08:16:47.456,0.12682,15-Feb-2025 08:16:47.456,0.083749,15-Feb-2025 08:16:47.456,9.863214
15-Feb-2025 08:16:47.476,0.131605,15-Feb-2025 08:16:47.476,0.083749,15-Feb-2025 08:16:47.476,9.853643
15-Feb-2025 08:16:47.496,0.136391,15-Feb-2025 08:16:47.496,0.09332,15-Feb-2025 08:16:47.496,9.848858
15-Feb-2025 08:16:47.516,0.131605,15-Feb-2025 08:16:47.516,0.083749,15-Feb-2025 08:16:47.516,9.863214
15-Feb-2025 08:16:47.536,0.12682,15-Feb-2025 08:16:47.536,0.074178,15-Feb-2025 08:16:47.536,9.858429
15-Feb-2025 08:16:47.556,0.141177,15-Feb-2025 08:16:47.556,0.107677,15-Feb-2025 08:16:47.556,9.858429
15-Feb-2025 08:16:47.576,0.160319,15-Feb-2025 08:16:47.576,0.078963,15-Feb-2025 08:16:47.576,9.858429
15-Feb-2025 08:16:47.596,0.131605,15-Feb-2025 08:16:47.596,0.088534,15-Feb-2025 08:16:47.596,9.863214
15-Feb-2025 08:16:47.616,0.12682,15-Feb-2025 08:16:47.616,0.083749,15-Feb-2025 08:16:47.616,9.863214
15-Feb-2025 08:16:47.636,0.150748,15-Feb-2025 08:16:47.636,0.069392,15-Feb-2025 08:16:47.636,9.858429
15-Feb-2025 08:16:47.656,0.136391,15-Feb-2025 08:16:47.656,0.078963,15-Feb-2025 08:16:47.656,9.858429
15-Feb-2025 08:16:47.676,0.136391,15-Feb-2025 08:16:47.676,0.088534,15-Feb-2025 08:16:47.676,9.848858
15-Feb-2025 08:16:47.696,0.131605,15-Feb-2025 08:16:47.696,0.074178,15-Feb-2025 08:16:47.696,9.858429
15-Feb-2025 08:16:47.716,0.141177,15-Feb-2025 08:16:47.716,0.088534,15-Feb-2025 08:16:47.716,9.863214
15-Feb-2025 08:16:47.736,0.136391,15-Feb-2025 08:16:47.736,0.098106,15-Feb-2025 08:16:47.736,9.853643
15-Feb-2025 08:16:47.756,0.122034,15-Feb-2025 08:16:47.756,0.088534,15-Feb-2025 08:16:47.756,9.853643
15-Feb-2025 08:16:47.776,0.131605,15-Feb-2025 08:16:47.776,0.083749,15-Feb-2025 08:16:47.776,9.858429
15-Feb-2025 08:16:47.796,0.145962,15-Feb-2025 08:16:47.796,0.09332,15-Feb-2025 08:16:47.796,9.858429
15-Feb-2025 08:16:47.816,0.122034,15-Feb-2025 08:16:47.816,0.09332,15-Feb-2025 08:16:47.816,9.863214
15-Feb-2025 08:16:47.836,0.12682,15-Feb-2025 08:16:47.836,0.088534,15-Feb-2025 08:16:47.836,9.853643
15-Feb-2025 08:16:47.856,0.131605,15-Feb-2025 08:16:47.856,0.09332,15-Feb-2025 08:16:47.856,9.844072
15-Feb-2025 08:16:47.876,0.150748,15-Feb-2025 08:16:47.876,0.09332,15-Feb-2025 08:16:47.876,9.863214
15-Feb-2025 08:16:47.895,0.136391,15-Feb-2025 08:16:47.895,0.09332,15-Feb-2025 08:16:47.895,9.863214
15-Feb-2025 08:16:47.916,0.141177,15-Feb-2025 08:16:47.916,0.088534,15-Feb-2025 08:16:47.916,9.858429
15-Feb-2025 08:16:47.936,0.136391,15-Feb-2025 08:16:47.936,0.088534,15-Feb-2025 08:16:47.936,9.853643
15-Feb-2025 08:16:47.956,0.136391,15-Feb-2025 08:16:47.956,0.09332,15-Feb-2025 08:16:47.956,9.858429
15-Feb-2025 08:16:47.976,0.136391,15-Feb-2025 08:16:47.976,0.083749,15-Feb-2025 08:16:47.976,9.858429
15-Feb-2025 08:16:47.996,0.141177,15-Feb-2025 08:16:47.996,0.098106,15-Feb-2025 08:16:47.996,9.853643
15-Feb-2025 08:16:48.016,0.136391,15-Feb-2025 08:16:48.016,0.102891,15-Feb-2025 08:16:48.016,9.853643
15-Feb-2025 08:16:48.036,0.12682,15-Feb-2025 08:16:48.036,0.088534,15-Feb-2025 08:16:48.036,9.868599
15-Feb-2025 08:16:48.056,0.122034,15-Feb-2025 08:16:48.056,0.088534,15-Feb-2025 08:16:48.056,9.858429
15-Feb-2025 08:16:48.076,0.131605,15-Feb-2025 08:16:48.076,0.088534,15-Feb-2025 08:16:48.076,9.853643
15-Feb-2025 08:16:48.096,0.131605,15-Feb-2025 08:16:48.096,0.088534,15-Feb-2025 08:16:48.096,9.853643
15-Feb-2025 08:16:48.116,0.141177,15-Feb-2025 08:16:48.116,0.09332,15-Feb-2025 08:16:48.116,9.844072
15-Feb-2025 08:16:48.136,0.145962,15-Feb-2025 08:16:48.136,0.088534,15-Feb-2025 08:16:48.136,9.853643
15-Feb-2025 08:16:48.156,0.131605,15-Feb-2025 08:16:48.156,0.09332,15-Feb-2025 08:16:48.156,9.853643
15-Feb-2025 08:16:48.176,0.131605,15-Feb-2025 08:16:48.176,0.09332,15-Feb-2025 08:16:48.176,9.863214
15-Feb-2025 08:16:48.196,0.12682,15-Feb-2025 08:16:48.196,0.102891,15-Feb-2025 08:16:48.196,9.853643
15-Feb-2025 08:16:48.215,0.131605,15-Feb-2025 08:16:48.215,0.09332,15-Feb-2025 08:16:48.215,9.863214
15-Feb-2025 08:16:48.235,0.136391,15-Feb-2025 08:16:48.235,0.09332,15-Feb-2025 08:16:48.235,9.858429
15-Feb-2025 08:16:48.255,0.136391,15-Feb-2025 08:16:48.255,0.088534,15-Feb-2025 08:16:48.255,9.853643
15-Feb-2025 08:16:48.275,0.136391,15-Feb-2025 08:16:48.275,0.09332,15-Feb-2025 08:16:48.275,9.848858
15-Feb-2025 08:16:48.295,0.141177,15-Feb-2025 08:16:48.295,0.098106,15-Feb-2025 08:16:48.295,9.858429
15-Feb-2025 08:16:48.315,0.131605,15-Feb-2025 08:16:48.315,0.083749,15-Feb-2025 08:16:48.315,9.858429
15-Feb-2025 08:16:48.335,0.136391,15-Feb-2025 08:16:48.335,0.098106,15-Feb-2025 08:16:48.335,9.87817
15-Feb-2025 08:16:48.355,0.150748,15-Feb-2025 08:16:48.355,0.102891,15-Feb-2025 08:16:48.355,9.868599
15-Feb-2025 08:16:48.375,0.141177,15-Feb-2025 08:16:48.375,0.09332,15-Feb-2025 08:16:48.375,9.863214
15-Feb-2025 08:16:48.395,0.12682,15-Feb-2025 08:16:48.395,0.098106,15-Feb-2025 08:16:48.395,9.858429
15-Feb-2025 08:16:48.415,0.136391,15-Feb-2025 08:16:48.415,0.098106,15-Feb-2025 08:16:48.415,9.868599
15-Feb-2025 08:16:48.435,0.141177,15-Feb-2025 08:16:48.435,0.09332,15-Feb-2025 08:16:48.435,9.868599
15-Feb-2025 08:16:48.455,0.145962,15-Feb-2025 08:16:48.455,0.083749,15-Feb-2025 08:16:48.455,9.873384
15-Feb-2025 08:16:48.475,0.131605,15-Feb-2025 08:16:48.475,0.088534,15-Feb-2025 08:16:48.475,9.863214
15-Feb-2025 08:16:48.495,0.136391,15-Feb-2025 08:16:48.495,0.083749,15-Feb-2025 08:16:48.495,9.848858
15-Feb-2025 08:16:48.515,0.141177,15-Feb-2025 08:16:48.515,0.088534,15-Feb-2025 08:16:48.515,9.844072
15-Feb-2025 08:16:48.535,0.136391,15-Feb-2025 08:16:48.535,0.09332,15-Feb-2025 08:16:48.535,9.868599
15-Feb-2025 08:16:48.555,0.150748,15-Feb-2025 08:16:48.555,0.098106,15-Feb-2025 08:16:48.555,9.873384
15-Feb-2025 08:16:48.575,0.131605,15-Feb-2025 08:16:48.575,0.083749,15-Feb-2025 08:16:48.575,9.858429
15-Feb-2025 08:16:48.595,0.150748,15-Feb-2025 08:16:48.595,0.088534,15-Feb-2025 08:16:48.595,9.848858
15-Feb-2025 08:16:48.615,0.155533,15-Feb-2025 08:16:48.615,0.09332,15-Feb-2025 08:16:48.615,9.853643
15-Feb-2025 08:16:48.635,0.145962,15-Feb-2025 08:16:48.635,0.083749,15-Feb-2025 08:16:48.635,9.858429
15-Feb-2025 08:16:48.655,0.145962,15-Feb-2025 08:16:48.655,0.083749,15-Feb-2025 08:16:48.655,9.863214
15-Feb-2025 08:16:48.675,0.136391,15-Feb-2025 08:16:48.675,0.107677,15-Feb-2025 08:16:48.675,9.853643
15-Feb-2025 08:16:48.695,0.136391,15-Feb-2025 08:16:48.695,0.09332,15-Feb-2025 08:16:48.695,9.863214
15-Feb-2025 08:16:48.715,0.136391,15-Feb-2025 08:16:48.715,0.088534,15-Feb-2025 08:16:48.715,9.868599
15-Feb-2025 08:16:48.735,0.131605,15-Feb-2025 08:16:48.735,0.098106,15-Feb-2025 08:16:48.735,9.858429
15-Feb-2025 08:16:48.755,0.12682,15-Feb-2025 08:16:48.755,0.088534,15-Feb-2025 08:16:48.755,9.858429
15-Feb-2025 08:16:48.775,0.141177,15-Feb-2025 08:16:48.775,0.083749,15-Feb-2025 08:16:48.775,9.873384
15-Feb-2025 08:16:48.795,0.12682,15-Feb-2025 08:16:48.795,0.088534,15-Feb-2025 08:16:48.795,9.858429
15-Feb-2025 08:16:48.815,0.141177,15-Feb-2025 08:16:48.815,0.088534,15-Feb-2025 08:16:48.815,9.863214
15-Feb-2025 08:16:48.835,0.150748,15-Feb-2025 08:16:48.835,0.083749,15-Feb-2025 08:16:48.835,9.863214
15-Feb-2025 08:16:48.855,0.145962,15-Feb-2025 08:16:48.855,0.088534,15-Feb-2025 08:16:48.855,9.858429
15-Feb-2025 08:16:48.875,0.136391,15-Feb-2025 08:16:48.875,0.088534,15-Feb-2025 08:16:48.875,9.858429
15-Feb-2025 08:16:48.895,0.141177,15-Feb-2025 08:16:48.895,0.107677,15-Feb-2025 08:16:48.895,9.863214
15-Feb-2025 08:16:48.915,0.12682,15-Feb-2025 08:16:48.915,0.09332,15-Feb-2025 08:16:48.915,9.858429
15-Feb-2025 08:16:48.935,0.12682,15-Feb-2025 08:16:48.935,0.088534,15-Feb-2025 08:16:48.935,9.868599
15-Feb-2025 08:16:48.955,0.131605,15-Feb-2025 08:16:48.955,0.098106,15-Feb-2025 08:16:48.955,9.863214
15-Feb-2025 08:16:48.975,0.12682,15-Feb-2025 08:16:48.975,0.083749,15-Feb-2025 08:16:48.975,9.868599
15-Feb-2025 08:16:48.995,0.12682,15-Feb-2025 08:16:48.995,0.098106,15-Feb-2025 08:16:48.995,9.868599
15-Feb-2025 08:16:49.015,0.131605,15-Feb-2025 08:16:49.015,0.098106,15-Feb-2025 08:16:49.015,9.863214
15-Feb-2025 08:16:49.035,0.141177,15-Feb-2025 08:16:49.035,0.078963,15-Feb-2025 08:16:49.035,9.853643
15-Feb-2025 08:16:49.055,0.136391,15-Feb-2025 08:16:49.055,0.083749,15-Feb-2025 08:16:49.055,9.853643
15-Feb-2025 08:16:49.075,0.136391,15-Feb-2025 08:16:49.075,0.09332,15-Feb-2025 08:16:49.075,9.858429
15-Feb-2025 08:16:49.095,0.136391,15-Feb-2025 08:16:49.095,0.088534,15-Feb-2025 08:16:49.095,9.858429
15-Feb-2025 08:16:49.115,0.141177,15-Feb-2025 08:16:49.115,0.088534,15-Feb-2025 08:16:49.115,9.858429
15-Feb-2025 08:16:49.134,0.136391,15-Feb-2025 08:16:49.134,0.09332,15-Feb-2025 08:16:49.134,9.858429
15-Feb-2025 08:16:49.154,0.12682,15-Feb-2025 08:16:49.154,0.088534,15-Feb-2025 08:16:49.154,9.848858
15-Feb-2025 08:16:49.174,0.145962,15-Feb-2025 08:16:49.174,0.083749,15-Feb-2025 08:16:49.174,9.858429
15-Feb-2025 08:16:49.194,0.145962,15-Feb-2025 08:16:49.194,0.074178,15-Feb-2025 08:16:49.194,9.853643
15-Feb-2025 08:16:49.214,0.136391,15-Feb-2025 08:16:49.214,0.09332,15-Feb-2025 08:16:49.214,9.868599
15-Feb-2025 08:16:49.234,0.136391,15-Feb-2025 08:16:49.234,0.107677,15-Feb-2025 08:16:49.234,9.853643
15-Feb-2025 08:16:49.254,0.131605,15-Feb-2025 08:16:49.254,0.088534,15-Feb-2025 08:16:49.254,9.863214
15-Feb-2025 08:16:49.274,0.136391,15-Feb-2025 08:16:49.274,0.09332,15-Feb-2025 08:16:49.274,9.868599
15-Feb-2025 08:16:49.294,0.131605,15-Feb-2025 08:16:49.294,0.102891,15-Feb-2025 08:16:49.294,9.853643
15-Feb-2025 08:16:49.314,0.136391,15-Feb-2025 08:16:49.314,0.098106,15-Feb-2025 08:16:49.314,9.853643
15-Feb-2025 08:16:49.334,0.136391,15-Feb-2025 08:16:49.334,0.088534,15-Feb-2025 08:16:49.334,9.848858
15-Feb-2025 08:16:49.354,0.145962,15-Feb-2025 08:16:49.354,0.09332,15-Feb-2025 08:16:49.354,9.848858
15-Feb-2025 08:16:49.374,0.131605,15-Feb-2025 08:16:49.374,0.09332,15-Feb-2025 08:16:49.374,9.863214
15-Feb-2025 08:16:49.394,0.131605,15-Feb-2025 08:16:49.394,0.088534,15-Feb-2025 08:16:49.394,9.858429
15-Feb-2025 08:16:49.414,0.145962,15-Feb-2025 08:16:49.414,0.102891,15-Feb-2025 08:16:49.414,9.858429
15-Feb-2025 08:16:49.434,0.141177,15-Feb-2025 08:16:49.434,0.09332,15-Feb-2025 08:16:49.434,9.848858
15-Feb-2025 08:16:49.454,0.12682,15-Feb-2025 08:16:49.454,0.102891,15-Feb-2025 08:16:49.454,9.853643
15-Feb-2025 08:16:49.474,0.131605,15-Feb-2025 08:16:49.474,0.098106,15-Feb-2025 08:16:49.474,9.858429
15-Feb-2025 08:16:49.494,0.141177,15-Feb-2025 08:16:49.494,0.088534,15-Feb-2025 08:16:49.494,9.853643
15-Feb-2025 08:16:49.514,0.141177,15-Feb-2025 08:16:49.514,0.098106,15-Feb-2025 08:16:49.514,9.858429
15-Feb-2025 08:16:49.534,0.131605,15-Feb-2025 08:16:49.534,0.083749,15-Feb-2025 08:16:49.534,9.858429
15-Feb-2025 08:16:49.554,0.131605,15-Feb-2025 08:16:49.554,0.09332,15-Feb-2025 08:16:49.554,9.853643
15-Feb-2025 08:16:49.574,0.12682,15-Feb-2025 08:16:49.574,0.09332,15-Feb-2025 08:16:49.574,9.858429
15-Feb-2025 08:16:49.594,0.131605,15-Feb-2025 08:16:49.594,0.098106,15-Feb-2025 08:16:49.594,9.868599
15-Feb-2025 08:16:49.614,0.136391,15-Feb-2025 08:16:49.614,0.078963,15-Feb-2025 08:16:49.614,9.863214
15-Feb-2025 08:16:49.634,0.131605,15-Feb-2025 08:16:49.634,0.078963,15-Feb-2025 08:16:49.634,9.858429
15-Feb-2025 08:16:49.654,0.136391,15-Feb-2025 08:16:49.654,0.088534,15-Feb-2025 08:16:49.654,9.853643
15-Feb-2025 08:16:49.674,0.145962,15-Feb-2025 08:16:49.674,0.09332,15-Feb-2025 08:16:49.674,9.858429
15-Feb-2025 08:16:49.694,0.12682,15-Feb-2025 08:16:49.694,0.098106,15-Feb-2025 08:16:49.694,9.873384
15-Feb-2025 08:16:49.714,0.12682,15-Feb-2025 08:16:49.714,0.088534,15-Feb-2025 08:16:49.714,9.853643
15-Feb-2025 08:16:49.734,0.136391,15-Feb-2025 08:16:49.734,0.09332,15-Feb-2025 08:16:49.734,9.853643
15-Feb-2025 08:16:49.754,0.136391,15-Feb-2025 08:16:49.754,0.083749,15-Feb-2025 08:16:49.754,9.868599
15-Feb-2025 08:16:49.774,0.136391,15-Feb-2025 08:16:49.774,0.078963,15-Feb-2025 08:16:49.774,9.873384
15-Feb-2025 08:16:49.794,0.122034,15-Feb-2025 08:16:49.794,0.083749,15-Feb-2025 08:16:49.794,9.873384
15-Feb-2025 08:16:49.814,0.136391,15-Feb-2025 08:16:49.814,0.088534,15-Feb-2025 08:16:49.814,9.858429
15-Feb-2025 08:16:49.834,0.131605,15-Feb-2025 08:16:49.834,0.083749,15-Feb-2025 08:16:49.834,9.858429
15-Feb-2025 08:16:49.854,0.136391,15-Feb-2025 08:16:49.854,0.098106,15-Feb-2025 08:16:49.854,9.863214
15-Feb-2025 08:16:49.874,0.141177,15-Feb-2025 08:16:49.874,0.09332,15-Feb-2025 08:16:49.874,9.853643
15-Feb-2025 08:16:49.894,0.150748,15-Feb-2025 08:16:49.894,0.088534,15-Feb-2025 08:16:49.894,9.858429
15-Feb-2025 08:16:49.914,0.141177,15-Feb-2025 08:16:49.914,0.078963,15-Feb-2025 08:16:49.914,9.863214
15-Feb-2025 08:16:49.934,0.145962,15-Feb-2025 08:16:49.934,0.09332,15-Feb-2025 08:16:49.934,9.853643
15-Feb-2025 08:16:49.954,0.145962,15-Feb-2025 08:16:49.954,0.088534,15-Feb-2025 08:16:49.954,9.868599
15-Feb-2025 08:16:49.974,0.145962,15-Feb-2025 08:16:49.974,0.098106,15-Feb-2025 08:16:49.974,9.858429
15-Feb-2025 08:16:49.994,0.131605,15-Feb-2025 08:16:49.994,0.09332,15-Feb-2025 08:16:49.994,9.844072
15-Feb-2025 08:16:50.014,0.112463,15-Feb-2025 08:16:50.014,0.088534,15-Feb-2025 08:16:50.014,9.868599
15-Feb-2025 08:16:50.034,0.122034,15-Feb-2025 08:16:50.034,0.09332,15-Feb-2025 08:16:50.034,9.848858
15-Feb-2025 08:16:50.054,0.131605,15-Feb-2025 08:16:50.054,0.098106,15-Feb-2025 08:16:50.054,9.858429
15-Feb-2025 08:16:50.074,0.141177,15-Feb-2025 08:16:50.074,0.098106,15-Feb-2025 08:16:50.074,9.873384
15-Feb-2025 08:16:50.093,0.145962,15-Feb-2025 08:16:50.093,0.083749,15-Feb-2025 08:16:50.093,9.868599
15-Feb-2025 08:16:50.113,0.141177,15-Feb-2025 08:16:50.113,0.083749,15-Feb-2025 08:16:50.113,9.858429
15-Feb-2025 08:16:50.133,0.12682,15-Feb-2025 08:16:50.133,0.088534,15-Feb-2025 08:16:50.133,9.858429
15-Feb-2025 08:16:50.153,0.117248,15-Feb-2025 08:16:50.153,0.098106,15-Feb-2025 08:16:50.153,9.853643
15-Feb-2025 08:16:50.173,0.131605,15-Feb-2025 08:16:50.173,0.09332,15-Feb-2025 08:16:50.173,9.858429
15-Feb-2025 08:16:50.193,0.131605,15-Feb-2025 08:16:50.193,0.088534,15-Feb-2025 08:16:50.193,9.858429
15-Feb-2025 08:16:50.213,0.145962,15-Feb-2025 08:16:50.213,0.09332,15-Feb-2025 08:16:50.213,9.858429
15-Feb-2025 08:16:50.233,0.150748,15-Feb-2025 08:16:50.233,0.09332,15-Feb-2025 08:16:50.233,9.853643
15-Feb-2025 08:16:50.253,0.12682,15-Feb-2025 08:16:50.253,0.088534,15-Feb-2025 08:16:50.253,9.863214
15-Feb-2025 08:16:50.273,0.12682,15-Feb-2025 08:16:50.273,0.078963,15-Feb-2025 08:16:50.273,9.863214
15-Feb-2025 08:16:50.293,0.136391,15-Feb-2025 08:16:50.293,0.098106,15-Feb-2025 08:16:50.293,9.853643
15-Feb-2025 08:16:50.314,0.12682,15-Feb-2025 08:16:50.314,0.098106,15-Feb-2025 08:16:50.314,9.868599
15-Feb-2025 08:16:50.333,0.145962,15-Feb-2025 08:16:50.333,0.09332,15-Feb-2025 08:16:50.333,9.858429
15-Feb-2025 08:16:50.353,0.136391,15-Feb-2025 08:16:50.353,0.078963,15-Feb-2025 08:16:50.353,9.863214
15-Feb-2025 08:16:50.373,0.141177,15-Feb-2025 08:16:50.373,0.098106,15-Feb-2025 08:16:50.373,9.858429
15-Feb-2025 08:16:50.393,0.145962,15-Feb-2025 08:16:50.393,0.09332,15-Feb-2025 08:16:50.393,9.868599
15-Feb-2025 08:16:50.413,0.136391,15-Feb-2025 08:16:50.413,0.088534,15-Feb-2025 08:16:50.413,9.863214
15-Feb-2025 08:16:50.433,0.136391,15-Feb-2025 08:16:50.433,0.083749,15-Feb-2025 08:16:50.433,9.848858
15-Feb-2025 08:16:50.453,0.122034,15-Feb-2025 08:16:50.453,0.088534,15-Feb-2025 08:16:50.453,9.853643
15-Feb-2025 08:16:50.473,0.122034,15-Feb-2025 08:16:50.473,0.098106,15-Feb-2025 08:16:50.473,9.868599
15-Feb-2025 08:16:50.493,0.145962,15-Feb-2025 08:16:50.493,0.083749,15-Feb-2025 08:16:50.493,9.848858
15-Feb-2025 08:16:50.513,0.145962,15-Feb-2025 08:16:50.513,0.088534,15-Feb-2025 08:16:50.513,9.853643
15-Feb-2025 08:16:50.533,0.12682,15-Feb-2025 08:16:50.533,0.074178,15-Feb-2025 08:16:50.533,9.868599
15-Feb-2025 08:16:50.553,0.136391,15-Feb-2025 08:16:50.553,0.088534,15-Feb-2025 08:16:50.553,9.858429
15-Feb-2025 08:16:50.573,0.12682,15-Feb-2025 08:16:50.573,0.088534,15-Feb-2025 08:16:50.573,9.858429
15-Feb-2025 08:16:50.593,0.136391,15-Feb-2025 08:16:50.593,0.083749,15-Feb-2025 08:16:50.593,9.863214
15-Feb-2025 08:16:50.613,0.150748,15-Feb-2025 08:16:50.613,0.09332,15-Feb-2025 08:16:50.613,9.863214
15-Feb-2025 08:16:50.632,0.145962,15-Feb-2025 08:16:50.632,0.098106,15-Feb-2025 08:16:50.632,9.858429
15-Feb-2025 08:16:50.653,0.131605,15-Feb-2025 08:16:50.653,0.09332,15-Feb-2025 08:16:50.653,9.863214
15-Feb-2025 08:16:50.673,0.136391,15-Feb-2025 08:16:50.673,0.09332,15-Feb-2025 08:16:50.673,9.873384
15-Feb-2025 08:16:50.693,0.136391,15-Feb-2025 08:16:50.693,0.098106,15-Feb-2025 08:16:50.693,9.858429
15-Feb-2025 08:16:50.713,0.136391,15-Feb-2025 08:16:50.713,0.088534,15-Feb-2025 08:16:50.713,9.863214
15-Feb-2025 08:16:50.733,0.136391,15-Feb-2025 08:16:50.733,0.088534,15-Feb-2025 08:16:50.733,9.863214
15-Feb-2025 08:16:50.753,0.12682,15-Feb-2025 08:16:50.753,0.09332,15-Feb-2025 08:16:50.753,9.858429
15-Feb-2025 08:16:50.773,0.122034,15-Feb-2025 08:16:50.773,0.09332,15-Feb-2025 08:16:50.773,9.863214
15-Feb-2025 08:16:50.793,0.131605,15-Feb-2025 08:16:50.793,0.088534,15-Feb-2025 08:16:50.793,9.858429
15-Feb-2025 08:16:50.813,0.131605,15-Feb-2025 08:16:50.813,0.09332,15-Feb-2025 08:16:50.813,9.868599
15-Feb-2025 08:16:50.833,0.12682,15-Feb-2025 08:16:50.833,0.088534,15-Feb-2025 08:16:50.833,9.863214
15-Feb-2025 08:16:50.853,0.136391,15-Feb-2025 08:16:50.853,0.088534,15-Feb-2025 08:16:50.853,9.858429
15-Feb-2025 08:16:50.873,0.122034,15-Feb-2025 08:16:50.873,0.09332,15-Feb-2025 08:16:50.873,9.858429
15-Feb-2025 08:16:50.893,0.131605,15-Feb-2025 08:16:50.893,0.088534,15-Feb-2025 08:16:50.893,9.858429
15-Feb-2025 08:16:50.913,0.131605,15-Feb-2025 08:16:50.913,0.09332,15-Feb-2025 08:16:50.913,9.868599
15-Feb-2025 08:16:50.933,0.136391,15-Feb-2025 08:16:50.933,0.102891,15-Feb-2025 08:16:50.933,9.844072
15-Feb-2025 08:16:50.953,0.145962,15-Feb-2025 08:16:50.953,0.088534,15-Feb-2025 08:16:50.953,9.858429
15-Feb-2025 08:16:50.973,0.131605,15-Feb-2025 08:16:50.973,0.088534,15-Feb-2025 08:16:50.973,9.863214
15-Feb-2025 08:16:50.993,0.122034,15-Feb-2025 08:16:50.993,0.09332,15-Feb-2025 08:16:50.993,9.848858
15-Feb-2025 08:16:51.012,0.136391,15-Feb-2025 08:16:51.012,0.098106,15-Feb-2025 08:16:51.012,9.873384
15-Feb-2025 08:16:51.032,0.136391,15-Feb-2025 08:16:51.032,0.09332,15-Feb-2025 08:16:51.032,9.853643
15-Feb-2025 08:16:51.052,0.12682,15-Feb-2025 08:16:51.052,0.098106,15-Feb-2025 08:16:51.052,9.853643
15-Feb-2025 08:16:51.072,0.131605,15-Feb-2025 08:16:51.072,0.083749,15-Feb-2025 08:16:51.072,9.863214
15-Feb-2025 08:16:51.092,0.141177,15-Feb-2025 08:16:51.092,0.078963,15-Feb-2025 08:16:51.092,9.853643
15-Feb-2025 08:16:51.112,0.141177,15-Feb-2025 08:16:51.112,0.088534,15-Feb-2025 08:16:51.112,9.858429
15-Feb-2025 08:16:51.132,0.141177,15-Feb-2025 08:16:51.132,0.083749,15-Feb-2025 08:16:51.132,9.863214
15-Feb-2025 08:16:51.152,0.145962,15-Feb-2025 08:16:51.152,0.088534,15-Feb-2025 08:16:51.152,9.87817
15-Feb-2025 08:16:51.172,0.145962,15-Feb-2025 08:16:51.172,0.102891,15-Feb-2025 08:16:51.172,9.863214
15-Feb-2025 08:16:51.192,0.136391,15-Feb-2025 08:16:51.192,0.09332,15-Feb-2025 08:16:51.192,9.863214
15-Feb-2025 08:16:51.212,0.141177,15-Feb-2025 08:16:51.212,0.088534,15-Feb-2025 08:16:51.212,9.853643
15-Feb-2025 08:16:51.232,0.150748,15-Feb-2025 08:16:51.232,0.078963,15-Feb-2025 08:16:51.232,9.853643
15-Feb-2025 08:16:51.252,0.141177,15-Feb-2025 08:16:51.252,0.088534,15-Feb-2025 08:16:51.252,9.868599
15-Feb-2025 08:16:51.272,0.122034,15-Feb-2025 08:16:51.272,0.098106,15-Feb-2025 08:16:51.272,9.863214
15-Feb-2025 08:16:51.292,0.141177,15-Feb-2025 08:16:51.292,0.09332,15-Feb-2025 08:16:51.292,9.858429
15-Feb-2025 08:16:51.312,0.160319,15-Feb-2025 08:16:51.312,0.098106,15-Feb-2025 08:16:51.312,9.848858
15-Feb-2025 08:16:51.332,0.136391,15-Feb-2025 08:16:51.332,0.09332,15-Feb-2025 08:16:51.332,9.858429
15-Feb-2025 08:16:51.352,0.131605,15-Feb-2025 08:16:51.352,0.09332,15-Feb-2025 08:16:51.352,9.853643
15-Feb-2025 08:16:51.372,0.136391,15-Feb-2025 08:16:51.372,0.102891,15-Feb-2025 08:16:51.372,9.848858
15-Feb-2025 08:16:51.392,0.131605,15-Feb-2025 08:16:51.392,0.09332,15-Feb-2025 08:16:51.392,9.848858
15-Feb-2025 08:16:51.412,0.122034,15-Feb-2025 08:16:51.412,0.074178,15-Feb-2025 08:16:51.412,9.858429
15-Feb-2025 08:16:51.432,0.122034,15-Feb-2025 08:16:51.432,0.09332,15-Feb-2025 08:16:51.432,9.863214
15-Feb-2025 08:16:51.452,0.136391,15-Feb-2025 08:16:51.452,0.09332,15-Feb-2025 08:16:51.452,9.863214
15-Feb-2025 08:16:51.472,0.12682,15-Feb-2025 08:16:51.472,0.09332,15-Feb-2025 08:16:51.472,9.868599
15-Feb-2025 08:16:51.492,0.122034,15-Feb-2025 08:16:51.492,0.09332,15-Feb-2025 08:16:51.492,9.858429
15-Feb-2025 08:16:51.512,0.12682,15-Feb-2025 08:16:51.512,0.078963,15-Feb-2025 08:16:51.512,9.858429
15-Feb-2025 08:16:51.532,0.12682,15-Feb-2025 08:16:51.532,0.09332,15-Feb-2025 08:16:51.532,9.853643
15-Feb-2025 08:16:51.552,0.12682,15-Feb-2025 08:16:51.552,0.09332,15-Feb-2025 08:16:51.552,9.873384
15-Feb-2025 08:16:51.572,0.122034,15-Feb-2025 08:16:51.572,0.088534,15-Feb-2025 08:16:51.572,9.863214
15-Feb-2025 08:16:51.592,0.136391,15-Feb-2025 08:16:51.592,0.09332,15-Feb-2025 08:16:51.592,9.853643
15-Feb-2025 08:16:51.612,0.141177,15-Feb-2025 08:16:51.612,0.09332,15-Feb-2025 08:16:51.612,9.848858
15-Feb-2025 08:16:51.632,0.131605,15-Feb-2025 08:16:51.632,0.098106,15-Feb-2025 08:16:51.632,9.858429
15-Feb-2025 08:16:51.652,0.136391,15-Feb-2025 08:16:51.652,0.098106,15-Feb-2025 08:16:51.652,9.858429
15-Feb-2025 08:16:51.672,0.122034,15-Feb-2025 08:16:51.672,0.09332,15-Feb-2025 08:16:51.672,9.868599
15-Feb-2025 08:16:51.692,0.131605,15-Feb-2025 08:16:51.692,0.09332,15-Feb-2025 08:16:51.692,9.863214
15-Feb-2025 08:16:51.712,0.131605,15-Feb-2025 08:16:51.712,0.09332,15-Feb-2025 08:16:51.712,9.858429
15-Feb-2025 08:16:51.732,0.136391,15-Feb-2025 08:16:51.732,0.088534,15-Feb-2025 08:16:51.732,9.863214
15-Feb-2025 08:16:51.752,0.131605,15-Feb-2025 08:16:51.752,0.09332,15-Feb-2025 08:16:51.752,9.858429
15-Feb-2025 08:16:51.772,0.12682,15-Feb-2025 08:16:51.772,0.083749,15-Feb-2025 08:16:51.772,9.863214
15-Feb-2025 08:16:51.792,0.136391,15-Feb-2025 08:16:51.792,0.083749,15-Feb-2025 08:16:51.792,9.853643
15-Feb-2025 08:16:51.812,0.131605,15-Feb-2025 08:16:51.812,0.088534,15-Feb-2025 08:16:51.812,9.853643
15-Feb-2025 08:16:51.832,0.141177,15-Feb-2025 08:16:51.832,0.088534,15-Feb-2025 08:16:51.832,9.873384
15-Feb-2025 08:16:51.852,0.136391,15-Feb-2025 08:16:51.852,0.098106,15-Feb-2025 08:16:51.852,9.853643
15-Feb-2025 08:16:51.872,0.141177,15-Feb-2025 08:16:51.872,0.09332,15-Feb-2025 08:16:51.872,9.863214
15-Feb-2025 08:16:51.892,0.131605,15-Feb-2025 08:16:51.892,0.088534,15-Feb-2025 08:16:51.892,9.868599
15-Feb-2025 08:16:51.911,0.136391,15-Feb-2025 08:16:51.911,0.088534,15-Feb-2025 08:16:51.911,9.858429
15-Feb-2025 08:16:51.931,0.12682,15-Feb-2025 08:16:51.931,0.102891,15-Feb-2025 08:16:51.931,9.858429
15-Feb-2025 08:16:51.951,0.150748,15-Feb-2025 08:16:51.951,0.09332,15-Feb-2025 08:16:51.951,9.863214
15-Feb-2025 08:16:51.971,0.136391,15-Feb-2025 08:16:51.971,0.083749,15-Feb-2025 08:16:51.971,9.853643
15-Feb-2025 08:16:51.991,0.136391,15-Feb-2025 08:16:51.991,0.098106,15-Feb-2025 08:16:51.991,9.863214
15-Feb-2025 08:16:52.011,0.141177,15-Feb-2025 08:16:52.011,0.083749,15-Feb-2025 08:16:52.011,9.858429
15-Feb-2025 08:16:52.031,0.150748,15-Feb-2025 08:16:52.031,0.107677,15-Feb-2025 08:16:52.031,9.858429
15-Feb-2025 08:16:52.051,0.136391,15-Feb-2025 08:16:52.051,0.09332,15-Feb-2025 08:16:52.051,9.863214
15-Feb-2025 08:16:52.071,0.136391,15-Feb-2025 08:16:52.071,0.078963,15-Feb-2025 08:16:52.071,9.858429
15-Feb-2025 08:16:52.091,0.141177,15-Feb-2025 08:16:52.091,0.083749,15-Feb-2025 08:16:52.091,9.873384
15-Feb-2025 08:16:52.111,0.150748,15-Feb-2025 08:16:52.111,0.088534,15-Feb-2025 08:16:52.111,9.858429
15-Feb-2025 08:16:52.131,0.141177,15-Feb-2025 08:16:52.131,0.088534,15-Feb-2025 08:16:52.131,9.858429
15-Feb-2025 08:16:52.151,0.122034,15-Feb-2025 08:16:52.151,0.102891,15-Feb-2025 08:16:52.151,9.868599
15-Feb-2025 08:16:52.171,0.12682,15-Feb-2025 08:16:52.171,0.088534,15-Feb-2025 08:16:52.171,9.858429
15-Feb-2025 08:16:52.191,0.131605,15-Feb-2025 08:16:52.191,0.083749,15-Feb-2025 08:16:52.191,9.858429
15-Feb-2025 08:16:52.211,0.136391,15-Feb-2025 08:16:52.211,0.088534,15-Feb-2025 08:16:52.211,9.858429
15-Feb-2025 08:16:52.231,0.141177,15-Feb-2025 08:16:52.231,0.09332,15-Feb-2025 08:16:52.231,9.863214
15-Feb-2025 08:16:52.251,0.136391,15-Feb-2025 08:16:52.251,0.088534,15-Feb-2025 08:16:52.251,9.863214
15-Feb-2025 08:16:52.271,0.136391,15-Feb-2025 08:16:52.271,0.088534,15-Feb-2025 08:16:52.271,9.863214
15-Feb-2025 08:16:52.291,0.136391,15-Feb-2025 08:16:52.291,0.09332,15-Feb-2025 08:16:52.291,9.858429
15-Feb-2025 08:16:52.311,0.131605,15-Feb-2025 08:16:52.311,0.09332,15-Feb-2025 08:16:52.311,9.858429
15-Feb-2025 08:16:52.331,0.131605,15-Feb-2025 08:16:52.331,0.09332,15-Feb-2025 08:16:52.331,9.863214
15-Feb-2025 08:16:52.351,0.136391,15-Feb-2025 08:16:52.351,0.088534,15-Feb-2025 08:16:52.351,9.853643
15-Feb-2025 08:16:52.371,0.141177,15-Feb-2025 08:16:52.371,0.098106,15-Feb-2025 08:16:52.371,9.863214
15-Feb-2025 08:16:52.391,0.131605,15-Feb-2025 08:16:52.391,0.09332,15-Feb-2025 08:16:52.391,9.863214
15-Feb-2025 08:16:52.411,0.136391,15-Feb-2025 08:16:52.411,0.102891,15-Feb-2025 08:16:52.411,9.858429
15-Feb-2025 08:16:52.431,0.136391,15-Feb-2025 08:16:52.431,0.107677,15-Feb-2025 08:16:52.431,9.863214
15-Feb-2025 08:16:52.451,0.136391,15-Feb-2025 08:16:52.451,0.088534,15-Feb-2025 08:16:52.451,9.863214
15-Feb-2025 08:16:52.471,0.136391,15-Feb-2025 08:16:52.471,0.083749,15-Feb-2025 08:16:52.471,9.858429
15-Feb-2025 08:16:52.491,0.131605,15-Feb-2025 08:16:52.491,0.102891,15-Feb-2025 08:16:52.491,9.858429
15-Feb-2025 08:16:52.511,0.136391,15-Feb-2025 08:16:52.511,0.09332,15-Feb-2025 08:16:52.511,9.863214
15-Feb-2025 08:16:52.531,0.141177,15-Feb-2025 08:16:52.531,0.09332,15-Feb-2025 08:16:52.531,9.858429
15-Feb-2025 08:16:52.551,0.141177,15-Feb-2025 08:16:52.551,0.069392,15-Feb-2025 08:16:52.551,9.863214
15-Feb-2025 08:16:52.571,0.136391,15-Feb-2025 08:16:52.571,0.088534,15-Feb-2025 08:16:52.571,9.858429
15-Feb-2025 08:16:52.591,0.136391,15-Feb-2025 08:16:52.591,0.09332,15-Feb-2025 08:16:52.591,9.868599
15-Feb-2025 08:16:52.611,0.131605,15-Feb-2025 08:16:52.611,0.098106,15-Feb-2025 08:16:52.611,9.863214
15-Feb-2025 08:16:52.631,0.141177,15-Feb-2025 08:16:52.631,0.09332,15-Feb-2025 08:16:52.631,9.863214
15-Feb-2025 08:16:52.651,0.145962,15-Feb-2025 08:16:52.651,0.088534,15-Feb-2025 08:16:52.651,9.863214
15-Feb-2025 08:16:52.671,0.141177,15-Feb-2025 08:16:52.671,0.09332,15-Feb-2025 08:16:52.671,9.863214
15-Feb-2025 08:16:52.691,0.122034,15-Feb-2025 08:16:52.691,0.088534,15-Feb-2025 08:16:52.691,9.863214
15-Feb-2025 08:16:52.711,0.117248,15-Feb-2025 08:16:52.711,0.09332,15-Feb-2025 08:16:52.711,9.858429
15-Feb-2025 08:16:52.731,0.141177,15-Feb-2025 08:16:52.731,0.098106,15-Feb-2025 08:16:52.731,9.853643
15-Feb-2025 08:16:52.751,0.131605,15-Feb-2025 08:16:52.751,0.09332,15-Feb-2025 08:16:52.751,9.858429
15-Feb-2025 08:16:52.771,0.122034,15-Feb-2025 08:16:52.771,0.088534,15-Feb-2025 08:16:52.771,9.863214
15-Feb-2025 08:16:52.791,0.145962,15-Feb-2025 08:16:52.791,0.083749,15-Feb-2025 08:16:52.791,9.858429
15-Feb-2025 08:16:52.811,0.12682,15-Feb-2025 08:16:52.811,0.088534,15-Feb-2025 08:16:52.811,9.858429
15-Feb-2025 08:16:52.831,0.136391,15-Feb-2025 08:16:52.831,0.098106,15-Feb-2025 08:16:52.831,9.863214
15-Feb-2025 08:16:52.850,0.145962,15-Feb-2025 08:16:52.850,0.088534,15-Feb-2025 08:16:52.850,9.863214
15-Feb-2025 08:16:52.870,0.141177,15-Feb-2025 08:16:52.870,0.088534,15-Feb-2025 08:16:52.870,9.873384
15-Feb-2025 08:16:52.890,0.131605,15-Feb-2025 08:16:52.890,0.088534,15-Feb-2025 08:16:52.890,9.863214
15-Feb-2025 08:16:52.910,0.131605,15-Feb-2025 08:16:52.910,0.083749,15-Feb-2025 08:16:52.910,9.858429
15-Feb-2025 08:16:52.930,0.122034,15-Feb-2025 08:16:52.930,0.088534,15-Feb-2025 08:16:52.930,9.858429
15-Feb-2025 08:16:52.950,0.12682,15-Feb-2025 08:16:52.950,0.088534,15-Feb-2025 08:16:52.950,9.848858
15-Feb-2025 08:16:52.970,0.131605,15-Feb-2025 08:16:52.970,0.088534,15-Feb-2025 08:16:52.970,9.858429
15-Feb-2025 08:16:52.990,0.117248,15-Feb-2025 08:16:52.990,0.088534,15-Feb-2025 08:16:52.990,9.873384
15-Feb-2025 08:16:53.010,0.136391,15-Feb-2025 08:16:53.010,0.083749,15-Feb-2025 08:16:53.010,9.868599
15-Feb-2025 08:16:53.030,0.145962,15-Feb-2025 08:16:53.030,0.09332,15-Feb-2025 08:16:53.030,9.868599
15-Feb-2025 08:16:53.050,0.141177,15-Feb-2025 08:16:53.050,0.102891,15-Feb-2025 08:16:53.050,9.868599
15-Feb-2025 08:16:53.070,0.131605,15-Feb-2025 08:16:53.070,0.09332,15-Feb-2025 08:16:53.070,9.868599
15-Feb-2025 08:16:53.090,0.122034,15-Feb-2025 08:16:53.090,0.098106,15-Feb-2025 08:16:53.090,9.858429
15-Feb-2025 08:16:53.110,0.141177,15-Feb-2025 08:16:53.110,0.088534,15-Feb-2025 08:16:53.110,9.848858
15-Feb-2025 08:16:53.130,0.136391,15-Feb-2025 08:16:53.130,0.088534,15-Feb-2025 08:16:53.130,9.853643
15-Feb-2025 08:16:53.150,0.136391,15-Feb-2025 08:16:53.150,0.083749,15-Feb-2025 08:16:53.150,9.848858
15-Feb-2025 08:16:53.170,0.12682,15-Feb-2025 08:16:53.170,0.083749,15-Feb-2025 08:16:53.170,9.858429
15-Feb-2025 08:16:53.190,0.136391,15-Feb-2025 08:16:53.190,0.088534,15-Feb-2025 08:16:53.190,9.863214
15-Feb-2025 08:16:53.210,0.145962,15-Feb-2025 08:16:53.210,0.102891,15-Feb-2025 08:16:53.210,9.863214
15-Feb-2025 08:16:53.230,0.131605,15-Feb-2025 08:16:53.230,0.088534,15-Feb-2025 08:16:53.230,9.858429
15-Feb-2025 08:16:53.250,0.136391,15-Feb-2025 08:16:53.250,0.098106,15-Feb-2025 08:16:53.250,9.858429
15-Feb-2025 08:16:53.270,0.141177,15-Feb-2025 08:16:53.270,0.083749,15-Feb-2025 08:16:53.270,9.858429
15-Feb-2025 08:16:53.290,0.12682,15-Feb-2025 08:16:53.290,0.09332,15-Feb-2025 08:16:53.290,9.863214
15-Feb-2025 08:16:53.310,0.141177,15-Feb-2025 08:16:53.310,0.09332,15-Feb-2025 08:16:53.310,9.863214
15-Feb-2025 08:16:53.330,0.141177,15-Feb-2025 08:16:53.330,0.09332,15-Feb-2025 08:16:53.330,9.858429
15-Feb-2025 08:16:53.350,0.141177,15-Feb-2025 08:16:53.350,0.09332,15-Feb-2025 08:16:53.350,9.848858
15-Feb-2025 08:16:53.370,0.131605,15-Feb-2025 08:16:53.370,0.088534,15-Feb-2025 08:16:53.370,9.858429
15-Feb-2025 08:16:53.390,0.131605,15-Feb-2025 08:16:53.390,0.088534,15-Feb-2025 08:16:53.390,9.863214
15-Feb-2025 08:16:53.410,0.136391,15-Feb-2025 08:16:53.410,0.09332,15-Feb-2025 08:16:53.410,9.858429
15-Feb-2025 08:16:53.430,0.136391,15-Feb-2025 08:16:53.430,0.09332,15-Feb-2025 08:16:53.430,9.863214
15-Feb-2025 08:16:53.450,0.12682,15-Feb-2025 08:16:53.450,0.074178,15-Feb-2025 08:16:53.450,9.863214
15-Feb-2025 08:16:53.470,0.122034,15-Feb-2025 08:16:53.470,0.098106,15-Feb-2025 08:16:53.470,9.863214
15-Feb-2025 08:16:53.490,0.141177,15-Feb-2025 08:16:53.490,0.09332,15-Feb-2025 08:16:53.490,9.858429
15-Feb-2025 08:16:53.510,0.136391,15-Feb-2025 08:16:53.510,0.078963,15-Feb-2025 08:16:53.510,9.868599
15-Feb-2025 08:16:53.530,0.131605,15-Feb-2025 08:16:53.530,0.088534,15-Feb-2025 08:16:53.530,9.858429
15-Feb-2025 08:16:53.550,0.12682,15-Feb-2025 08:16:53.550,0.09332,15-Feb-2025 08:16:53.550,9.863214
15-Feb-2025 08:16:53.570,0.136391,15-Feb-2025 08:16:53.570,0.088534,15-Feb-2025 08:16:53.570,9.853643
15-Feb-2025 08:16:53.590,0.136391,15-Feb-2025 08:16:53.590,0.088534,15-Feb-2025 08:16:53.590,9.863214
15-Feb-2025 08:16:53.610,0.141177,15-Feb-2025 08:16:53.610,0.088534,15-Feb-2025 08:16:53.610,9.868599
15-Feb-2025 08:16:53.630,0.136391,15-Feb-2025 08:16:53.630,0.088534,15-Feb-2025 08:16:53.630,9.882956
15-Feb-2025 08:16:53.650,0.136391,15-Feb-2025 08:16:53.650,0.098106,15-Feb-2025 08:16:53.650,9.844072
15-Feb-2025 08:16:53.670,0.12682,15-Feb-2025 08:16:53.670,0.098106,15-Feb-2025 08:16:53.670,9.853643
15-Feb-2025 08:16:53.690,0.12682,15-Feb-2025 08:16:53.690,0.078963,15-Feb-2025 08:16:53.690,9.858429
15-Feb-2025 08:16:53.709,0.145962,15-Feb-2025 08:16:53.709,0.09332,15-Feb-2025 08:16:53.709,9.868599
15-Feb-2025 08:16:53.729,0.131605,15-Feb-2025 08:16:53.729,0.09332,15-Feb-2025 08:16:53.729,9.863214
15-Feb-2025 08:16:53.749,0.141177,15-Feb-2025 08:16:53.749,0.09332,15-Feb-2025 08:16:53.749,9.858429
15-Feb-2025 08:16:53.769,0.136391,15-Feb-2025 08:16:53.769,0.09332,15-Feb-2025 08:16:53.769,9.858429
15-Feb-2025 08:16:53.789,0.145962,15-Feb-2025 08:16:53.789,0.078963,15-Feb-2025 08:16:53.789,9.844072
15-Feb-2025 08:16:53.809,0.136391,15-Feb-2025 08:16:53.809,0.088534,15-Feb-2025 08:16:53.809,9.858429
15-Feb-2025 08:16:53.829,0.141177,15-Feb-2025 08:16:53.829,0.083749,15-Feb-2025 08:16:53.829,9.863214
15-Feb-2025 08:16:53.849,0.122034,15-Feb-2025 08:16:53.849,0.088534,15-Feb-2025 08:16:53.849,9.863214
15-Feb-2025 08:16:53.869,0.12682,15-Feb-2025 08:16:53.869,0.098106,15-Feb-2025 08:16:53.869,9.873384
15-Feb-2025 08:16:53.889,0.131605,15-Feb-2025 08:16:53.889,0.09332,15-Feb-2025 08:16:53.889,9.858429
15-Feb-2025 08:16:53.909,0.136391,15-Feb-2025 08:16:53.909,0.088534,15-Feb-2025 08:16:53.909,9.848858
15-Feb-2025 08:16:53.929,0.145962,15-Feb-2025 08:16:53.929,0.083749,15-Feb-2025 08:16:53.929,9.853643
15-Feb-2025 08:16:53.949,0.136391,15-Feb-2025 08:16:53.949,0.088534,15-Feb-2025 08:16:53.949,9.863214
15-Feb-2025 08:16:53.969,0.131605,15-Feb-2025 08:16:53.969,0.098106,15-Feb-2025 08:16:53.969,9.848858
15-Feb-2025 08:16:53.989,0.12682,15-Feb-2025 08:16:53.989,0.083749,15-Feb-2025 08:16:53.989,9.858429
15-Feb-2025 08:16:54.009,0.131605,15-Feb-2025 08:16:54.009,0.083749,15-Feb-2025 08:16:54.009,9.868599
15-Feb-2025 08:16:54.029,0.141177,15-Feb-2025 08:16:54.029,0.098106,15-Feb-2025 08:16:54.029,9.873384
15-Feb-2025 08:16:54.049,0.145962,15-Feb-2025 08:16:54.049,0.09332,15-Feb-2025 08:16:54.049,9.858429
15-Feb-2025 08:16:54.069,0.145962,15-Feb-2025 08:16:54.069,0.09332,15-Feb-2025 08:16:54.069,9.863214
15-Feb-2025 08:16:54.089,0.136391,15-Feb-2025 08:16:54.089,0.083749,15-Feb-2025 08:16:54.089,9.873384
15-Feb-2025 08:16:54.109,0.131605,15-Feb-2025 08:16:54.109,0.09332,15-Feb-2025 08:16:54.109,9.863214
15-Feb-2025 08:16:54.129,0.131605,15-Feb-2025 08:16:54.129,0.09332,15-Feb-2025 08:16:54.129,9.844072
15-Feb-2025 08:16:54.149,0.12682,15-Feb-2025 08:16:54.149,0.09332,15-Feb-2025 08:16:54.149,9.848858
15-Feb-2025 08:16:54.169,0.122034,15-Feb-2025 08:16:54.169,0.098106,15-Feb-2025 08:16:54.169,9.858429
15-Feb-2025 08:16:54.189,0.136391,15-Feb-2025 08:16:54.189,0.088534,15-Feb-2025 08:16:54.189,9.863214
15-Feb-2025 08:16:54.209,0.136391,15-Feb-2025 08:16:54.209,0.088534,15-Feb-2025 08:16:54.209,9.858429
15-Feb-2025 08:16:54.229,0.141177,15-Feb-2025 08:16:54.229,0.09332,15-Feb-2025 08:16:54.229,9.853643
15-Feb-2025 08:16:54.249,0.136391,15-Feb-2025 08:16:54.249,0.098106,15-Feb-2025 08:16:54.249,9.873384
15-Feb-2025 08:16:54.269,0.141177,15-Feb-2025 08:16:54.269,0.088534,15-Feb-2025 08:16:54.269,9.863214
15-Feb-2025 08:16:54.289,0.141177,15-Feb-2025 08:16:54.289,0.078963,15-Feb-2025 08:16:54.289,9.858429
15-Feb-2025 08:16:54.309,0.136391,15-Feb-2025 08:16:54.309,0.098106,15-Feb-2025 08:16:54.309,9.863214
15-Feb-2025 08:16:54.329,0.136391,15-Feb-2025 08:16:54.329,0.088534,15-Feb-2025 08:16:54.329,9.863214
15-Feb-2025 08:16:54.349,0.131605,15-Feb-2025 08:16:54.349,0.078963,15-Feb-2025 08:16:54.349,9.873384
15-Feb-2025 08:16:54.369,0.145962,15-Feb-2025 08:16:54.369,0.09332,15-Feb-2025 08:16:54.369,9.858429
15-Feb-2025 08:16:54.389,0.150748,15-Feb-2025 08:16:54.389,0.09332,15-Feb-2025 08:16:54.389,9.863214
15-Feb-2025 08:16:54.409,0.136391,15-Feb-2025 08:16:54.409,0.088534,15-Feb-2025 08:16:54.409,9.848858
15-Feb-2025 08:16:54.429,0.12682,15-Feb-2025 08:16:54.429,0.083749,15-Feb-2025 08:16:54.429,9.863214
15-Feb-2025 08:16:54.449,0.131605,15-Feb-2025 08:16:54.449,0.098106,15-Feb-2025 08:16:54.449,9.863214
15-Feb-2025 08:16:54.469,0.150748,15-Feb-2025 08:16:54.469,0.107677,15-Feb-2025 08:16:54.469,9.873384
15-Feb-2025 08:16:54.489,0.136391,15-Feb-2025 08:16:54.489,0.088534,15-Feb-2025 08:16:54.489,9.868599
15-Feb-2025 08:16:54.509,0.131605,15-Feb-2025 08:16:54.509,0.09332,15-Feb-2025 08:16:54.509,9.863214
15-Feb-2025 08:16:54.529,0.141177,15-Feb-2025 08:16:54.529,0.102891,15-Feb-2025 08:16:54.529,9.863214
15-Feb-2025 08:16:54.549,0.136391,15-Feb-2025 08:16:54.549,0.083749,15-Feb-2025 08:16:54.549,9.868599
15-Feb-2025 08:16:54.569,0.141177,15-Feb-2025 08:16:54.569,0.088534,15-Feb-2025 08:16:54.569,9.853643
15-Feb-2025 08:16:54.588,0.136391,15-Feb-2025 08:16:54.588,0.09332,15-Feb-2025 08:16:54.588,9.853643
15-Feb-2025 08:16:54.608,0.136391,15-Feb-2025 08:16:54.608,0.088534,15-Feb-2025 08:16:54.608,9.863214
15-Feb-2025 08:16:54.628,0.131605,15-Feb-2025 08:16:54.628,0.107677,15-Feb-2025 08:16:54.628,9.858429
15-Feb-2025 08:16:54.648,0.141177,15-Feb-2025 08:16:54.648,0.088534,15-Feb-2025 08:16:54.648,9.844072
15-Feb-2025 08:16:54.668,0.131605,15-Feb-2025 08:16:54.668,0.088534,15-Feb-2025 08:16:54.668,9.853643
15-Feb-2025 08:16:54.688,0.150748,15-Feb-2025 08:16:54.688,0.09332,15-Feb-2025 08:16:54.688,9.868599
15-Feb-2025 08:16:54.708,0.141177,15-Feb-2025 08:16:54.708,0.098106,15-Feb-2025 08:16:54.708,9.868599
15-Feb-2025 08:16:54.728,0.160319,15-Feb-2025 08:16:54.728,0.088534,15-Feb-2025 08:16:54.728,9.853643
15-Feb-2025 08:16:54.748,0.141177,15-Feb-2025 08:16:54.748,0.078963,15-Feb-2025 08:16:54.748,9.848858
15-Feb-2025 08:16:54.768,0.131605,15-Feb-2025 08:16:54.768,0.088534,15-Feb-2025 08:16:54.768,9.858429
15-Feb-2025 08:16:54.788,0.12682,15-Feb-2025 08:16:54.788,0.09332,15-Feb-2025 08:16:54.788,9.863214
15-Feb-2025 08:16:54.808,0.12682,15-Feb-2025 08:16:54.808,0.088534,15-Feb-2025 08:16:54.808,9.858429
15-Feb-2025 08:16:54.828,0.131605,15-Feb-2025 08:16:54.828,0.083749,15-Feb-2025 08:16:54.828,9.853643
15-Feb-2025 08:16:54.848,0.136391,15-Feb-2025 08:16:54.848,0.088534,15-Feb-2025 08:16:54.848,9.858429
15-Feb-2025 08:16:54.867,0.131605,15-Feb-2025 08:16:54.867,0.088534,15-Feb-2025 08:16:54.867,9.853643
15-Feb-2025 08:16:54.888,0.131605,15-Feb-2025 08:16:54.888,0.098106,15-Feb-2025 08:16:54.888,9.868599
15-Feb-2025 08:16:54.908,0.12682,15-Feb-2025 08:16:54.908,0.088534,15-Feb-2025 08:16:54.908,9.868599
15-Feb-2025 08:16:54.928,0.141177,15-Feb-2025 08:16:54.928,0.083749,15-Feb-2025 08:16:54.928,9.853643
15-Feb-2025 08:16:54.948,0.12682,15-Feb-2025 08:16:54.948,0.098106,15-Feb-2025 08:16:54.948,9.853643
15-Feb-2025 08:16:54.968,0.136391,15-Feb-2025 08:16:54.968,0.088534,15-Feb-2025 08:16:54.968,9.863214
15-Feb-2025 08:16:54.988,0.150748,15-Feb-2025 08:16:54.988,0.09332,15-Feb-2025 08:16:54.988,9.858429
15-Feb-2025 08:16:55.008,0.145962,15-Feb-2025 08:16:55.008,0.107677,15-Feb-2025 08:16:55.008,9.858429
15-Feb-2025 08:16:55.028,0.136391,15-Feb-2025 08:16:55.028,0.078963,15-Feb-2025 08:16:55.028,9.868599
15-Feb-2025 08:16:55.048,0.131605,15-Feb-2025 08:16:55.048,0.078963,15-Feb-2025 08:16:55.048,9.868599
15-Feb-2025 08:16:55.068,0.141177,15-Feb-2025 08:16:55.068,0.083749,15-Feb-2025 08:16:55.068,9.863214
15-Feb-2025 08:16:55.088,0.131605,15-Feb-2025 08:16:55.088,0.088534,15-Feb-2025 08:16:55.088,9.863214
15-Feb-2025 08:16:55.108,0.12682,15-Feb-2025 08:16:55.108,0.078963,15-Feb-2025 08:16:55.108,9.848858
15-Feb-2025 08:16:55.128,0.136391,15-Feb-2025 08:16:55.128,0.088534,15-Feb-2025 08:16:55.128,9.863214
15-Feb-2025 08:16:55.148,0.131605,15-Feb-2025 08:16:55.148,0.083749,15-Feb-2025 08:16:55.148,9.848858
15-Feb-2025 08:16:55.168,0.136391,15-Feb-2025 08:16:55.168,0.088534,15-Feb-2025 08:16:55.168,9.863214
15-Feb-2025 08:16:55.188,0.141177,15-Feb-2025 08:16:55.188,0.102891,15-Feb-2025 08:16:55.188,9.87817
15-Feb-2025 08:16:55.208,0.136391,15-Feb-2025 08:16:55.208,0.102891,15-Feb-2025 08:16:55.208,9.868599
15-Feb-2025 08:16:55.228,0.122034,15-Feb-2025 08:16:55.228,0.09332,15-Feb-2025 08:16:55.228,9.848858
15-Feb-2025 08:16:55.248,0.136391,15-Feb-2025 08:16:55.248,0.098106,15-Feb-2025 08:16:55.248,9.853643
15-Feb-2025 08:16:55.268,0.141177,15-Feb-2025 08:16:55.268,0.098106,15-Feb-2025 08:16:55.268,9.858429
15-Feb-2025 08:16:55.288,0.141177,15-Feb-2025 08:16:55.288,0.078963,15-Feb-2025 08:16:55.288,9.868599
15-Feb-2025 08:16:55.308,0.117248,15-Feb-2025 08:16:55.308,0.083749,15-Feb-2025 08:16:55.308,9.868599
15-Feb-2025 08:16:55.328,0.136391,15-Feb-2025 08:16:55.328,0.098106,15-Feb-2025 08:16:55.328,9.848858
15-Feb-2025 08:16:55.348,0.131605,15-Feb-2025 08:16:55.348,0.083749,15-Feb-2025 08:16:55.348,9.873384
15-Feb-2025 08:16:55.368,0.136391,15-Feb-2025 08:16:55.368,0.083749,15-Feb-2025 08:16:55.368,9.858429
15-Feb-2025 08:16:55.388,0.141177,15-Feb-2025 08:16:55.388,0.088534,15-Feb-2025 08:16:55.388,9.848858
15-Feb-2025 08:16:55.408,0.12682,15-Feb-2025 08:16:55.408,0.098106,15-Feb-2025 08:16:55.408,9.863214
15-Feb-2025 08:16:55.427,0.122034,15-Feb-2025 08:16:55.427,0.09332,15-Feb-2025 08:16:55.427,9.858429
15-Feb-2025 08:16:55.447,0.141177,15-Feb-2025 08:16:55.447,0.09332,15-Feb-2025 08:16:55.447,9.868599
15-Feb-2025 08:16:55.467,0.141177,15-Feb-2025 08:16:55.467,0.09332,15-Feb-2025 08:16:55.467,9.868599
15-Feb-2025 08:16:55.487,0.145962,15-Feb-2025 08:16:55.487,0.078963,15-Feb-2025 08:16:55.487,9.863214
15-Feb-2025 08:16:55.507,0.141177,15-Feb-2025 08:16:55.507,0.09332,15-Feb-2025 08:16:55.507,9.858429
15-Feb-2025 08:16:55.527,0.136391,15-Feb-2025 08:16:55.527,0.083749,15-Feb-2025 08:16:55.527,9.863214
15-Feb-2025 08:16:55.547,0.136391,15-Feb-2025 08:16:55.547,0.088534,15-Feb-2025 08:16:55.547,9.853643
15-Feb-2025 08:16:55.567,0.131605,15-Feb-2025 08:16:55.567,0.083749,15-Feb-2025 08:16:55.567,9.853643
15-Feb-2025 08:16:55.587,0.136391,15-Feb-2025 08:16:55.587,0.088534,15-Feb-2025 08:16:55.587,9.868599
15-Feb-2025 08:16:55.607,0.150748,15-Feb-2025 08:16:55.607,0.088534,15-Feb-2025 08:16:55.607,9.863214
15-Feb-2025 08:16:55.627,0.136391,15-Feb-2025 08:16:55.627,0.074178,15-Feb-2025 08:16:55.627,9.848858
15-Feb-2025 08:16:55.647,0.131605,15-Feb-2025 08:16:55.647,0.078963,15-Feb-2025 08:16:55.647,9.853643
15-Feb-2025 08:16:55.667,0.136391,15-Feb-2025 08:16:55.667,0.083749,15-Feb-2025 08:16:55.667,9.873384
15-Feb-2025 08:16:55.687,0.131605,15-Feb-2025 08:16:55.687,0.078963,15-Feb-2025 08:16:55.687,9.868599
15-Feb-2025 08:16:55.707,0.131605,15-Feb-2025 08:16:55.707,0.074178,15-Feb-2025 08:16:55.707,9.868599
15-Feb-2025 08:16:55.727,0.141177,15-Feb-2025 08:16:55.727,0.098106,15-Feb-2025 08:16:55.727,9.863214
15-Feb-2025 08:16:55.747,0.145962,15-Feb-2025 08:16:55.747,0.088534,15-Feb-2025 08:16:55.747,9.853643
15-Feb-2025 08:16:55.767,0.141177,15-Feb-2025 08:16:55.767,0.088534,15-Feb-2025 08:16:55.767,9.858429
15-Feb-2025 08:16:55.787,0.145962,15-Feb-2025 08:16:55.787,0.09332,15-Feb-2025 08:16:55.787,9.863214
15-Feb-2025 08:16:55.807,0.160319,15-Feb-2025 08:16:55.807,0.083749,15-Feb-2025 08:16:55.807,9.863214
15-Feb-2025 08:16:55.827,0.136391,15-Feb-2025 08:16:55.827,0.09332,15-Feb-2025 08:16:55.827,9.863214
15-Feb-2025 08:16:55.847,0.131605,15-Feb-2025 08:16:55.847,0.088534,15-Feb-2025 08:16:55.847,9.858429
15-Feb-2025 08:16:55.867,0.141177,15-Feb-2025 08:16:55.867,0.088534,15-Feb-2025 08:16:55.867,9.853643
15-Feb-2025 08:16:55.887,0.131605,15-Feb-2025 08:16:55.887,0.088534,15-Feb-2025 08:16:55.887,9.853643
15-Feb-2025 08:16:55.907,0.122034,15-Feb-2025 08:16:55.907,0.088534,15-Feb-2025 08:16:55.907,9.853643
15-Feb-2025 08:16:55.927,0.136391,15-Feb-2025 08:16:55.927,0.088534,15-Feb-2025 08:16:55.927,9.858429
15-Feb-2025 08:16:55.947,0.145962,15-Feb-2025 08:16:55.947,0.083749,15-Feb-2025 08:16:55.947,9.853643
15-Feb-2025 08:16:55.967,0.141177,15-Feb-2025 08:16:55.967,0.088534,15-Feb-2025 08:16:55.967,9.863214
15-Feb-2025 08:16:55.987,0.136391,15-Feb-2025 08:16:55.987,0.098106,15-Feb-2025 08:16:55.987,9.863214
15-Feb-2025 08:16:56.007,0.136391,15-Feb-2025 08:16:56.007,0.098106,15-Feb-2025 08:16:56.007,9.873384
15-Feb-2025 08:16:56.027,0.131605,15-Feb-2025 08:16:56.027,0.09332,15-Feb-2025 08:16:56.027,9.863214
15-Feb-2025 08:16:56.047,0.12682,15-Feb-2025 08:16:56.047,0.083749,15-Feb-2025 08:16:56.047,9.848858
15-Feb-2025 08:16:56.067,0.141177,15-Feb-2025 08:16:56.067,0.09332,15-Feb-2025 08:16:56.067,9.868599
15-Feb-2025 08:16:56.087,0.141177,15-Feb-2025 08:16:56.087,0.088534,15-Feb-2025 08:16:56.087,9.853643
15-Feb-2025 08:16:56.107,0.12682,15-Feb-2025 08:16:56.107,0.09332,15-Feb-2025 08:16:56.107,9.868599
15-Feb-2025 08:16:56.127,0.145962,15-Feb-2025 08:16:56.127,0.088534,15-Feb-2025 08:16:56.127,9.868599
15-Feb-2025 08:16:56.147,0.145962,15-Feb-2025 08:16:56.147,0.098106,15-Feb-2025 08:16:56.147,9.868599
15-Feb-2025 08:16:56.167,0.141177,15-Feb-2025 08:16:56.167,0.088534,15-Feb-2025 08:16:56.167,9.863214
15-Feb-2025 08:16:56.187,0.131605,15-Feb-2025 08:16:56.187,0.088534,15-Feb-2025 08:16:56.187,9.868599
15-Feb-2025 08:16:56.207,0.150748,15-Feb-2025 08:16:56.207,0.09332,15-Feb-2025 08:16:56.207,9.858429
15-Feb-2025 08:16:56.227,0.136391,15-Feb-2025 08:16:56.227,0.098106,15-Feb-2025 08:16:56.227,9.858429
15-Feb-2025 08:16:56.247,0.131605,15-Feb-2025 08:16:56.247,0.102891,15-Feb-2025 08:16:56.247,9.853643
15-Feb-2025 08:16:56.267,0.131605,15-Feb-2025 08:16:56.267,0.09332,15-Feb-2025 08:16:56.267,9.858429
15-Feb-2025 08:16:56.287,0.131605,15-Feb-2025 08:16:56.287,0.088534,15-Feb-2025 08:16:56.287,9.863214
15-Feb-2025 08:16:56.306,0.131605,15-Feb-2025 08:16:56.306,0.074178,15-Feb-2025 08:16:56.306,9.858429
15-Feb-2025 08:16:56.326,0.131605,15-Feb-2025 08:16:56.326,0.09332,15-Feb-2025 08:16:56.326,9.858429
15-Feb-2025 08:16:56.346,0.12682,15-Feb-2025 08:16:56.346,0.088534,15-Feb-2025 08:16:56.346,9.858429
15-Feb-2025 08:16:56.366,0.131605,15-Feb-2025 08:16:56.366,0.098106,15-Feb-2025 08:16:56.366,9.868599
15-Feb-2025 08:16:56.386,0.12682,15-Feb-2025 08:16:56.386,0.088534,15-Feb-2025 08:16:56.386,9.868599
15-Feb-2025 08:16:56.406,0.136391,15-Feb-2025 08:16:56.406,0.083749,15-Feb-2025 08:16:56.406,9.858429
15-Feb-2025 08:16:56.426,0.12682,15-Feb-2025 08:16:56.426,0.098106,15-Feb-2025 08:16:56.426,9.848858
15-Feb-2025 08:16:56.446,0.141177,15-Feb-2025 08:16:56.446,0.088534,15-Feb-2025 08:16:56.446,9.863214
15-Feb-2025 08:16:56.466,0.131605,15-Feb-2025 08:16:56.466,0.083749,15-Feb-2025 08:16:56.466,9.868599
15-Feb-2025 08:16:56.486,0.131605,15-Feb-2025 08:16:56.486,0.09332,15-Feb-2025 08:16:56.486,9.868599
15-Feb-2025 08:16:56.506,0.141177,15-Feb-2025 08:16:56.506,0.083749,15-Feb-2025 08:16:56.506,9.858429
15-Feb-2025 08:16:56.526,0.131605,15-Feb-2025 08:16:56.526,0.102891,15-Feb-2025 08:16:56.526,9.853643
15-Feb-2025 08:16:56.546,0.136391,15-Feb-2025 08:16:56.546,0.09332,15-Feb-2025 08:16:56.546,9.853643
15-Feb-2025 08:16:56.566,0.145962,15-Feb-2025 08:16:56.566,0.102891,15-Feb-2025 08:16:56.566,9.853643
15-Feb-2025 08:16:56.586,0.136391,15-Feb-2025 08:16:56.586,0.102891,15-Feb-2025 08:16:56.586,9.863214
15-Feb-2025 08:16:56.606,0.145962,15-Feb-2025 08:16:56.606,0.09332,15-Feb-2025 08:16:56.606,9.863214
15-Feb-2025 08:16:56.626,0.122034,15-Feb-2025 08:16:56.626,0.09332,15-Feb-2025 08:16:56.626,9.868599
15-Feb-2025 08:16:56.646,0.131605,15-Feb-2025 08:16:56.646,0.088534,15-Feb-2025 08:16:56.646,9.853643
15-Feb-2025 08:16:56.666,0.136391,15-Feb-2025 08:16:56.666,0.09332,15-Feb-2025 08:16:56.666,9.853643
15-Feb-2025 08:16:56.686,0.131605,15-Feb-2025 08:16:56.686,0.112463,15-Feb-2025 08:16:56.686,9.868599
15-Feb-2025 08:16:56.706,0.117248,15-Feb-2025 08:16:56.706,0.09332,15-Feb-2025 08:16:56.706,9.868599
15-Feb-2025 08:16:56.726,0.122034,15-Feb-2025 08:16:56.726,0.09332,15-Feb-2025 08:16:56.726,9.863214
15-Feb-2025 08:16:56.746,0.136391,15-Feb-2025 08:16:56.746,0.09332,15-Feb-2025 08:16:56.746,9.868599
15-Feb-2025 08:16:56.766,0.12682,15-Feb-2025 08:16:56.766,0.088534,15-Feb-2025 08:16:56.766,9.863214
15-Feb-2025 08:16:56.786,0.136391,15-Feb-2025 08:16:56.786,0.088534,15-Feb-2025 08:16:56.786,9.873384
15-Feb-2025 08:16:56.806,0.141177,15-Feb-2025 08:16:56.806,0.098106,15-Feb-2025 08:16:56.806,9.858429
15-Feb-2025 08:16:56.826,0.145962,15-Feb-2025 08:16:56.826,0.083749,15-Feb-2025 08:16:56.826,9.853643
15-Feb-2025 08:16:56.846,0.12682,15-Feb-2025 08:16:56.846,0.083749,15-Feb-2025 08:16:56.846,9.858429
15-Feb-2025 08:16:56.866,0.12682,15-Feb-2025 08:16:56.866,0.088534,15-Feb-2025 08:16:56.866,9.858429
15-Feb-2025 08:16:56.886,0.131605,15-Feb-2025 08:16:56.886,0.09332,15-Feb-2025 08:16:56.886,9.863214
15-Feb-2025 08:16:56.906,0.117248,15-Feb-2025 08:16:56.906,0.098106,15-Feb-2025 08:16:56.906,9.848858
15-Feb-2025 08:16:56.926,0.131605,15-Feb-2025 08:16:56.926,0.088534,15-Feb-2025 08:16:56.926,9.848858
15-Feb-2025 08:16:56.946,0.136391,15-Feb-2025 08:16:56.946,0.088534,15-Feb-2025 08:16:56.946,9.868599
15-Feb-2025 08:16:56.966,0.136391,15-Feb-2025 08:16:56.966,0.098106,15-Feb-2025 08:16:56.966,9.853643
15-Feb-2025 08:16:56.986,0.131605,15-Feb-2025 08:16:56.986,0.088534,15-Feb-2025 08:16:56.986,9.863214
15-Feb-2025 08:16:57.006,0.141177,15-Feb-2025 08:16:57.006,0.088534,15-Feb-2025 08:16:57.006,9.863214
15-Feb-2025 08:16:57.026,0.131605,15-Feb-2025 08:16:57.026,0.078963,15-Feb-2025 08:16:57.026,9.858429
15-Feb-2025 08:16:57.046,0.136391,15-Feb-2025 08:16:57.046,0.083749,15-Feb-2025 08:16:57.046,9.868599
15-Feb-2025 08:16:57.066,0.131605,15-Feb-2025 08:16:57.066,0.09332,15-Feb-2025 08:16:57.066,9.858429
15-Feb-2025 08:16:57.086,0.155533,15-Feb-2025 08:16:57.086,0.083749,15-Feb-2025 08:16:57.086,9.868599
15-Feb-2025 08:16:57.106,0.136391,15-Feb-2025 08:16:57.106,0.088534,15-Feb-2025 08:16:57.106,9.858429
15-Feb-2025 08:16:57.126,0.145962,15-Feb-2025 08:16:57.126,0.088534,15-Feb-2025 08:16:57.126,9.868599
15-Feb-2025 08:16:57.146,0.141177,15-Feb-2025 08:16:57.146,0.098106,15-Feb-2025 08:16:57.146,9.863214
15-Feb-2025 08:16:57.166,0.136391,15-Feb-2025 08:16:57.166,0.088534,15-Feb-2025 08:16:57.166,9.853643
15-Feb-2025 08:16:57.185,0.136391,15-Feb-2025 08:16:57.185,0.09332,15-Feb-2025 08:16:57.185,9.868599
15-Feb-2025 08:16:57.205,0.136391,15-Feb-2025 08:16:57.205,0.088534,15-Feb-2025 08:16:57.205,9.858429
15-Feb-2025 08:16:57.225,0.136391,15-Feb-2025 08:16:57.225,0.098106,15-Feb-2025 08:16:57.225,9.858429
15-Feb-2025 08:16:57.245,0.145962,15-Feb-2025 08:16:57.245,0.09332,15-Feb-2025 08:16:57.245,9.863214
15-Feb-2025 08:16:57.265,0.136391,15-Feb-2025 08:16:57.265,0.083749,15-Feb-2025 08:16:57.265,9.858429
15-Feb-2025 08:16:57.285,0.141177,15-Feb-2025 08:16:57.285,0.074178,15-Feb-2025 08:16:57.285,9.858429
15-Feb-2025 08:16:57.305,0.141177,15-Feb-2025 08:16:57.305,0.09332,15-Feb-2025 08:16:57.305,9.858429
15-Feb-2025 08:16:57.325,0.122034,15-Feb-2025 08:16:57.325,0.088534,15-Feb-2025 08:16:57.325,9.863214
15-Feb-2025 08:16:57.345,0.12682,15-Feb-2025 08:16:57.345,0.09332,15-Feb-2025 08:16:57.345,9.858429
15-Feb-2025 08:16:57.365,0.150748,15-Feb-2025 08:16:57.365,0.102891,15-Feb-2025 08:16:57.365,9.863214
15-Feb-2025 08:16:57.385,0.131605,15-Feb-2025 08:16:57.385,0.083749,15-Feb-2025 08:16:57.385,9.858429
15-Feb-2025 08:16:57.405,0.122034,15-Feb-2025 08:16:57.405,0.088534,15-Feb-2025 08:16:57.405,9.853643
15-Feb-2025 08:16:57.425,0.141177,15-Feb-2025 08:16:57.425,0.098106,15-Feb-2025 08:16:57.425,9.858429
15-Feb-2025 08:16:57.445,0.136391,15-Feb-2025 08:16:57.445,0.09332,15-Feb-2025 08:16:57.445,9.868599
15-Feb-2025 08:16:57.465,0.12682,15-Feb-2025 08:16:57.465,0.09332,15-Feb-2025 08:16:57.465,9.873384
15-Feb-2025 08:16:57.485,0.131605,15-Feb-2025 08:16:57.485,0.074178,15-Feb-2025 08:16:57.485,9.863214
15-Feb-2025 08:16:57.505,0.136391,15-Feb-2025 08:16:57.505,0.078963,15-Feb-2025 08:16:57.505,9.858429
15-Feb-2025 08:16:57.525,0.131605,15-Feb-2025 08:16:57.525,0.074178,15-Feb-2025 08:16:57.525,9.863214
15-Feb-2025 08:16:57.545,0.131605,15-Feb-2025 08:16:57.545,0.078963,15-Feb-2025 08:16:57.545,9.858429
15-Feb-2025 08:16:57.565,0.136391,15-Feb-2025 08:16:57.565,0.098106,15-Feb-2025 08:16:57.565,9.863214
15-Feb-2025 08:16:57.585,0.136391,15-Feb-2025 08:16:57.585,0.088534,15-Feb-2025 08:16:57.585,9.863214
15-Feb-2025 08:16:57.605,0.145962,15-Feb-2025 08:16:57.605,0.09332,15-Feb-2025 08:16:57.605,9.858429
15-Feb-2025 08:16:57.625,0.131605,15-Feb-2025 08:16:57.625,0.088534,15-Feb-2025 08:16:57.625,9.858429
15-Feb-2025 08:16:57.645,0.145962,15-Feb-2025 08:16:57.645,0.09332,15-Feb-2025 08:16:57.645,9.858429
15-Feb-2025 08:16:57.665,0.136391,15-Feb-2025 08:16:57.665,0.09332,15-Feb-2025 08:16:57.665,9.858429
15-Feb-2025 08:16:57.685,0.117248,15-Feb-2025 08:16:57.685,0.09332,15-Feb-2025 08:16:57.685,9.853643
15-Feb-2025 08:16:57.705,0.136391,15-Feb-2025 08:16:57.705,0.09332,15-Feb-2025 08:16:57.705,9.853643
15-Feb-2025 08:16:57.725,0.141177,15-Feb-2025 08:16:57.725,0.09332,15-Feb-2025 08:16:57.725,9.863214
15-Feb-2025 08:16:57.745,0.150748,15-Feb-2025 08:16:57.745,0.083749,15-Feb-2025 08:16:57.745,9.863214
15-Feb-2025 08:16:57.765,0.145962,15-Feb-2025 08:16:57.765,0.09332,15-Feb-2025 08:16:57.765,9.858429
15-Feb-2025 08:16:57.785,0.131605,15-Feb-2025 08:16:57.785,0.088534,15-Feb-2025 08:16:57.785,9.868599
15-Feb-2025 08:16:57.805,0.131605,15-Feb-2025 08:16:57.805,0.09332,15-Feb-2025 08:16:57.805,9.853643
15-Feb-2025 08:16:57.825,0.136391,15-Feb-2025 08:16:57.825,0.09332,15-Feb-2025 08:16:57.825,9.853643
15-Feb-2025 08:16:57.845,0.12682,15-Feb-2025 08:16:57.845,0.088534,15-Feb-2025 08:16:57.845,9.868599
15-Feb-2025 08:16:57.865,0.136391,15-Feb-2025 08:16:57.865,0.098106,15-Feb-2025 08:16:57.865,9.858429
15-Feb-2025 08:16:57.885,0.150748,15-Feb-2025 08:16:57.885,0.09332,15-Feb-2025 08:16:57.885,9.853643
15-Feb-2025 08:16:57.905,0.131605,15-Feb-2025 08:16:57.905,0.083749,15-Feb-2025 08:16:57.905,9.858429
15-Feb-2025 08:16:57.925,0.131605,15-Feb-2025 08:16:57.925,0.107677,15-Feb-2025 08:16:57.925,9.863214
15-Feb-2025 08:16:57.945,0.145962,15-Feb-2025 08:16:57.945,0.088534,15-Feb-2025 08:16:57.945,9.863214
15-Feb-2025 08:16:57.965,0.131605,15-Feb-2025 08:16:57.965,0.088534,15-Feb-2025 08:16:57.965,9.853643
15-Feb-2025 08:16:57.985,0.141177,15-Feb-2025 08:16:57.985,0.083749,15-Feb-2025 08:16:57.985,9.858429
15-Feb-2025 08:16:58.005,0.136391,15-Feb-2025 08:16:58.005,0.09332,15-Feb-2025 08:16:58.005,9.858429
15-Feb-2025 08:16:58.025,0.12682,15-Feb-2025 08:16:58.025,0.083749,15-Feb-2025 08:16:58.025,9.863214
15-Feb-2025 08:16:58.045,0.141177,15-Feb-2025 08:16:58.045,0.09332,15-Feb-2025 08:16:58.045,9.858429
15-Feb-2025 08:16:58.065,0.122034,15-Feb-2025 08:16:58.065,0.074178,15-Feb-2025 08:16:58.065,9.858429
15-Feb-2025 08:16:58.085,0.141177,15-Feb-2025 08:16:58.085,0.078963,15-Feb-2025 08:16:58.085,9.863214
15-Feb-2025 08:16:58.105,0.141177,15-Feb-2025 08:16:58.105,0.09332,15-Feb-2025 08:16:58.105,9.863214
15-Feb-2025 08:16:58.125,0.131605,15-Feb-2025 08:16:58.125,0.088534,15-Feb-2025 08:16:58.125,9.858429
15-Feb-2025 08:16:58.144,0.136391,15-Feb-2025 08:16:58.144,0.09332,15-Feb-2025 08:16:58.144,9.858429
15-Feb-2025 08:16:58.164,0.136391,15-Feb-2025 08:16:58.164,0.098106,15-Feb-2025 08:16:58.164,9.858429
15-Feb-2025 08:16:58.184,0.131605,15-Feb-2025 08:16:58.184,0.088534,15-Feb-2025 08:16:58.184,9.863214
15-Feb-2025 08:16:58.204,0.131605,15-Feb-2025 08:16:58.204,0.09332,15-Feb-2025 08:16:58.204,9.848858
15-Feb-2025 08:16:58.224,0.136391,15-Feb-2025 08:16:58.224,0.09332,15-Feb-2025 08:16:58.224,9.853643
15-Feb-2025 08:16:58.244,0.136391,15-Feb-2025 08:16:58.244,0.102891,15-Feb-2025 08:16:58.244,9.853643
15-Feb-2025 08:16:58.264,0.150748,15-Feb-2025 08:16:58.264,0.107677,15-Feb-2025 08:16:58.264,9.863214
15-Feb-2025 08:16:58.284,0.131605,15-Feb-2025 08:16:58.284,0.088534,15-Feb-2025 08:16:58.284,9.858429
15-Feb-2025 08:16:58.304,0.131605,15-Feb-2025 08:16:58.304,0.088534,15-Feb-2025 08:16:58.304,9.858429
15-Feb-2025 08:16:58.324,0.117248,15-Feb-2025 08:16:58.324,0.09332,15-Feb-2025 08:16:58.324,9.868599
15-Feb-2025 08:16:58.344,0.131605,15-Feb-2025 08:16:58.344,0.088534,15-Feb-2025 08:16:58.344,9.858429
15-Feb-2025 08:16:58.364,0.141177,15-Feb-2025 08:16:58.364,0.088534,15-Feb-2025 08:16:58.364,9.873384
15-Feb-2025 08:16:58.384,0.141177,15-Feb-2025 08:16:58.384,0.088534,15-Feb-2025 08:16:58.384,9.853643
15-Feb-2025 08:16:58.404,0.136391,15-Feb-2025 08:16:58.404,0.088534,15-Feb-2025 08:16:58.404,9.858429
15-Feb-2025 08:16:58.424,0.136391,15-Feb-2025 08:16:58.424,0.088534,15-Feb-2025 08:16:58.424,9.863214
15-Feb-2025 08:16:58.444,0.136391,15-Feb-2025 08:16:58.444,0.083749,15-Feb-2025 08:16:58.444,9.863214
15-Feb-2025 08:16:58.464,0.141177,15-Feb-2025 08:16:58.464,0.098106,15-Feb-2025 08:16:58.464,9.853643
15-Feb-2025 08:16:58.484,0.141177,15-Feb-2025 08:16:58.484,0.098106,15-Feb-2025 08:16:58.484,9.853643
15-Feb-2025 08:16:58.504,0.136391,15-Feb-2025 08:16:58.504,0.078963,15-Feb-2025 08:16:58.504,9.868599
15-Feb-2025 08:16:58.524,0.131605,15-Feb-2025 08:16:58.524,0.09332,15-Feb-2025 08:16:58.524,9.863214
15-Feb-2025 08:16:58.544,0.12682,15-Feb-2025 08:16:58.544,0.083749,15-Feb-2025 08:16:58.544,9.863214
15-Feb-2025 08:16:58.564,0.131605,15-Feb-2025 08:16:58.564,0.078963,15-Feb-2025 08:16:58.564,9.863214
15-Feb-2025 08:16:58.584,0.131605,15-Feb-2025 08:16:58.584,0.088534,15-Feb-2025 08:16:58.584,9.858429
15-Feb-2025 08:16:58.604,0.131605,15-Feb-2025 08:16:58.604,0.09332,15-Feb-2025 08:16:58.604,9.848858
15-Feb-2025 08:16:58.624,0.136391,15-Feb-2025 08:16:58.624,0.074178,15-Feb-2025 08:16:58.624,9.868599
15-Feb-2025 08:16:58.644,0.117248,15-Feb-2025 08:16:58.644,0.078963,15-Feb-2025 08:16:58.644,9.868599
15-Feb-2025 08:16:58.664,0.145962,15-Feb-2025 08:16:58.664,0.09332,15-Feb-2025 08:16:58.664,9.858429
15-Feb-2025 08:16:58.684,0.145962,15-Feb-2025 08:16:58.684,0.088534,15-Feb-2025 08:16:58.684,9.853643
15-Feb-2025 08:16:58.704,0.141177,15-Feb-2025 08:16:58.704,0.088534,15-Feb-2025 08:16:58.704,9.863214
15-Feb-2025 08:16:58.724,0.136391,15-Feb-2025 08:16:58.724,0.088534,15-Feb-2025 08:16:58.724,9.868599
15-Feb-2025 08:16:58.743,0.145962,15-Feb-2025 08:16:58.743,0.083749,15-Feb-2025 08:16:58.743,9.858429
15-Feb-2025 08:16:58.764,0.150748,15-Feb-2025 08:16:58.764,0.088534,15-Feb-2025 08:16:58.764,9.863214
15-Feb-2025 08:16:58.784,0.136391,15-Feb-2025 08:16:58.784,0.083749,15-Feb-2025 08:16:58.784,9.853643
15-Feb-2025 08:16:58.804,0.131605,15-Feb-2025 08:16:58.804,0.088534,15-Feb-2025 08:16:58.804,9.863214
15-Feb-2025 08:16:58.824,0.136391,15-Feb-2025 08:16:58.824,0.09332,15-Feb-2025 08:16:58.824,9.863214
15-Feb-2025 08:16:58.844,0.141177,15-Feb-2025 08:16:58.844,0.088534,15-Feb-2025 08:16:58.844,9.863214
15-Feb-2025 08:16:58.864,0.131605,15-Feb-2025 08:16:58.864,0.088534,15-Feb-2025 08:16:58.864,9.873384
15-Feb-2025 08:16:58.884,0.131605,15-Feb-2025 08:16:58.884,0.098106,15-Feb-2025 08:16:58.884,9.868599
15-Feb-2025 08:16:58.904,0.12682,15-Feb-2025 08:16:58.904,0.083749,15-Feb-2025 08:16:58.904,9.868599
15-Feb-2025 08:16:58.924,0.141177,15-Feb-2025 08:16:58.924,0.098106,15-Feb-2025 08:16:58.924,9.858429
15-Feb-2025 08:16:58.944,0.141177,15-Feb-2025 08:16:58.944,0.088534,15-Feb-2025 08:16:58.944,9.853643
15-Feb-2025 08:16:58.964,0.131605,15-Feb-2025 08:16:58.964,0.098106,15-Feb-2025 08:16:58.964,9.863214
15-Feb-2025 08:16:58.984,0.136391,15-Feb-2025 08:16:58.984,0.09332,15-Feb-2025 08:16:58.984,9.868599
15-Feb-2025 08:16:59.004,0.12682,15-Feb-2025 08:16:59.004,0.098106,15-Feb-2025 08:16:59.004,9.863214
15-Feb-2025 08:16:59.024,0.131605,15-Feb-2025 08:16:59.024,0.083749,15-Feb-2025 08:16:59.024,9.863214
15-Feb-2025 08:16:59.044,0.145962,15-Feb-2025 08:16:59.044,0.09332,15-Feb-2025 08:16:59.044,9.868599
15-Feb-2025 08:16:59.064,0.136391,15-Feb-2025 08:16:59.064,0.09332,15-Feb-2025 08:16:59.064,9.858429
15-Feb-2025 08:16:59.083,0.12682,15-Feb-2025 08:16:59.083,0.088534,15-Feb-2025 08:16:59.083,9.863214
15-Feb-2025 08:16:59.103,0.136391,15-Feb-2025 08:16:59.103,0.09332,15-Feb-2025 08:16:59.103,9.863214
15-Feb-2025 08:16:59.123,0.155533,15-Feb-2025 08:16:59.123,0.102891,15-Feb-2025 08:16:59.123,9.853643
15-Feb-2025 08:16:59.143,0.136391,15-Feb-2025 08:16:59.143,0.083749,15-Feb-2025 08:16:59.143,9.858429
15-Feb-2025 08:16:59.163,0.136391,15-Feb-2025 08:16:59.163,0.078963,15-Feb-2025 08:16:59.163,9.863214
15-Feb-2025 08:16:59.183,0.131605,15-Feb-2025 08:16:59.183,0.098106,15-Feb-2025 08:16:59.183,9.863214
15-Feb-2025 08:16:59.203,0.141177,15-Feb-2025 08:16:59.203,0.083749,15-Feb-2025 08:16:59.203,9.858429
15-Feb-2025 08:16:59.223,0.136391,15-Feb-2025 08:16:59.223,0.083749,15-Feb-2025 08:16:59.223,9.858429
15-Feb-2025 08:16:59.243,0.141177,15-Feb-2025 08:16:59.243,0.088534,15-Feb-2025 08:16:59.243,9.858429
15-Feb-2025 08:16:59.263,0.141177,15-Feb-2025 08:16:59.263,0.088534,15-Feb-2025 08:16:59.263,9.868599
15-Feb-2025 08:16:59.283,0.136391,15-Feb-2025 08:16:59.283,0.078963,15-Feb-2025 08:16:59.283,9.853643
15-Feb-2025 08:16:59.303,0.136391,15-Feb-2025 08:16:59.303,0.09332,15-Feb-2025 08:16:59.303,9.863214
15-Feb-2025 08:16:59.323,0.145962,15-Feb-2025 08:16:59.323,0.09332,15-Feb-2025 08:16:59.323,9.853643
15-Feb-2025 08:16:59.343,0.136391,15-Feb-2025 08:16:59.343,0.102891,15-Feb-2025 08:16:59.343,9.853643
15-Feb-2025 08:16:59.363,0.136391,15-Feb-2025 08:16:59.363,0.088534,15-Feb-2025 08:16:59.363,9.863214
15-Feb-2025 08:16:59.383,0.136391,15-Feb-2025 08:16:59.383,0.098106,15-Feb-2025 08:16:59.383,9.873384
15-Feb-2025 08:16:59.403,0.131605,15-Feb-2025 08:16:59.403,0.102891,15-Feb-2025 08:16:59.403,9.853643
15-Feb-2025 08:16:59.423,0.12682,15-Feb-2025 08:16:59.423,0.09332,15-Feb-2025 08:16:59.423,9.868599
15-Feb-2025 08:16:59.443,0.131605,15-Feb-2025 08:16:59.443,0.098106,15-Feb-2025 08:16:59.443,9.853643
15-Feb-2025 08:16:59.463,0.12682,15-Feb-2025 08:16:59.463,0.098106,15-Feb-2025 08:16:59.463,9.858429
15-Feb-2025 08:16:59.483,0.136391,15-Feb-2025 08:16:59.483,0.098106,15-Feb-2025 08:16:59.483,9.853643
15-Feb-2025 08:16:59.503,0.145962,15-Feb-2025 08:16:59.503,0.088534,15-Feb-2025 08:16:59.503,9.853643
15-Feb-2025 08:16:59.523,0.141177,15-Feb-2025 08:16:59.523,0.083749,15-Feb-2025 08:16:59.523,9.853643
15-Feb-2025 08:16:59.543,0.136391,15-Feb-2025 08:16:59.543,0.098106,15-Feb-2025 08:16:59.543,9.858429
15-Feb-2025 08:16:59.563,0.12682,15-Feb-2025 08:16:59.563,0.09332,15-Feb-2025 08:16:59.563,9.868599
15-Feb-2025 08:16:59.583,0.141177,15-Feb-2025 08:16:59.583,0.09332,15-Feb-2025 08:16:59.583,9.858429
15-Feb-2025 08:16:59.603,0.122034,15-Feb-2025 08:16:59.603,0.083749,15-Feb-2025 08:16:59.603,9.848858
15-Feb-2025 08:16:59.623,0.131605,15-Feb-2025 08:16:59.623,0.083749,15-Feb-2025 08:16:59.623,9.868599
15-Feb-2025 08:16:59.643,0.150748,15-Feb-2025 08:16:59.643,0.098106,15-Feb-2025 08:16:59.643,9.868599
15-Feb-2025 08:16:59.663,0.131605,15-Feb-2025 08:16:59.663,0.098106,15-Feb-2025 08:16:59.663,9.853643
15-Feb-2025 08:16:59.683,0.136391,15-Feb-2025 08:16:59.683,0.098106,15-Feb-2025 08:16:59.683,9.858429
15-Feb-2025 08:16:59.703,0.136391,15-Feb-2025 08:16:59.703,0.098106,15-Feb-2025 08:16:59.703,9.873384
15-Feb-2025 08:16:59.723,0.141177,15-Feb-2025 08:16:59.723,0.088534,15-Feb-2025 08:16:59.723,9.863214
15-Feb-2025 08:16:59.743,0.155533,15-Feb-2025 08:16:59.743,0.088534,15-Feb-2025 08:16:59.743,9.858429
15-Feb-2025 08:16:59.763,0.131605,15-Feb-2025 08:16:59.763,0.088534,15-Feb-2025 08:16:59.763,9.863214
15-Feb-2025 08:16:59.783,0.131605,15-Feb-2025 08:16:59.783,0.083749,15-Feb-2025 08:16:59.783,9.853643
15-Feb-2025 08:16:59.803,0.145962,15-Feb-2025 08:16:59.803,0.088534,15-Feb-2025 08:16:59.803,9.863214
15-Feb-2025 08:16:59.823,0.141177,15-Feb-2025 08:16:59.823,0.088534,15-Feb-2025 08:16:59.823,9.863214
15-Feb-2025 08:16:59.843,0.145962,15-Feb-2025 08:16:59.843,0.083749,15-Feb-2025 08:16:59.843,9.858429
15-Feb-2025 08:16:59.863,0.136391,15-Feb-2025 08:16:59.863,0.09332,15-Feb-2025 08:16:59.863,9.858429
15-Feb-2025 08:16:59.882,0.12682,15-Feb-2025 08:16:59.882,0.098106,15-Feb-2025 08:16:59.882,9.868599
15-Feb-2025 08:16:59.903,0.145962,15-Feb-2025 08:16:59.903,0.078963,15-Feb-2025 08:16:59.903,9.863214
15-Feb-2025 08:16:59.923,0.136391,15-Feb-2025 08:16:59.923,0.083749,15-Feb-2025 08:16:59.923,9.868599
15-Feb-2025 08:16:59.943,0.122034,15-Feb-2025 08:16:59.943,0.083749,15-Feb-2025 08:16:59.943,9.863214
15-Feb-2025 08:16:59.962,0.12682,15-Feb-2025 08:16:59.962,0.083749,15-Feb-2025 08:16:59.962,9.868599
15-Feb-2025 08:16:59.982,0.141177,15-Feb-2025 08:16:59.982,0.09332,15-Feb-2025 08:16:59.982,9.858429
15-Feb-2025 08:17:00.002,0.136391,15-Feb-2025 08:17:00.002,0.083749,15-Feb-2025 08:17:00.002,9.853643
15-Feb-2025 08:17:00.022,0.145962,15-Feb-2025 08:17:00.022,0.083749,15-Feb-2025 08:17:00.022,9.863214
15-Feb-2025 08:17:00.042,0.131605,15-Feb-2025 08:17:00.042,0.078963,15-Feb-2025 08:17:00.042,9.863214
15-Feb-2025 08:17:00.062,0.136391,15-Feb-2025 08:17:00.062,0.083749,15-Feb-2025 08:17:00.062,9.853643
15-Feb-2025 08:17:00.082,0.145962,15-Feb-2025 08:17:00.082,0.098106,15-Feb-2025 08:17:00.082,9.853643
15-Feb-2025 08:17:00.102,0.141177,15-Feb-2025 08:17:00.102,0.09332,15-Feb-2025 08:17:00.102,9.868599
15-Feb-2025 08:17:00.122,0.136391,15-Feb-2025 08:17:00.122,0.098106,15-Feb-2025 08:17:00.122,9.858429
15-Feb-2025 08:17:00.142,0.141177,15-Feb-2025 08:17:00.142,0.107677,15-Feb-2025 08:17:00.142,9.858429
15-Feb-2025 08:17:00.162,0.136391,15-Feb-2025 08:17:00.162,0.09332,15-Feb-2025 08:17:00.162,9.858429
15-Feb-2025 08:17:00.182,0.141177,15-Feb-2025 08:17:00.182,0.083749,15-Feb-2025 08:17:00.182,9.863214
15-Feb-2025 08:17:00.202,0.12682,15-Feb-2025 08:17:00.202,0.083749,15-Feb-2025 08:17:00.202,9.853643
15-Feb-2025 08:17:00.222,0.12682,15-Feb-2025 08:17:00.222,0.078963,15-Feb-2025 08:17:00.222,9.863214
15-Feb-2025 08:17:00.242,0.131605,15-Feb-2025 08:17:00.242,0.083749,15-Feb-2025 08:17:00.242,9.87817
15-Feb-2025 08:17:00.262,0.12682,15-Feb-2025 08:17:00.262,0.088534,15-Feb-2025 08:17:00.262,9.858429
15-Feb-2025 08:17:00.282,0.136391,15-Feb-2025 08:17:00.282,0.083749,15-Feb-2025 08:17:00.282,9.863214
15-Feb-2025 08:17:00.302,0.131605,15-Feb-2025 08:17:00.302,0.098106,15-Feb-2025 08:17:00.302,9.868599
15-Feb-2025 08:17:00.322,0.131605,15-Feb-2025 08:17:00.322,0.098106,15-Feb-2025 08:17:00.322,9.853643
15-Feb-2025 08:17:00.342,0.136391,15-Feb-2025 08:17:00.342,0.09332,15-Feb-2025 08:17:00.342,9.858429
15-Feb-2025 08:17:00.362,0.12682,15-Feb-2025 08:17:00.362,0.098106,15-Feb-2025 08:17:00.362,9.858429
15-Feb-2025 08:17:00.382,0.131605,15-Feb-2025 08:17:00.382,0.083749,15-Feb-2025 08:17:00.382,9.863214
15-Feb-2025 08:17:00.402,0.122034,15-Feb-2025 08:17:00.402,0.09332,15-Feb-2025 08:17:00.402,9.873384
15-Feb-2025 08:17:00.422,0.122034,15-Feb-2025 08:17:00.422,0.083749,15-Feb-2025 08:17:00.422,9.868599
15-Feb-2025 08:17:00.442,0.131605,15-Feb-2025 08:17:00.442,0.098106,15-Feb-2025 08:17:00.442,9.853643
15-Feb-2025 08:17:00.462,0.136391,15-Feb-2025 08:17:00.462,0.088534,15-Feb-2025 08:17:00.462,9.853643
15-Feb-2025 08:17:00.482,0.145962,15-Feb-2025 08:17:00.482,0.09332,15-Feb-2025 08:17:00.482,9.868599
15-Feb-2025 08:17:00.502,0.136391,15-Feb-2025 08:17:00.502,0.09332,15-Feb-2025 08:17:00.502,9.853643
15-Feb-2025 08:17:00.522,0.122034,15-Feb-2025 08:17:00.522,0.083749,15-Feb-2025 08:17:00.522,9.853643
15-Feb-2025 08:17:00.542,0.122034,15-Feb-2025 08:17:00.542,0.074178,15-Feb-2025 08:17:00.542,9.863214
15-Feb-2025 08:17:00.562,0.131605,15-Feb-2025 08:17:00.562,0.098106,15-Feb-2025 08:17:00.562,9.853643
15-Feb-2025 08:17:00.582,0.131605,15-Feb-2025 08:17:00.582,0.107677,15-Feb-2025 08:17:00.582,9.853643
15-Feb-2025 08:17:00.602,0.136391,15-Feb-2025 08:17:00.602,0.083749,15-Feb-2025 08:17:00.602,9.848858
15-Feb-2025 08:17:00.622,0.131605,15-Feb-2025 08:17:00.622,0.078963,15-Feb-2025 08:17:00.622,9.863214
15-Feb-2025 08:17:00.642,0.131605,15-Feb-2025 08:17:00.642,0.098106,15-Feb-2025 08:17:00.642,9.863214
15-Feb-2025 08:17:00.662,0.136391,15-Feb-2025 08:17:00.662,0.102891,15-Feb-2025 08:17:00.662,9.853643
15-Feb-2025 08:17:00.682,0.131605,15-Feb-2025 08:17:00.682,0.098106,15-Feb-2025 08:17:00.682,9.858429
15-Feb-2025 08:17:00.702,0.122034,15-Feb-2025 08:17:00.702,0.083749,15-Feb-2025 08:17:00.702,9.863214
15-Feb-2025 08:17:00.722,0.141177,15-Feb-2025 08:17:00.722,0.098106,15-Feb-2025 08:17:00.722,9.873384
15-Feb-2025 08:17:00.742,0.136391,15-Feb-2025 08:17:00.742,0.09332,15-Feb-2025 08:17:00.742,9.858429
15-Feb-2025 08:17:00.762,0.12682,15-Feb-2025 08:17:00.762,0.088534,15-Feb-2025 08:17:00.762,9.853643
15-Feb-2025 08:17:00.782,0.136391,15-Feb-2025 08:17:00.782,0.083749,15-Feb-2025 08:17:00.782,9.858429
15-Feb-2025 08:17:00.802,0.122034,15-Feb-2025 08:17:00.802,0.088534,15-Feb-2025 08:17:00.802,9.863214
15-Feb-2025 08:17:00.822,0.136391,15-Feb-2025 08:17:00.822,0.09332,15-Feb-2025 08:17:00.822,9.858429
15-Feb-2025 08:17:00.842,0.136391,15-Feb-2025 08:17:00.842,0.083749,15-Feb-2025 08:17:00.842,9.858429
15-Feb-2025 08:17:00.862,0.136391,15-Feb-2025 08:17:00.862,0.09332,15-Feb-2025 08:17:00.862,9.853643
15-Feb-2025 08:17:00.882,0.131605,15-Feb-2025 08:17:00.882,0.098106,15-Feb-2025 08:17:00.882,9.863214
15-Feb-2025 08:17:00.901,0.12682,15-Feb-2025 08:17:00.901,0.098106,15-Feb-2025 08:17:00.901,9.858429
15-Feb-2025 08:17:00.921,0.136391,15-Feb-2025 08:17:00.921,0.098106,15-Feb-2025 08:17:00.921,9.848858
15-Feb-2025 08:17:00.942,0.136391,15-Feb-2025 08:17:00.942,0.088534,15-Feb-2025 08:17:00.942,9.863214
15-Feb-2025 08:17:00.961,0.141177,15-Feb-2025 08:17:00.961,0.083749,15-Feb-2025 08:17:00.961,9.863214
15-Feb-2025 08:17:00.981,0.145962,15-Feb-2025 08:17:00.981,0.102891,15-Feb-2025 08:17:00.981,9.868599
15-Feb-2025 08:17:01.001,0.141177,15-Feb-2025 08:17:01.001,0.098106,15-Feb-2025 08:17:01.001,9.858429
15-Feb-2025 08:17:01.021,0.141177,15-Feb-2025 08:17:01.021,0.102891,15-Feb-2025 08:17:01.021,9.858429
15-Feb-2025 08:17:01.041,0.136391,15-Feb-2025 08:17:01.041,0.088534,15-Feb-2025 08:17:01.041,9.858429
15-Feb-2025 08:17:01.061,0.122034,15-Feb-2025 08:17:01.061,0.09332,15-Feb-2025 08:17:01.061,9.858429
15-Feb-2025 08:17:01.081,0.141177,15-Feb-2025 08:17:01.081,0.098106,15-Feb-2025 08:17:01.081,9.868599
15-Feb-2025 08:17:01.101,0.145962,15-Feb-2025 08:17:01.101,0.088534,15-Feb-2025 08:17:01.101,9.868599
15-Feb-2025 08:17:01.121,0.131605,15-Feb-2025 08:17:01.121,0.088534,15-Feb-2025 08:17:01.121,9.853643
15-Feb-2025 08:17:01.141,0.141177,15-Feb-2025 08:17:01.141,0.098106,15-Feb-2025 08:17:01.141,9.863214
15-Feb-2025 08:17:01.161,0.150748,15-Feb-2025 08:17:01.161,0.098106,15-Feb-2025 08:17:01.161,9.868599
15-Feb-2025 08:17:01.181,0.150748,15-Feb-2025 08:17:01.181,0.09332,15-Feb-2025 08:17:01.181,9.853643
15-Feb-2025 08:17:01.201,0.145962,15-Feb-2025 08:17:01.201,0.088534,15-Feb-2025 08:17:01.201,9.858429
15-Feb-2025 08:17:01.221,0.141177,15-Feb-2025 08:17:01.221,0.09332,15-Feb-2025 08:17:01.221,9.858429
15-Feb-2025 08:17:01.241,0.136391,15-Feb-2025 08:17:01.241,0.088534,15-Feb-2025 08:17:01.241,9.863214
15-Feb-2025 08:17:01.261,0.131605,15-Feb-2025 08:17:01.261,0.098106,15-Feb-2025 08:17:01.261,9.853643
15-Feb-2025 08:17:01.281,0.141177,15-Feb-2025 08:17:01.281,0.083749,15-Feb-2025 08:17:01.281,9.848858
15-Feb-2025 08:17:01.301,0.141177,15-Feb-2025 08:17:01.301,0.074178,15-Feb-2025 08:17:01.301,9.853643
15-Feb-2025 08:17:01.321,0.141177,15-Feb-2025 08:17:01.321,0.088534,15-Feb-2025 08:17:01.321,9.848858
15-Feb-2025 08:17:01.341,0.145962,15-Feb-2025 08:17:01.341,0.098106,15-Feb-2025 08:17:01.341,9.844072
15-Feb-2025 08:17:01.361,0.136391,15-Feb-2025 08:17:01.361,0.088534,15-Feb-2025 08:17:01.361,9.858429
15-Feb-2025 08:17:01.381,0.12682,15-Feb-2025 08:17:01.381,0.088534,15-Feb-2025 08:17:01.381,9.863214
15-Feb-2025 08:17:01.401,0.12682,15-Feb-2025 08:17:01.401,0.083749,15-Feb-2025 08:17:01.401,9.858429
15-Feb-2025 08:17:01.421,0.136391,15-Feb-2025 08:17:01.421,0.088534,15-Feb-2025 08:17:01.421,9.863214
15-Feb-2025 08:17:01.441,0.136391,15-Feb-2025 08:17:01.441,0.088534,15-Feb-2025 08:17:01.441,9.87817
15-Feb-2025 08:17:01.461,0.131605,15-Feb-2025 08:17:01.461,0.069392,15-Feb-2025 08:17:01.461,9.868599
15-Feb-2025 08:17:01.481,0.141177,15-Feb-2025 08:17:01.481,0.078963,15-Feb-2025 08:17:01.481,9.863214
15-Feb-2025 08:17:01.501,0.136391,15-Feb-2025 08:17:01.501,0.098106,15-Feb-2025 08:17:01.501,9.863214
15-Feb-2025 08:17:01.521,0.131605,15-Feb-2025 08:17:01.521,0.098106,15-Feb-2025 08:17:01.521,9.858429
15-Feb-2025 08:17:01.541,0.122034,15-Feb-2025 08:17:01.541,0.083749,15-Feb-2025 08:17:01.541,9.853643
15-Feb-2025 08:17:01.561,0.122034,15-Feb-2025 08:17:01.561,0.09332,15-Feb-2025 08:17:01.561,9.868599
15-Feb-2025 08:17:01.581,0.136391,15-Feb-2025 08:17:01.581,0.09332,15-Feb-2025 08:17:01.581,9.858429
15-Feb-2025 08:17:01.601,0.141177,15-Feb-2025 08:17:01.601,0.088534,15-Feb-2025 08:17:01.601,9.863214
15-Feb-2025 08:17:01.621,0.12682,15-Feb-2025 08:17:01.621,0.09332,15-Feb-2025 08:17:01.621,9.858429
15-Feb-2025 08:17:01.641,0.136391,15-Feb-2025 08:17:01.641,0.09332,15-Feb-2025 08:17:01.641,9.863214
15-Feb-2025 08:17:01.661,0.12682,15-Feb-2025 08:17:01.661,0.098106,15-Feb-2025 08:17:01.661,9.863214
15-Feb-2025 08:17:01.681,0.12682,15-Feb-2025 08:17:01.681,0.083749,15-Feb-2025 08:17:01.681,9.863214
15-Feb-2025 08:17:01.701,0.145962,15-Feb-2025 08:17:01.701,0.083749,15-Feb-2025 08:17:01.701,9.863214
15-Feb-2025 08:17:01.721,0.131605,15-Feb-2025 08:17:01.721,0.088534,15-Feb-2025 08:17:01.721,9.868599
15-Feb-2025 08:17:01.741,0.136391,15-Feb-2025 08:17:01.741,0.088534,15-Feb-2025 08:17:01.741,9.863214
15-Feb-2025 08:17:01.761,0.131605,15-Feb-2025 08:17:01.761,0.078963,15-Feb-2025 08:17:01.761,9.853643
15-Feb-2025 08:17:01.781,0.136391,15-Feb-2025 08:17:01.781,0.083749,15-Feb-2025 08:17:01.781,9.858429
15-Feb-2025 08:17:01.801,0.12682,15-Feb-2025 08:17:01.801,0.088534,15-Feb-2025 08:17:01.801,9.873384
15-Feb-2025 08:17:01.821,0.136391,15-Feb-2025 08:17:01.821,0.088534,15-Feb-2025 08:17:01.821,9.863214
15-Feb-2025 08:17:01.839,0.136391,15-Feb-2025 08:17:01.839,0.09332,15-Feb-2025 08:17:01.839,9.868599
15-Feb-2025 08:17:01.860,0.131605,15-Feb-2025 08:17:01.860,0.083749,15-Feb-2025 08:17:01.860,9.873384
15-Feb-2025 08:17:01.880,0.145962,15-Feb-2025 08:17:01.880,0.069392,15-Feb-2025 08:17:01.880,9.858429
15-Feb-2025 08:17:01.900,0.150748,15-Feb-2025 08:17:01.900,0.09332,15-Feb-2025 08:17:01.900,9.863214
15-Feb-2025 08:17:01.920,0.12682,15-Feb-2025 08:17:01.920,0.102891,15-Feb-2025 08:17:01.920,9.848858
15-Feb-2025 08:17:01.941,0.131605,15-Feb-2025 08:17:01.941,0.078963,15-Feb-2025 08:17:01.941,9.853643
15-Feb-2025 08:17:01.960,0.12682,15-Feb-2025 08:17:01.960,0.09332,15-Feb-2025 08:17:01.960,9.863214
15-Feb-2025 08:17:01.980,0.141177,15-Feb-2025 08:17:01.980,0.09332,15-Feb-2025 08:17:01.980,9.873384
15-Feb-2025 08:17:02.000,0.136391,15-Feb-2025 08:17:02.000,0.09332,15-Feb-2025 08:17:02.000,9.863214
15-Feb-2025 08:17:02.020,0.136391,15-Feb-2025 08:17:02.020,0.09332,15-Feb-2025 08:17:02.020,9.863214
15-Feb-2025 08:17:02.040,0.136391,15-Feb-2025 08:17:02.040,0.088534,15-Feb-2025 08:17:02.040,9.858429
15-Feb-2025 08:17:02.060,0.122034,15-Feb-2025 08:17:02.060,0.102891,15-Feb-2025 08:17:02.060,9.863214
15-Feb-2025 08:17:02.080,0.131605,15-Feb-2025 08:17:02.080,0.102891,15-Feb-2025 08:17:02.080,9.853643
15-Feb-2025 08:17:02.100,0.131605,15-Feb-2025 08:17:02.100,0.083749,15-Feb-2025 08:17:02.100,9.863214
15-Feb-2025 08:17:02.120,0.136391,15-Feb-2025 08:17:02.120,0.088534,15-Feb-2025 08:17:02.120,9.848858
15-Feb-2025 08:17:02.140,0.141177,15-Feb-2025 08:17:02.140,0.083749,15-Feb-2025 08:17:02.140,9.853643
15-Feb-2025 08:17:02.160,0.136391,15-Feb-2025 08:17:02.160,0.083749,15-Feb-2025 08:17:02.160,9.868599
15-Feb-2025 08:17:02.180,0.145962,15-Feb-2025 08:17:02.180,0.074178,15-Feb-2025 08:17:02.180,9.858429
15-Feb-2025 08:17:02.200,0.12682,15-Feb-2025 08:17:02.200,0.083749,15-Feb-2025 08:17:02.200,9.868599
15-Feb-2025 08:17:02.220,0.141177,15-Feb-2025 08:17:02.220,0.09332,15-Feb-2025 08:17:02.220,9.848858
15-Feb-2025 08:17:02.240,0.145962,15-Feb-2025 08:17:02.240,0.083749,15-Feb-2025 08:17:02.240,9.853643
15-Feb-2025 08:17:02.260,0.136391,15-Feb-2025 08:17:02.260,0.102891,15-Feb-2025 08:17:02.260,9.863214
15-Feb-2025 08:17:02.280,0.141177,15-Feb-2025 08:17:02.280,0.083749,15-Feb-2025 08:17:02.280,9.863214
15-Feb-2025 08:17:02.300,0.141177,15-Feb-2025 08:17:02.300,0.078963,15-Feb-2025 08:17:02.300,9.863214
15-Feb-2025 08:17:02.320,0.131605,15-Feb-2025 08:17:02.320,0.083749,15-Feb-2025 08:17:02.320,9.863214
15-Feb-2025 08:17:02.340,0.141177,15-Feb-2025 08:17:02.340,0.078963,15-Feb-2025 08:17:02.340,9.853643
15-Feb-2025 08:17:02.360,0.136391,15-Feb-2025 08:17:02.360,0.09332,15-Feb-2025 08:17:02.360,9.863214
15-Feb-2025 08:17:02.380,0.141177,15-Feb-2025 08:17:02.380,0.088534,15-Feb-2025 08:17:02.380,9.873384
15-Feb-2025 08:17:02.400,0.131605,15-Feb-2025 08:17:02.400,0.09332,15-Feb-2025 08:17:02.400,9.868599
15-Feb-2025 08:17:02.420,0.12682,15-Feb-2025 08:17:02.420,0.083749,15-Feb-2025 08:17:02.420,9.858429
15-Feb-2025 08:17:02.440,0.12682,15-Feb-2025 08:17:02.440,0.09332,15-Feb-2025 08:17:02.440,9.858429
15-Feb-2025 08:17:02.460,0.12682,15-Feb-2025 08:17:02.460,0.083749,15-Feb-2025 08:17:02.460,9.868599
15-Feb-2025 08:17:02.480,0.145962,15-Feb-2025 08:17:02.480,0.102891,15-Feb-2025 08:17:02.480,9.863214
15-Feb-2025 08:17:02.500,0.136391,15-Feb-2025 08:17:02.500,0.09332,15-Feb-2025 08:17:02.500,9.858429
15-Feb-2025 08:17:02.520,0.136391,15-Feb-2025 08:17:02.520,0.09332,15-Feb-2025 08:17:02.520,9.863214
15-Feb-2025 08:17:02.540,0.131605,15-Feb-2025 08:17:02.540,0.088534,15-Feb-2025 08:17:02.540,9.868599
15-Feb-2025 08:17:02.560,0.145962,15-Feb-2025 08:17:02.560,0.09332,15-Feb-2025 08:17:02.560,9.868599
15-Feb-2025 08:17:02.580,0.131605,15-Feb-2025 08:17:02.580,0.09332,15-Feb-2025 08:17:02.580,9.863214
15-Feb-2025 08:17:02.600,0.12682,15-Feb-2025 08:17:02.600,0.088534,15-Feb-2025 08:17:02.600,9.863214
15-Feb-2025 08:17:02.619,0.141177,15-Feb-2025 08:17:02.619,0.098106,15-Feb-2025 08:17:02.619,9.863214
15-Feb-2025 08:17:02.640,0.145962,15-Feb-2025 08:17:02.640,0.09332,15-Feb-2025 08:17:02.640,9.863214
15-Feb-2025 08:17:02.660,0.136391,15-Feb-2025 08:17:02.660,0.088534,15-Feb-2025 08:17:02.660,9.858429
15-Feb-2025 08:17:02.680,0.12682,15-Feb-2025 08:17:02.680,0.088534,15-Feb-2025 08:17:02.680,9.858429
15-Feb-2025 08:17:02.700,0.141177,15-Feb-2025 08:17:02.700,0.083749,15-Feb-2025 08:17:02.700,9.863214
15-Feb-2025 08:17:02.720,0.136391,15-Feb-2025 08:17:02.720,0.102891,15-Feb-2025 08:17:02.720,9.863214
15-Feb-2025 08:17:02.740,0.12682,15-Feb-2025 08:17:02.740,0.09332,15-Feb-2025 08:17:02.740,9.858429
15-Feb-2025 08:17:02.760,0.131605,15-Feb-2025 08:17:02.760,0.088534,15-Feb-2025 08:17:02.760,9.858429
15-Feb-2025 08:17:02.779,0.136391,15-Feb-2025 08:17:02.779,0.088534,15-Feb-2025 08:17:02.779,9.863214
15-Feb-2025 08:17:02.799,0.12682,15-Feb-2025 08:17:02.799,0.083749,15-Feb-2025 08:17:02.799,9.858429
15-Feb-2025 08:17:02.819,0.131605,15-Feb-2025 08:17:02.819,0.088534,15-Feb-2025 08:17:02.819,9.858429
15-Feb-2025 08:17:02.839,0.136391,15-Feb-2025 08:17:02.839,0.09332,15-Feb-2025 08:17:02.839,9.858429
15-Feb-2025 08:17:02.859,0.131605,15-Feb-2025 08:17:02.859,0.09332,15-Feb-2025 08:17:02.859,9.863214
15-Feb-2025 08:17:02.879,0.136391,15-Feb-2025 08:17:02.879,0.088534,15-Feb-2025 08:17:02.879,9.858429
15-Feb-2025 08:17:02.899,0.122034,15-Feb-2025 08:17:02.899,0.078963,15-Feb-2025 08:17:02.899,9.853643
15-Feb-2025 08:17:02.919,0.131605,15-Feb-2025 08:17:02.919,0.098106,15-Feb-2025 08:17:02.919,9.858429
15-Feb-2025 08:17:02.939,0.12682,15-Feb-2025 08:17:02.939,0.09332,15-Feb-2025 08:17:02.939,9.858429
15-Feb-2025 08:17:02.959,0.145962,15-Feb-2025 08:17:02.959,0.078963,15-Feb-2025 08:17:02.959,9.868599
15-Feb-2025 08:17:02.979,0.136391,15-Feb-2025 08:17:02.979,0.088534,15-Feb-2025 08:17:02.979,9.853643
15-Feb-2025 08:17:02.999,0.131605,15-Feb-2025 08:17:02.999,0.09332,15-Feb-2025 08:17:02.999,9.868599
15-Feb-2025 08:17:03.019,0.136391,15-Feb-2025 08:17:03.019,0.09332,15-Feb-2025 08:17:03.019,9.868599
15-Feb-2025 08:17:03.039,0.122034,15-Feb-2025 08:17:03.039,0.09332,15-Feb-2025 08:17:03.039,9.858429
15-Feb-2025 08:17:03.059,0.136391,15-Feb-2025 08:17:03.059,0.088534,15-Feb-2025 08:17:03.059,9.858429
15-Feb-2025 08:17:03.079,0.136391,15-Feb-2025 08:17:03.079,0.088534,15-Feb-2025 08:17:03.079,9.858429
15-Feb-2025 08:17:03.099,0.12682,15-Feb-2025 08:17:03.099,0.083749,15-Feb-2025 08:17:03.099,9.868599
15-Feb-2025 08:17:03.119,0.12682,15-Feb-2025 08:17:03.119,0.083749,15-Feb-2025 08:17:03.119,9.863214
15-Feb-2025 08:17:03.139,0.141177,15-Feb-2025 08:17:03.139,0.088534,15-Feb-2025 08:17:03.139,9.858429
15-Feb-2025 08:17:03.159,0.131605,15-Feb-2025 08:17:03.159,0.083749,15-Feb-2025 08:17:03.159,9.858429
15-Feb-2025 08:17:03.179,0.141177,15-Feb-2025 08:17:03.179,0.09332,15-Feb-2025 08:17:03.179,9.873384
15-Feb-2025 08:17:03.199,0.141177,15-Feb-2025 08:17:03.199,0.083749,15-Feb-2025 08:17:03.199,9.868599
15-Feb-2025 08:17:03.219,0.12682,15-Feb-2025 08:17:03.219,0.088534,15-Feb-2025 08:17:03.219,9.873384
15-Feb-2025 08:17:03.239,0.136391,15-Feb-2025 08:17:03.239,0.09332,15-Feb-2025 08:17:03.239,9.863214
15-Feb-2025 08:17:03.259,0.141177,15-Feb-2025 08:17:03.259,0.102891,15-Feb-2025 08:17:03.259,9.873384
15-Feb-2025 08:17:03.279,0.136391,15-Feb-2025 08:17:03.279,0.083749,15-Feb-2025 08:17:03.279,9.858429
15-Feb-2025 08:17:03.299,0.136391,15-Feb-2025 08:17:03.299,0.083749,15-Feb-2025 08:17:03.299,9.868599
15-Feb-2025 08:17:03.319,0.145962,15-Feb-2025 08:17:03.319,0.083749,15-Feb-2025 08:17:03.319,9.863214
15-Feb-2025 08:17:03.339,0.145962,15-Feb-2025 08:17:03.339,0.102891,15-Feb-2025 08:17:03.339,9.858429
15-Feb-2025 08:17:03.359,0.141177,15-Feb-2025 08:17:03.359,0.09332,15-Feb-2025 08:17:03.359,9.863214
15-Feb-2025 08:17:03.379,0.150748,15-Feb-2025 08:17:03.379,0.102891,15-Feb-2025 08:17:03.379,9.868599
15-Feb-2025 08:17:03.399,0.136391,15-Feb-2025 08:17:03.399,0.09332,15-Feb-2025 08:17:03.399,9.868599
15-Feb-2025 08:17:03.419,0.12682,15-Feb-2025 08:17:03.419,0.078963,15-Feb-2025 08:17:03.419,9.868599
15-Feb-2025 08:17:03.439,0.141177,15-Feb-2025 08:17:03.439,0.098106,15-Feb-2025 08:17:03.439,9.858429
15-Feb-2025 08:17:03.459,0.136391,15-Feb-2025 08:17:03.459,0.088534,15-Feb-2025 08:17:03.459,9.868599
15-Feb-2025 08:17:03.479,0.141177,15-Feb-2025 08:17:03.479,0.083749,15-Feb-2025 08:17:03.479,9.858429
15-Feb-2025 08:17:03.499,0.145962,15-Feb-2025 08:17:03.499,0.09332,15-Feb-2025 08:17:03.499,9.87817
15-Feb-2025 08:17:03.519,0.12682,15-Feb-2025 08:17:03.519,0.088534,15-Feb-2025 08:17:03.519,9.87817
15-Feb-2025 08:17:03.539,0.136391,15-Feb-2025 08:17:03.539,0.083749,15-Feb-2025 08:17:03.539,9.848858
15-Feb-2025 08:17:03.559,0.141177,15-Feb-2025 08:17:03.559,0.078963,15-Feb-2025 08:17:03.559,9.848858
15-Feb-2025 08:17:03.579,0.141177,15-Feb-2025 08:17:03.579,0.09332,15-Feb-2025 08:17:03.579,9.858429
15-Feb-2025 08:17:03.599,0.145962,15-Feb-2025 08:17:03.599,0.088534,15-Feb-2025 08:17:03.599,9.863214
15-Feb-2025 08:17:03.619,0.141177,15-Feb-2025 08:17:03.619,0.083749,15-Feb-2025 08:17:03.619,9.848858
15-Feb-2025 08:17:03.639,0.131605,15-Feb-2025 08:17:03.639,0.088534,15-Feb-2025 08:17:03.639,9.858429
15-Feb-2025 08:17:03.659,0.141177,15-Feb-2025 08:17:03.659,0.107677,15-Feb-2025 08:17:03.659,9.858429
15-Feb-2025 08:17:03.678,0.12682,15-Feb-2025 08:17:03.678,0.09332,15-Feb-2025 08:17:03.678,9.863214
15-Feb-2025 08:17:03.698,0.12682,15-Feb-2025 08:17:03.698,0.083749,15-Feb-2025 08:17:03.698,9.873384
15-Feb-2025 08:17:03.718,0.136391,15-Feb-2025 08:17:03.718,0.078963,15-Feb-2025 08:17:03.718,9.873384
15-Feb-2025 08:17:03.738,0.136391,15-Feb-2025 08:17:03.738,0.088534,15-Feb-2025 08:17:03.738,9.868599
15-Feb-2025 08:17:03.758,0.131605,15-Feb-2025 08:17:03.758,0.078963,15-Feb-2025 08:17:03.758,9.868599
15-Feb-2025 08:17:03.778,0.136391,15-Feb-2025 08:17:03.778,0.083749,15-Feb-2025 08:17:03.778,9.863214
15-Feb-2025 08:17:03.798,0.141177,15-Feb-2025 08:17:03.798,0.083749,15-Feb-2025 08:17:03.798,9.863214
15-Feb-2025 08:17:03.818,0.136391,15-Feb-2025 08:17:03.818,0.088534,15-Feb-2025 08:17:03.818,9.858429
15-Feb-2025 08:17:03.838,0.141177,15-Feb-2025 08:17:03.838,0.083749,15-Feb-2025 08:17:03.838,9.863214
15-Feb-2025 08:17:03.858,0.136391,15-Feb-2025 08:17:03.858,0.083749,15-Feb-2025 08:17:03.858,9.863214
15-Feb-2025 08:17:03.878,0.122034,15-Feb-2025 08:17:03.878,0.098106,15-Feb-2025 08:17:03.878,9.858429
15-Feb-2025 08:17:03.898,0.136391,15-Feb-2025 08:17:03.898,0.09332,15-Feb-2025 08:17:03.898,9.848858
15-Feb-2025 08:17:03.918,0.136391,15-Feb-2025 08:17:03.918,0.083749,15-Feb-2025 08:17:03.918,9.853643
15-Feb-2025 08:17:03.939,0.131605,15-Feb-2025 08:17:03.939,0.083749,15-Feb-2025 08:17:03.939,9.868599
15-Feb-2025 08:17:03.958,0.150748,15-Feb-2025 08:17:03.958,0.09332,15-Feb-2025 08:17:03.958,9.868599
15-Feb-2025 08:17:03.978,0.145962,15-Feb-2025 08:17:03.978,0.09332,15-Feb-2025 08:17:03.978,9.858429
15-Feb-2025 08:17:03.998,0.136391,15-Feb-2025 08:17:03.998,0.09332,15-Feb-2025 08:17:03.998,9.863214
15-Feb-2025 08:17:04.018,0.136391,15-Feb-2025 08:17:04.018,0.098106,15-Feb-2025 08:17:04.018,9.863214
15-Feb-2025 08:17:04.038,0.141177,15-Feb-2025 08:17:04.038,0.09332,15-Feb-2025 08:17:04.038,9.863214
15-Feb-2025 08:17:04.058,0.145962,15-Feb-2025 08:17:04.058,0.088534,15-Feb-2025 08:17:04.058,9.863214
15-Feb-2025 08:17:04.078,0.136391,15-Feb-2025 08:17:04.078,0.09332,15-Feb-2025 08:17:04.078,9.863214
15-Feb-2025 08:17:04.098,0.12682,15-Feb-2025 08:17:04.098,0.078963,15-Feb-2025 08:17:04.098,9.853643
15-Feb-2025 08:17:04.118,0.141177,15-Feb-2025 08:17:04.118,0.083749,15-Feb-2025 08:17:04.118,9.873384
15-Feb-2025 08:17:04.138,0.141177,15-Feb-2025 08:17:04.138,0.088534,15-Feb-2025 08:17:04.138,9.868599
15-Feb-2025 08:17:04.158,0.136391,15-Feb-2025 08:17:04.158,0.098106,15-Feb-2025 08:17:04.158,9.868599
15-Feb-2025 08:17:04.178,0.131605,15-Feb-2025 08:17:04.178,0.088534,15-Feb-2025 08:17:04.178,9.858429
15-Feb-2025 08:17:04.198,0.12682,15-Feb-2025 08:17:04.198,0.098106,15-Feb-2025 08:17:04.198,9.853643
15-Feb-2025 08:17:04.218,0.150748,15-Feb-2025 08:17:04.218,0.098106,15-Feb-2025 08:17:04.218,9.848858
15-Feb-2025 08:17:04.238,0.141177,15-Feb-2025 08:17:04.238,0.083749,15-Feb-2025 08:17:04.238,9.848858
15-Feb-2025 08:17:04.258,0.136391,15-Feb-2025 08:17:04.258,0.083749,15-Feb-2025 08:17:04.258,9.853643
15-Feb-2025 08:17:04.278,0.136391,15-Feb-2025 08:17:04.278,0.09332,15-Feb-2025 08:17:04.278,9.863214
15-Feb-2025 08:17:04.298,0.136391,15-Feb-2025 08:17:04.298,0.083749,15-Feb-2025 08:17:04.298,9.858429
15-Feb-2025 08:17:04.318,0.131605,15-Feb-2025 08:17:04.318,0.088534,15-Feb-2025 08:17:04.318,9.863214
15-Feb-2025 08:17:04.338,0.136391,15-Feb-2025 08:17:04.338,0.098106,15-Feb-2025 08:17:04.338,9.853643
15-Feb-2025 08:17:04.358,0.136391,15-Feb-2025 08:17:04.358,0.098106,15-Feb-2025 08:17:04.358,9.858429
15-Feb-2025 08:17:04.378,0.136391,15-Feb-2025 08:17:04.378,0.098106,15-Feb-2025 08:17:04.378,9.868599
15-Feb-2025 08:17:04.398,0.136391,15-Feb-2025 08:17:04.398,0.088534,15-Feb-2025 08:17:04.398,9.863214
15-Feb-2025 08:17:04.418,0.141177,15-Feb-2025 08:17:04.418,0.088534,15-Feb-2025 08:17:04.418,9.863214
15-Feb-2025 08:17:04.438,0.131605,15-Feb-2025 08:17:04.438,0.09332,15-Feb-2025 08:17:04.438,9.873384
15-Feb-2025 08:17:04.458,0.122034,15-Feb-2025 08:17:04.458,0.098106,15-Feb-2025 08:17:04.458,9.858429
15-Feb-2025 08:17:04.478,0.131605,15-Feb-2025 08:17:04.478,0.102891,15-Feb-2025 08:17:04.478,9.868599
15-Feb-2025 08:17:04.498,0.12682,15-Feb-2025 08:17:04.498,0.09332,15-Feb-2025 08:17:04.498,9.863214
15-Feb-2025 08:17:04.518,0.12682,15-Feb-2025 08:17:04.518,0.069392,15-Feb-2025 08:17:04.518,9.858429
15-Feb-2025 08:17:04.538,0.122034,15-Feb-2025 08:17:04.538,0.088534,15-Feb-2025 08:17:04.538,9.858429
15-Feb-2025 08:17:04.558,0.136391,15-Feb-2025 08:17:04.558,0.098106,15-Feb-2025 08:17:04.558,9.853643
15-Feb-2025 08:17:04.578,0.136391,15-Feb-2025 08:17:04.578,0.083749,15-Feb-2025 08:17:04.578,9.858429
15-Feb-2025 08:17:04.598,0.12682,15-Feb-2025 08:17:04.598,0.078963,15-Feb-2025 08:17:04.598,9.863214
15-Feb-2025 08:17:04.618,0.12682,15-Feb-2025 08:17:04.618,0.088534,15-Feb-2025 08:17:04.618,9.863214
15-Feb-2025 08:17:04.638,0.12682,15-Feb-2025 08:17:04.638,0.088534,15-Feb-2025 08:17:04.638,9.853643
15-Feb-2025 08:17:04.657,0.131605,15-Feb-2025 08:17:04.657,0.088534,15-Feb-2025 08:17:04.657,9.858429
15-Feb-2025 08:17:04.677,0.131605,15-Feb-2025 08:17:04.677,0.088534,15-Feb-2025 08:17:04.677,9.863214
15-Feb-2025 08:17:04.697,0.136391,15-Feb-2025 08:17:04.697,0.098106,15-Feb-2025 08:17:04.697,9.848858
15-Feb-2025 08:17:04.717,0.12682,15-Feb-2025 08:17:04.717,0.088534,15-Feb-2025 08:17:04.717,9.858429
15-Feb-2025 08:17:04.737,0.136391,15-Feb-2025 08:17:04.737,0.09332,15-Feb-2025 08:17:04.737,9.863214
15-Feb-2025 08:17:04.757,0.141177,15-Feb-2025 08:17:04.757,0.088534,15-Feb-2025 08:17:04.757,9.868599
15-Feb-2025 08:17:04.777,0.150748,15-Feb-2025 08:17:04.777,0.083749,15-Feb-2025 08:17:04.777,9.863214
15-Feb-2025 08:17:04.797,0.117248,15-Feb-2025 08:17:04.797,0.09332,15-Feb-2025 08:17:04.797,9.858429
15-Feb-2025 08:17:04.818,0.136391,15-Feb-2025 08:17:04.818,0.098106,15-Feb-2025 08:17:04.818,9.863214
15-Feb-2025 08:17:04.837,0.136391,15-Feb-2025 08:17:04.837,0.083749,15-Feb-2025 08:17:04.837,9.863214
15-Feb-2025 08:17:04.857,0.141177,15-Feb-2025 08:17:04.857,0.083749,15-Feb-2025 08:17:04.857,9.868599
15-Feb-2025 08:17:04.877,0.136391,15-Feb-2025 08:17:04.877,0.088534,15-Feb-2025 08:17:04.877,9.868599
15-Feb-2025 08:17:04.897,0.145962,15-Feb-2025 08:17:04.897,0.088534,15-Feb-2025 08:17:04.897,9.858429
15-Feb-2025 08:17:04.917,0.141177,15-Feb-2025 08:17:04.917,0.083749,15-Feb-2025 08:17:04.917,9.858429
15-Feb-2025 08:17:04.937,0.131605,15-Feb-2025 08:17:04.937,0.083749,15-Feb-2025 08:17:04.937,9.848858
15-Feb-2025 08:17:04.957,0.136391,15-Feb-2025 08:17:04.957,0.083749,15-Feb-2025 08:17:04.957,9.868599
15-Feb-2025 08:17:04.977,0.122034,15-Feb-2025 08:17:04.977,0.083749,15-Feb-2025 08:17:04.977,9.853643
15-Feb-2025 08:17:04.997,0.131605,15-Feb-2025 08:17:04.997,0.09332,15-Feb-2025 08:17:04.997,9.848858
15-Feb-2025 08:17:05.017,0.122034,15-Feb-2025 08:17:05.017,0.083749,15-Feb-2025 08:17:05.017,9.863214
15-Feb-2025 08:17:05.037,0.131605,15-Feb-2025 08:17:05.037,0.078963,15-Feb-2025 08:17:05.037,9.873384
15-Feb-2025 08:17:05.057,0.136391,15-Feb-2025 08:17:05.057,0.098106,15-Feb-2025 08:17:05.057,9.848858
15-Feb-2025 08:17:05.077,0.117248,15-Feb-2025 08:17:05.077,0.083749,15-Feb-2025 08:17:05.077,9.863214
15-Feb-2025 08:17:05.097,0.131605,15-Feb-2025 08:17:05.097,0.098106,15-Feb-2025 08:17:05.097,9.858429
15-Feb-2025 08:17:05.117,0.141177,15-Feb-2025 08:17:05.117,0.098106,15-Feb-2025 08:17:05.117,9.858429
15-Feb-2025 08:17:05.137,0.136391,15-Feb-2025 08:17:05.137,0.083749,15-Feb-2025 08:17:05.137,9.858429
15-Feb-2025 08:17:05.157,0.131605,15-Feb-2025 08:17:05.157,0.083749,15-Feb-2025 08:17:05.157,9.858429
15-Feb-2025 08:17:05.177,0.136391,15-Feb-2025 08:17:05.177,0.09332,15-Feb-2025 08:17:05.177,9.858429
15-Feb-2025 08:17:05.197,0.131605,15-Feb-2025 08:17:05.197,0.102891,15-Feb-2025 08:17:05.197,9.853643
15-Feb-2025 08:17:05.217,0.141177,15-Feb-2025 08:17:05.217,0.09332,15-Feb-2025 08:17:05.217,9.858429
15-Feb-2025 08:17:05.237,0.150748,15-Feb-2025 08:17:05.237,0.083749,15-Feb-2025 08:17:05.237,9.858429
15-Feb-2025 08:17:05.257,0.131605,15-Feb-2025 08:17:05.257,0.078963,15-Feb-2025 08:17:05.257,9.868599
15-Feb-2025 08:17:05.277,0.131605,15-Feb-2025 08:17:05.277,0.083749,15-Feb-2025 08:17:05.277,9.868599
15-Feb-2025 08:17:05.297,0.131605,15-Feb-2025 08:17:05.297,0.083749,15-Feb-2025 08:17:05.297,9.863214
15-Feb-2025 08:17:05.317,0.122034,15-Feb-2025 08:17:05.317,0.083749,15-Feb-2025 08:17:05.317,9.873384
15-Feb-2025 08:17:05.337,0.145962,15-Feb-2025 08:17:05.337,0.083749,15-Feb-2025 08:17:05.337,9.868599
15-Feb-2025 08:17:05.357,0.12682,15-Feb-2025 08:17:05.357,0.09332,15-Feb-2025 08:17:05.357,9.863214
15-Feb-2025 08:17:05.377,0.122034,15-Feb-2025 08:17:05.377,0.09332,15-Feb-2025 08:17:05.377,9.858429
15-Feb-2025 08:17:05.397,0.150748,15-Feb-2025 08:17:05.397,0.088534,15-Feb-2025 08:17:05.397,9.863214
15-Feb-2025 08:17:05.417,0.136391,15-Feb-2025 08:17:05.417,0.078963,15-Feb-2025 08:17:05.417,9.858429
15-Feb-2025 08:17:05.437,0.131605,15-Feb-2025 08:17:05.437,0.088534,15-Feb-2025 08:17:05.437,9.858429
15-Feb-2025 08:17:05.457,0.136391,15-Feb-2025 08:17:05.457,0.09332,15-Feb-2025 08:17:05.457,9.863214
15-Feb-2025 08:17:05.477,0.136391,15-Feb-2025 08:17:05.477,0.083749,15-Feb-2025 08:17:05.477,9.863214
15-Feb-2025 08:17:05.497,0.136391,15-Feb-2025 08:17:05.497,0.102891,15-Feb-2025 08:17:05.497,9.858429
15-Feb-2025 08:17:05.517,0.122034,15-Feb-2025 08:17:05.517,0.09332,15-Feb-2025 08:17:05.517,9.858429
15-Feb-2025 08:17:05.537,0.141177,15-Feb-2025 08:17:05.537,0.088534,15-Feb-2025 08:17:05.537,9.868599
15-Feb-2025 08:17:05.557,0.141177,15-Feb-2025 08:17:05.557,0.088534,15-Feb-2025 08:17:05.557,9.863214
15-Feb-2025 08:17:05.577,0.136391,15-Feb-2025 08:17:05.577,0.098106,15-Feb-2025 08:17:05.577,9.858429
15-Feb-2025 08:17:05.597,0.155533,15-Feb-2025 08:17:05.597,0.09332,15-Feb-2025 08:17:05.597,9.863214
15-Feb-2025 08:17:05.616,0.136391,15-Feb-2025 08:17:05.616,0.088534,15-Feb-2025 08:17:05.616,9.863214
15-Feb-2025 08:17:05.636,0.12682,15-Feb-2025 08:17:05.636,0.078963,15-Feb-2025 08:17:05.636,9.868599
15-Feb-2025 08:17:05.656,0.131605,15-Feb-2025 08:17:05.656,0.078963,15-Feb-2025 08:17:05.656,9.873384
15-Feb-2025 08:17:05.676,0.12682,15-Feb-2025 08:17:05.676,0.088534,15-Feb-2025 08:17:05.676,9.873384
15-Feb-2025 08:17:05.696,0.12682,15-Feb-2025 08:17:05.696,0.083749,15-Feb-2025 08:17:05.696,9.868599
15-Feb-2025 08:17:05.716,0.141177,15-Feb-2025 08:17:05.716,0.09332,15-Feb-2025 08:17:05.716,9.863214
15-Feb-2025 08:17:05.736,0.141177,15-Feb-2025 08:17:05.736,0.098106,15-Feb-2025 08:17:05.736,9.863214
15-Feb-2025 08:17:05.756,0.131605,15-Feb-2025 08:17:05.756,0.09332,15-Feb-2025 08:17:05.756,9.863214
15-Feb-2025 08:17:05.776,0.141177,15-Feb-2025 08:17:05.776,0.09332,15-Feb-2025 08:17:05.776,9.863214
15-Feb-2025 08:17:05.796,0.155533,15-Feb-2025 08:17:05.796,0.078963,15-Feb-2025 08:17:05.796,9.858429
15-Feb-2025 08:17:05.816,0.122034,15-Feb-2025 08:17:05.816,0.088534,15-Feb-2025 08:17:05.816,9.853643
15-Feb-2025 08:17:05.836,0.136391,15-Feb-2025 08:17:05.836,0.09332,15-Feb-2025 08:17:05.836,9.858429
15-Feb-2025 08:17:05.856,0.141177,15-Feb-2025 08:17:05.856,0.107677,15-Feb-2025 08:17:05.856,9.863214
15-Feb-2025 08:17:05.876,0.150748,15-Feb-2025 08:17:05.876,0.09332,15-Feb-2025 08:17:05.876,9.863214
15-Feb-2025 08:17:05.896,0.150748,15-Feb-2025 08:17:05.896,0.078963,15-Feb-2025 08:17:05.896,9.868599
15-Feb-2025 08:17:05.916,0.122034,15-Feb-2025 08:17:05.916,0.09332,15-Feb-2025 08:17:05.916,9.863214
15-Feb-2025 08:17:05.936,0.12682,15-Feb-2025 08:17:05.936,0.098106,15-Feb-2025 08:17:05.936,9.868599
15-Feb-2025 08:17:05.956,0.136391,15-Feb-2025 08:17:05.956,0.09332,15-Feb-2025 08:17:05.956,9.868599
15-Feb-2025 08:17:05.976,0.131605,15-Feb-2025 08:17:05.976,0.09332,15-Feb-2025 08:17:05.976,9.848858
15-Feb-2025 08:17:05.996,0.136391,15-Feb-2025 08:17:05.996,0.098106,15-Feb-2025 08:17:05.996,9.858429
15-Feb-2025 08:17:06.016,0.136391,15-Feb-2025 08:17:06.016,0.088534,15-Feb-2025 08:17:06.016,9.863214
15-Feb-2025 08:17:06.036,0.141177,15-Feb-2025 08:17:06.036,0.083749,15-Feb-2025 08:17:06.036,9.863214
15-Feb-2025 08:17:06.056,0.150748,15-Feb-2025 08:17:06.056,0.088534,15-Feb-2025 08:17:06.056,9.868599
15-Feb-2025 08:17:06.076,0.117248,15-Feb-2025 08:17:06.076,0.09332,15-Feb-2025 08:17:06.076,9.853643
15-Feb-2025 08:17:06.096,0.122034,15-Feb-2025 08:17:06.096,0.09332,15-Feb-2025 08:17:06.096,9.863214
15-Feb-2025 08:17:06.116,0.131605,15-Feb-2025 08:17:06.116,0.088534,15-Feb-2025 08:17:06.116,9.853643
15-Feb-2025 08:17:06.136,0.141177,15-Feb-2025 08:17:06.136,0.09332,15-Feb-2025 08:17:06.136,9.863214
15-Feb-2025 08:17:06.156,0.145962,15-Feb-2025 08:17:06.156,0.098106,15-Feb-2025 08:17:06.156,9.863214
15-Feb-2025 08:17:06.176,0.12682,15-Feb-2025 08:17:06.176,0.09332,15-Feb-2025 08:17:06.176,9.853643
15-Feb-2025 08:17:06.196,0.145962,15-Feb-2025 08:17:06.196,0.083749,15-Feb-2025 08:17:06.196,9.868599
15-Feb-2025 08:17:06.216,0.145962,15-Feb-2025 08:17:06.216,0.088534,15-Feb-2025 08:17:06.216,9.873384
15-Feb-2025 08:17:06.236,0.12682,15-Feb-2025 08:17:06.236,0.078963,15-Feb-2025 08:17:06.236,9.858429
15-Feb-2025 08:17:06.256,0.12682,15-Feb-2025 08:17:06.256,0.074178,15-Feb-2025 08:17:06.256,9.858429
15-Feb-2025 08:17:06.276,0.122034,15-Feb-2025 08:17:06.276,0.083749,15-Feb-2025 08:17:06.276,9.868599
15-Feb-2025 08:17:06.296,0.117248,15-Feb-2025 08:17:06.296,0.074178,15-Feb-2025 08:17:06.296,9.858429
15-Feb-2025 08:17:06.316,0.12682,15-Feb-2025 08:17:06.316,0.078963,15-Feb-2025 08:17:06.316,9.858429
15-Feb-2025 08:17:06.336,0.12682,15-Feb-2025 08:17:06.336,0.098106,15-Feb-2025 08:17:06.336,9.853643
15-Feb-2025 08:17:06.356,0.145962,15-Feb-2025 08:17:06.356,0.098106,15-Feb-2025 08:17:06.356,9.863214
15-Feb-2025 08:17:06.376,0.155533,15-Feb-2025 08:17:06.376,0.088534,15-Feb-2025 08:17:06.376,9.863214
15-Feb-2025 08:17:06.396,0.136391,15-Feb-2025 08:17:06.396,0.088534,15-Feb-2025 08:17:06.396,9.848858
15-Feb-2025 08:17:06.416,0.131605,15-Feb-2025 08:17:06.416,0.098106,15-Feb-2025 08:17:06.416,9.863214
15-Feb-2025 08:17:06.436,0.141177,15-Feb-2025 08:17:06.436,0.098106,15-Feb-2025 08:17:06.436,9.853643
15-Feb-2025 08:17:06.456,0.150748,15-Feb-2025 08:17:06.456,0.09332,15-Feb-2025 08:17:06.456,9.863214
15-Feb-2025 08:17:06.476,0.141177,15-Feb-2025 08:17:06.476,0.088534,15-Feb-2025 08:17:06.476,9.853643
15-Feb-2025 08:17:06.496,0.141177,15-Feb-2025 08:17:06.496,0.083749,15-Feb-2025 08:17:06.496,9.863214
15-Feb-2025 08:17:06.516,0.145962,15-Feb-2025 08:17:06.516,0.078963,15-Feb-2025 08:17:06.516,9.868599
15-Feb-2025 08:17:06.536,0.12682,15-Feb-2025 08:17:06.536,0.088534,15-Feb-2025 08:17:06.536,9.868599
15-Feb-2025 08:17:06.556,0.131605,15-Feb-2025 08:17:06.556,0.09332,15-Feb-2025 08:17:06.556,9.868599
15-Feb-2025 08:17:06.576,0.131605,15-Feb-2025 08:17:06.576,0.09332,15-Feb-2025 08:17:06.576,9.858429
15-Feb-2025 08:17:06.596,0.12682,15-Feb-2025 08:17:06.596,0.098106,15-Feb-2025 08:17:06.596,9.853643
15-Feb-2025 08:17:06.616,0.136391,15-Feb-2025 08:17:06.616,0.088534,15-Feb-2025 08:17:06.616,9.863214
15-Feb-2025 08:17:06.635,0.145962,15-Feb-2025 08:17:06.635,0.083749,15-Feb-2025 08:17:06.635,9.868599
15-Feb-2025 08:17:06.655,0.136391,15-Feb-2025 08:17:06.655,0.09332,15-Feb-2025 08:17:06.655,9.858429
15-Feb-2025 08:17:06.675,0.141177,15-Feb-2025 08:17:06.675,0.09332,15-Feb-2025 08:17:06.675,9.873384
15-Feb-2025 08:17:06.695,0.136391,15-Feb-2025 08:17:06.695,0.083749,15-Feb-2025 08:17:06.695,9.863214
15-Feb-2025 08:17:06.715,0.141177,15-Feb-2025 08:17:06.715,0.098106,15-Feb-2025 08:17:06.715,9.868599
15-Feb-2025 08:17:06.735,0.141177,15-Feb-2025 08:17:06.735,0.09332,15-Feb-2025 08:17:06.735,9.858429
15-Feb-2025 08:17:06.755,0.117248,15-Feb-2025 08:17:06.755,0.083749,15-Feb-2025 08:17:06.755,9.858429
15-Feb-2025 08:17:06.775,0.131605,15-Feb-2025 08:17:06.775,0.083749,15-Feb-2025 08:17:06.775,9.863214
15-Feb-2025 08:17:06.795,0.131605,15-Feb-2025 08:17:06.795,0.088534,15-Feb-2025 08:17:06.795,9.868599
15-Feb-2025 08:17:06.815,0.131605,15-Feb-2025 08:17:06.815,0.102891,15-Feb-2025 08:17:06.815,9.868599
15-Feb-2025 08:17:06.835,0.141177,15-Feb-2025 08:17:06.835,0.088534,15-Feb-2025 08:17:06.835,9.853643
15-Feb-2025 08:17:06.854,0.141177,15-Feb-2025 08:17:06.854,0.078963,15-Feb-2025 08:17:06.854,9.863214
15-Feb-2025 08:17:06.875,0.131605,15-Feb-2025 08:17:06.875,0.09332,15-Feb-2025 08:17:06.875,9.868599
15-Feb-2025 08:17:06.895,0.131605,15-Feb-2025 08:17:06.895,0.078963,15-Feb-2025 08:17:06.895,9.863214
15-Feb-2025 08:17:06.915,0.145962,15-Feb-2025 08:17:06.915,0.083749,15-Feb-2025 08:17:06.915,9.858429
15-Feb-2025 08:17:06.935,0.136391,15-Feb-2025 08:17:06.935,0.083749,15-Feb-2025 08:17:06.935,9.858429
15-Feb-2025 08:17:06.955,0.136391,15-Feb-2025 08:17:06.955,0.083749,15-Feb-2025 08:17:06.955,9.868599
15-Feb-2025 08:17:06.975,0.141177,15-Feb-2025 08:17:06.975,0.088534,15-Feb-2025 08:17:06.975,9.863214
15-Feb-2025 08:17:06.995,0.136391,15-Feb-2025 08:17:06.995,0.088534,15-Feb-2025 08:17:06.995,9.868599
15-Feb-2025 08:17:07.015,0.131605,15-Feb-2025 08:17:07.015,0.09332,15-Feb-2025 08:17:07.015,9.873384
15-Feb-2025 08:17:07.035,0.136391,15-Feb-2025 08:17:07.035,0.09332,15-Feb-2025 08:17:07.035,9.873384
15-Feb-2025 08:17:07.055,0.141177,15-Feb-2025 08:17:07.055,0.09332,15-Feb-2025 08:17:07.055,9.853643
15-Feb-2025 08:17:07.075,0.12682,15-Feb-2025 08:17:07.075,0.098106,15-Feb-2025 08:17:07.075,9.858429
15-Feb-2025 08:17:07.095,0.136391,15-Feb-2025 08:17:07.095,0.09332,15-Feb-2025 08:17:07.095,9.858429
15-Feb-2025 08:17:07.115,0.136391,15-Feb-2025 08:17:07.115,0.088534,15-Feb-2025 08:17:07.115,9.858429
15-Feb-2025 08:17:07.135,0.141177,15-Feb-2025 08:17:07.135,0.083749,15-Feb-2025 08:17:07.135,9.858429
15-Feb-2025 08:17:07.155,0.12682,15-Feb-2025 08:17:07.155,0.074178,15-Feb-2025 08:17:07.155,9.863214
15-Feb-2025 08:17:07.175,0.131605,15-Feb-2025 08:17:07.175,0.078963,15-Feb-2025 08:17:07.175,9.868599
15-Feb-2025 08:17:07.195,0.131605,15-Feb-2025 08:17:07.195,0.09332,15-Feb-2025 08:17:07.195,9.868599
15-Feb-2025 08:17:07.215,0.141177,15-Feb-2025 08:17:07.215,0.098106,15-Feb-2025 08:17:07.215,9.863214
15-Feb-2025 08:17:07.235,0.145962,15-Feb-2025 08:17:07.235,0.098106,15-Feb-2025 08:17:07.235,9.853643
15-Feb-2025 08:17:07.255,0.145962,15-Feb-2025 08:17:07.255,0.102891,15-Feb-2025 08:17:07.255,9.858429
15-Feb-2025 08:17:07.275,0.131605,15-Feb-2025 08:17:07.275,0.102891,15-Feb-2025 08:17:07.275,9.868599
15-Feb-2025 08:17:07.295,0.122034,15-Feb-2025 08:17:07.295,0.09332,15-Feb-2025 08:17:07.295,9.858429
15-Feb-2025 08:17:07.315,0.12682,15-Feb-2025 08:17:07.315,0.074178,15-Feb-2025 08:17:07.315,9.868599
15-Feb-2025 08:17:07.335,0.136391,15-Feb-2025 08:17:07.335,0.088534,15-Feb-2025 08:17:07.335,9.858429
15-Feb-2025 08:17:07.355,0.131605,15-Feb-2025 08:17:07.355,0.09332,15-Feb-2025 08:17:07.355,9.858429
15-Feb-2025 08:17:07.375,0.145962,15-Feb-2025 08:17:07.375,0.088534,15-Feb-2025 08:17:07.375,9.868599
15-Feb-2025 08:17:07.395,0.12682,15-Feb-2025 08:17:07.395,0.09332,15-Feb-2025 08:17:07.395,9.868599
15-Feb-2025 08:17:07.415,0.131605,15-Feb-2025 08:17:07.415,0.098106,15-Feb-2025 08:17:07.415,9.863214
15-Feb-2025 08:17:07.435,0.131605,15-Feb-2025 08:17:07.435,0.102891,15-Feb-2025 08:17:07.435,9.853643
15-Feb-2025 08:17:07.455,0.141177,15-Feb-2025 08:17:07.455,0.088534,15-Feb-2025 08:17:07.455,9.858429
15-Feb-2025 08:17:07.475,0.141177,15-Feb-2025 08:17:07.475,0.083749,15-Feb-2025 08:17:07.475,9.863214
15-Feb-2025 08:17:07.495,0.141177,15-Feb-2025 08:17:07.495,0.088534,15-Feb-2025 08:17:07.495,9.858429
15-Feb-2025 08:17:07.515,0.141177,15-Feb-2025 08:17:07.515,0.09332,15-Feb-2025 08:17:07.515,9.848858
15-Feb-2025 08:17:07.535,0.131605,15-Feb-2025 08:17:07.535,0.083749,15-Feb-2025 08:17:07.535,9.863214
15-Feb-2025 08:17:07.555,0.12682,15-Feb-2025 08:17:07.555,0.088534,15-Feb-2025 08:17:07.555,9.853643
15-Feb-2025 08:17:07.574,0.136391,15-Feb-2025 08:17:07.574,0.088534,15-Feb-2025 08:17:07.574,9.858429
15-Feb-2025 08:17:07.594,0.131605,15-Feb-2025 08:17:07.594,0.088534,15-Feb-2025 08:17:07.594,9.858429
15-Feb-2025 08:17:07.614,0.131605,15-Feb-2025 08:17:07.614,0.088534,15-Feb-2025 08:17:07.614,9.868599
15-Feb-2025 08:17:07.634,0.131605,15-Feb-2025 08:17:07.634,0.098106,15-Feb-2025 08:17:07.634,9.863214
15-Feb-2025 08:17:07.654,0.131605,15-Feb-2025 08:17:07.654,0.09332,15-Feb-2025 08:17:07.654,9.873384
15-Feb-2025 08:17:07.674,0.136391,15-Feb-2025 08:17:07.674,0.09332,15-Feb-2025 08:17:07.674,9.853643
15-Feb-2025 08:17:07.694,0.12682,15-Feb-2025 08:17:07.694,0.09332,15-Feb-2025 08:17:07.694,9.858429
15-Feb-2025 08:17:07.714,0.145962,15-Feb-2025 08:17:07.714,0.083749,15-Feb-2025 08:17:07.714,9.858429
15-Feb-2025 08:17:07.734,0.141177,15-Feb-2025 08:17:07.734,0.102891,15-Feb-2025 08:17:07.734,9.848858
15-Feb-2025 08:17:07.754,0.136391,15-Feb-2025 08:17:07.754,0.083749,15-Feb-2025 08:17:07.754,9.858429
15-Feb-2025 08:17:07.774,0.136391,15-Feb-2025 08:17:07.774,0.088534,15-Feb-2025 08:17:07.774,9.868599
15-Feb-2025 08:17:07.794,0.141177,15-Feb-2025 08:17:07.794,0.083749,15-Feb-2025 08:17:07.794,9.853643
15-Feb-2025 08:17:07.814,0.141177,15-Feb-2025 08:17:07.814,0.074178,15-Feb-2025 08:17:07.814,9.858429
15-Feb-2025 08:17:07.834,0.145962,15-Feb-2025 08:17:07.834,0.098106,15-Feb-2025 08:17:07.834,9.863214
15-Feb-2025 08:17:07.854,0.136391,15-Feb-2025 08:17:07.854,0.078963,15-Feb-2025 08:17:07.854,9.848858
15-Feb-2025 08:17:07.874,0.141177,15-Feb-2025 08:17:07.874,0.088534,15-Feb-2025 08:17:07.874,9.863214
15-Feb-2025 08:17:07.894,0.141177,15-Feb-2025 08:17:07.894,0.088534,15-Feb-2025 08:17:07.894,9.868599
15-Feb-2025 08:17:07.914,0.141177,15-Feb-2025 08:17:07.914,0.102891,15-Feb-2025 08:17:07.914,9.868599
15-Feb-2025 08:17:07.934,0.12682,15-Feb-2025 08:17:07.934,0.09332,15-Feb-2025 08:17:07.934,9.863214
15-Feb-2025 08:17:07.954,0.136391,15-Feb-2025 08:17:07.954,0.088534,15-Feb-2025 08:17:07.954,9.858429
15-Feb-2025 08:17:07.974,0.12682,15-Feb-2025 08:17:07.974,0.088534,15-Feb-2025 08:17:07.974,9.868599
15-Feb-2025 08:17:07.993,0.12682,15-Feb-2025 08:17:07.993,0.088534,15-Feb-2025 08:17:07.993,9.853643
15-Feb-2025 08:17:08.014,0.136391,15-Feb-2025 08:17:08.014,0.088534,15-Feb-2025 08:17:08.014,9.853643
15-Feb-2025 08:17:08.034,0.141177,15-Feb-2025 08:17:08.034,0.098106,15-Feb-2025 08:17:08.034,9.858429
15-Feb-2025 08:17:08.054,0.136391,15-Feb-2025 08:17:08.054,0.09332,15-Feb-2025 08:17:08.054,9.853643
15-Feb-2025 08:17:08.074,0.12682,15-Feb-2025 08:17:08.074,0.098106,15-Feb-2025 08:17:08.074,9.868599
15-Feb-2025 08:17:08.094,0.136391,15-Feb-2025 08:17:08.094,0.083749,15-Feb-2025 08:17:08.094,9.868599
15-Feb-2025 08:17:08.114,0.141177,15-Feb-2025 08:17:08.114,0.098106,15-Feb-2025 08:17:08.114,9.858429
15-Feb-2025 08:17:08.134,0.141177,15-Feb-2025 08:17:08.134,0.09332,15-Feb-2025 08:17:08.134,9.853643
15-Feb-2025 08:17:08.154,0.117248,15-Feb-2025 08:17:08.154,0.102891,15-Feb-2025 08:17:08.154,9.853643
15-Feb-2025 08:17:08.174,0.131605,15-Feb-2025 08:17:08.174,0.078963,15-Feb-2025 08:17:08.174,9.868599
15-Feb-2025 08:17:08.194,0.131605,15-Feb-2025 08:17:08.194,0.078963,15-Feb-2025 08:17:08.194,9.863214
15-Feb-2025 08:17:08.214,0.131605,15-Feb-2025 08:17:08.214,0.088534,15-Feb-2025 08:17:08.214,9.863214
15-Feb-2025 08:17:08.234,0.141177,15-Feb-2025 08:17:08.234,0.083749,15-Feb-2025 08:17:08.234,9.858429
15-Feb-2025 08:17:08.254,0.136391,15-Feb-2025 08:17:08.254,0.078963,15-Feb-2025 08:17:08.254,9.858429
15-Feb-2025 08:17:08.274,0.136391,15-Feb-2025 08:17:08.274,0.083749,15-Feb-2025 08:17:08.274,9.858429
15-Feb-2025 08:17:08.294,0.12682,15-Feb-2025 08:17:08.294,0.09332,15-Feb-2025 08:17:08.294,9.858429
15-Feb-2025 08:17:08.314,0.136391,15-Feb-2025 08:17:08.314,0.09332,15-Feb-2025 08:17:08.314,9.853643
15-Feb-2025 08:17:08.334,0.141177,15-Feb-2025 08:17:08.334,0.078963,15-Feb-2025 08:17:08.334,9.868599
15-Feb-2025 08:17:08.354,0.150748,15-Feb-2025 08:17:08.354,0.098106,15-Feb-2025 08:17:08.354,9.873384
15-Feb-2025 08:17:08.374,0.141177,15-Feb-2025 08:17:08.374,0.088534,15-Feb-2025 08:17:08.374,9.868599
15-Feb-2025 08:17:08.394,0.131605,15-Feb-2025 08:17:08.394,0.088534,15-Feb-2025 08:17:08.394,9.858429
15-Feb-2025 08:17:08.414,0.141177,15-Feb-2025 08:17:08.414,0.078963,15-Feb-2025 08:17:08.414,9.863214
15-Feb-2025 08:17:08.434,0.150748,15-Feb-2025 08:17:08.434,0.09332,15-Feb-2025 08:17:08.434,9.863214
15-Feb-2025 08:17:08.454,0.131605,15-Feb-2025 08:17:08.454,0.102891,15-Feb-2025 08:17:08.454,9.868599
15-Feb-2025 08:17:08.474,0.136391,15-Feb-2025 08:17:08.474,0.098106,15-Feb-2025 08:17:08.474,9.873384
15-Feb-2025 08:17:08.494,0.12682,15-Feb-2025 08:17:08.494,0.098106,15-Feb-2025 08:17:08.494,9.853643
15-Feb-2025 08:17:08.514,0.136391,15-Feb-2025 08:17:08.514,0.083749,15-Feb-2025 08:17:08.514,9.853643
15-Feb-2025 08:17:08.534,0.141177,15-Feb-2025 08:17:08.534,0.083749,15-Feb-2025 08:17:08.534,9.863214
15-Feb-2025 08:17:08.553,0.131605,15-Feb-2025 08:17:08.553,0.088534,15-Feb-2025 08:17:08.553,9.868599
15-Feb-2025 08:17:08.573,0.141177,15-Feb-2025 08:17:08.573,0.098106,15-Feb-2025 08:17:08.573,9.868599
15-Feb-2025 08:17:08.593,0.136391,15-Feb-2025 08:17:08.593,0.088534,15-Feb-2025 08:17:08.593,9.87817
15-Feb-2025 08:17:08.613,0.12682,15-Feb-2025 08:17:08.613,0.09332,15-Feb-2025 08:17:08.613,9.873384
15-Feb-2025 08:17:08.633,0.136391,15-Feb-2025 08:17:08.633,0.083749,15-Feb-2025 08:17:08.633,9.858429
15-Feb-2025 08:17:08.653,0.122034,15-Feb-2025 08:17:08.653,0.074178,15-Feb-2025 08:17:08.653,9.844072
15-Feb-2025 08:17:08.673,0.12682,15-Feb-2025 08:17:08.673,0.083749,15-Feb-2025 08:17:08.673,9.848858
15-Feb-2025 08:17:08.693,0.131605,15-Feb-2025 08:17:08.693,0.098106,15-Feb-2025 08:17:08.693,9.863214
15-Feb-2025 08:17:08.713,0.136391,15-Feb-2025 08:17:08.713,0.088534,15-Feb-2025 08:17:08.713,9.858429
15-Feb-2025 08:17:08.733,0.12682,15-Feb-2025 08:17:08.733,0.083749,15-Feb-2025 08:17:08.733,9.853643
15-Feb-2025 08:17:08.753,0.12682,15-Feb-2025 08:17:08.753,0.09332,15-Feb-2025 08:17:08.753,9.868599
15-Feb-2025 08:17:08.773,0.131605,15-Feb-2025 08:17:08.773,0.088534,15-Feb-2025 08:17:08.773,9.873384
15-Feb-2025 08:17:08.793,0.131605,15-Feb-2025 08:17:08.793,0.088534,15-Feb-2025 08:17:08.793,9.863214
15-Feb-2025 08:17:08.814,0.12682,15-Feb-2025 08:17:08.814,0.107677,15-Feb-2025 08:17:08.814,9.858429
15-Feb-2025 08:17:08.833,0.136391,15-Feb-2025 08:17:08.833,0.09332,15-Feb-2025 08:17:08.833,9.858429
15-Feb-2025 08:17:08.853,0.160319,15-Feb-2025 08:17:08.853,0.098106,15-Feb-2025 08:17:08.853,9.868599
15-Feb-2025 08:17:08.873,0.12682,15-Feb-2025 08:17:08.873,0.102891,15-Feb-2025 08:17:08.873,9.868599
15-Feb-2025 08:17:08.893,0.12682,15-Feb-2025 08:17:08.893,0.102891,15-Feb-2025 08:17:08.893,9.858429
15-Feb-2025 08:17:08.913,0.141177,15-Feb-2025 08:17:08.913,0.098106,15-Feb-2025 08:17:08.913,9.858429
15-Feb-2025 08:17:08.933,0.141177,15-Feb-2025 08:17:08.933,0.083749,15-Feb-2025 08:17:08.933,9.853643
15-Feb-2025 08:17:08.953,0.122034,15-Feb-2025 08:17:08.953,0.078963,15-Feb-2025 08:17:08.953,9.848858
15-Feb-2025 08:17:08.973,0.122034,15-Feb-2025 08:17:08.973,0.088534,15-Feb-2025 08:17:08.973,9.868599
15-Feb-2025 08:17:08.993,0.141177,15-Feb-2025 08:17:08.993,0.09332,15-Feb-2025 08:17:08.993,9.853643
15-Feb-2025 08:17:09.013,0.136391,15-Feb-2025 08:17:09.013,0.09332,15-Feb-2025 08:17:09.013,9.863214
15-Feb-2025 08:17:09.033,0.12682,15-Feb-2025 08:17:09.033,0.083749,15-Feb-2025 08:17:09.033,9.868599
15-Feb-2025 08:17:09.053,0.131605,15-Feb-2025 08:17:09.053,0.088534,15-Feb-2025 08:17:09.053,9.863214
15-Feb-2025 08:17:09.073,0.141177,15-Feb-2025 08:17:09.073,0.088534,15-Feb-2025 08:17:09.073,9.858429
15-Feb-2025 08:17:09.093,0.136391,15-Feb-2025 08:17:09.093,0.074178,15-Feb-2025 08:17:09.093,9.863214
15-Feb-2025 08:17:09.113,0.141177,15-Feb-2025 08:17:09.113,0.09332,15-Feb-2025 08:17:09.113,9.863214
15-Feb-2025 08:17:09.133,0.141177,15-Feb-2025 08:17:09.133,0.078963,15-Feb-2025 08:17:09.133,9.858429
15-Feb-2025 08:17:09.153,0.136391,15-Feb-2025 08:17:09.153,0.083749,15-Feb-2025 08:17:09.153,9.853643
15-Feb-2025 08:17:09.173,0.131605,15-Feb-2025 08:17:09.173,0.083749,15-Feb-2025 08:17:09.173,9.868599
15-Feb-2025 08:17:09.193,0.12682,15-Feb-2025 08:17:09.193,0.083749,15-Feb-2025 08:17:09.193,9.87817
15-Feb-2025 08:17:09.213,0.136391,15-Feb-2025 08:17:09.213,0.088534,15-Feb-2025 08:17:09.213,9.858429
15-Feb-2025 08:17:09.233,0.131605,15-Feb-2025 08:17:09.233,0.09332,15-Feb-2025 08:17:09.233,9.858429
15-Feb-2025 08:17:09.253,0.122034,15-Feb-2025 08:17:09.253,0.09332,15-Feb-2025 08:17:09.253,9.863214
15-Feb-2025 08:17:09.273,0.141177,15-Feb-2025 08:17:09.273,0.09332,15-Feb-2025 08:17:09.273,9.858429
15-Feb-2025 08:17:09.293,0.136391,15-Feb-2025 08:17:09.293,0.09332,15-Feb-2025 08:17:09.293,9.858429
15-Feb-2025 08:17:09.313,0.131605,15-Feb-2025 08:17:09.313,0.088534,15-Feb-2025 08:17:09.313,9.853643
15-Feb-2025 08:17:09.333,0.122034,15-Feb-2025 08:17:09.333,0.083749,15-Feb-2025 08:17:09.333,9.868599
15-Feb-2025 08:17:09.353,0.12682,15-Feb-2025 08:17:09.353,0.09332,15-Feb-2025 08:17:09.353,9.863214
15-Feb-2025 08:17:09.373,0.12682,15-Feb-2025 08:17:09.373,0.09332,15-Feb-2025 08:17:09.373,9.863214
15-Feb-2025 08:17:09.393,0.12682,15-Feb-2025 08:17:09.393,0.09332,15-Feb-2025 08:17:09.393,9.858429
15-Feb-2025 08:17:09.413,0.12682,15-Feb-2025 08:17:09.413,0.102891,15-Feb-2025 08:17:09.413,9.863214
15-Feb-2025 08:17:09.433,0.145962,15-Feb-2025 08:17:09.433,0.088534,15-Feb-2025 08:17:09.433,9.853643
15-Feb-2025 08:17:09.453,0.150748,15-Feb-2025 08:17:09.453,0.078963,15-Feb-2025 08:17:09.453,9.863214
15-Feb-2025 08:17:09.473,0.155533,15-Feb-2025 08:17:09.473,0.088534,15-Feb-2025 08:17:09.473,9.863214
15-Feb-2025 08:17:09.493,0.136391,15-Feb-2025 08:17:09.493,0.107677,15-Feb-2025 08:17:09.493,9.858429
15-Feb-2025 08:17:09.512,0.136391,15-Feb-2025 08:17:09.512,0.09332,15-Feb-2025 08:17:09.512,9.858429
15-Feb-2025 08:17:09.532,0.131605,15-Feb-2025 08:17:09.532,0.088534,15-Feb-2025 08:17:09.532,9.853643
15-Feb-2025 08:17:09.552,0.131605,15-Feb-2025 08:17:09.552,0.083749,15-Feb-2025 08:17:09.552,9.858429
15-Feb-2025 08:17:09.572,0.141177,15-Feb-2025 08:17:09.572,0.078963,15-Feb-2025 08:17:09.572,9.858429
15-Feb-2025 08:17:09.592,0.136391,15-Feb-2025 08:17:09.592,0.074178,15-Feb-2025 08:17:09.592,9.868599
15-Feb-2025 08:17:09.612,0.136391,15-Feb-2025 08:17:09.612,0.09332,15-Feb-2025 08:17:09.612,9.853643
15-Feb-2025 08:17:09.632,0.136391,15-Feb-2025 08:17:09.632,0.088534,15-Feb-2025 08:17:09.632,9.858429
15-Feb-2025 08:17:09.652,0.141177,15-Feb-2025 08:17:09.652,0.09332,15-Feb-2025 08:17:09.652,9.868599
15-Feb-2025 08:17:09.672,0.141177,15-Feb-2025 08:17:09.672,0.088534,15-Feb-2025 08:17:09.672,9.868599
15-Feb-2025 08:17:09.692,0.136391,15-Feb-2025 08:17:09.692,0.078963,15-Feb-2025 08:17:09.692,9.868599
15-Feb-2025 08:17:09.712,0.141177,15-Feb-2025 08:17:09.712,0.09332,15-Feb-2025 08:17:09.712,9.863214
15-Feb-2025 08:17:09.732,0.131605,15-Feb-2025 08:17:09.732,0.088534,15-Feb-2025 08:17:09.732,9.863214
15-Feb-2025 08:17:09.752,0.141177,15-Feb-2025 08:17:09.752,0.09332,15-Feb-2025 08:17:09.752,9.858429
15-Feb-2025 08:17:09.772,0.141177,15-Feb-2025 08:17:09.772,0.09332,15-Feb-2025 08:17:09.772,9.853643
15-Feb-2025 08:17:09.792,0.117248,15-Feb-2025 08:17:09.792,0.09332,15-Feb-2025 08:17:09.792,9.858429
15-Feb-2025 08:17:09.812,0.122034,15-Feb-2025 08:17:09.812,0.09332,15-Feb-2025 08:17:09.812,9.853643
15-Feb-2025 08:17:09.832,0.131605,15-Feb-2025 08:17:09.832,0.088534,15-Feb-2025 08:17:09.832,9.858429
15-Feb-2025 08:17:09.852,0.131605,15-Feb-2025 08:17:09.852,0.078963,15-Feb-2025 08:17:09.852,9.873384
15-Feb-2025 08:17:09.872,0.131605,15-Feb-2025 08:17:09.872,0.083749,15-Feb-2025 08:17:09.872,9.868599
15-Feb-2025 08:17:09.892,0.141177,15-Feb-2025 08:17:09.892,0.09332,15-Feb-2025 08:17:09.892,9.868599
15-Feb-2025 08:17:09.912,0.141177,15-Feb-2025 08:17:09.912,0.098106,15-Feb-2025 08:17:09.912,9.87817
15-Feb-2025 08:17:09.932,0.136391,15-Feb-2025 08:17:09.932,0.09332,15-Feb-2025 08:17:09.932,9.858429
15-Feb-2025 08:17:09.952,0.141177,15-Feb-2025 08:17:09.952,0.088534,15-Feb-2025 08:17:09.952,9.863214
15-Feb-2025 08:17:09.972,0.122034,15-Feb-2025 08:17:09.972,0.078963,15-Feb-2025 08:17:09.972,9.863214
15-Feb-2025 08:17:09.992,0.136391,15-Feb-2025 08:17:09.992,0.09332,15-Feb-2025 08:17:09.992,9.868599
15-Feb-2025 08:17:10.012,0.12682,15-Feb-2025 08:17:10.012,0.102891,15-Feb-2025 08:17:10.012,9.868599
15-Feb-2025 08:17:10.032,0.131605,15-Feb-2025 08:17:10.032,0.088534,15-Feb-2025 08:17:10.032,9.858429
15-Feb-2025 08:17:10.052,0.136391,15-Feb-2025 08:17:10.052,0.09332,15-Feb-2025 08:17:10.052,9.853643
15-Feb-2025 08:17:10.072,0.150748,15-Feb-2025 08:17:10.072,0.09332,15-Feb-2025 08:17:10.072,9.873384
15-Feb-2025 08:17:10.092,0.155533,15-Feb-2025 08:17:10.092,0.09332,15-Feb-2025 08:17:10.092,9.868599
15-Feb-2025 08:17:10.112,0.136391,15-Feb-2025 08:17:10.112,0.088534,15-Feb-2025 08:17:10.112,9.868599
15-Feb-2025 08:17:10.132,0.112463,15-Feb-2025 08:17:10.132,0.083749,15-Feb-2025 08:17:10.132,9.853643
15-Feb-2025 08:17:10.152,0.122034,15-Feb-2025 08:17:10.152,0.09332,15-Feb-2025 08:17:10.152,9.848858
15-Feb-2025 08:17:10.172,0.136391,15-Feb-2025 08:17:10.172,0.09332,15-Feb-2025 08:17:10.172,9.863214
15-Feb-2025 08:17:10.192,0.141177,15-Feb-2025 08:17:10.192,0.09332,15-Feb-2025 08:17:10.192,9.858429
15-Feb-2025 08:17:10.212,0.131605,15-Feb-2025 08:17:10.212,0.083749,15-Feb-2025 08:17:10.212,9.873384
15-Feb-2025 08:17:10.232,0.136391,15-Feb-2025 08:17:10.232,0.09332,15-Feb-2025 08:17:10.232,9.858429
15-Feb-2025 08:17:10.252,0.131605,15-Feb-2025 08:17:10.252,0.078963,15-Feb-2025 08:17:10.252,9.853643
15-Feb-2025 08:17:10.272,0.136391,15-Feb-2025 08:17:10.272,0.078963,15-Feb-2025 08:17:10.272,9.858429
15-Feb-2025 08:17:10.292,0.136391,15-Feb-2025 08:17:10.292,0.088534,15-Feb-2025 08:17:10.292,9.868599
15-Feb-2025 08:17:10.312,0.122034,15-Feb-2025 08:17:10.312,0.088534,15-Feb-2025 08:17:10.312,9.858429
15-Feb-2025 08:17:10.332,0.122034,15-Feb-2025 08:17:10.332,0.09332,15-Feb-2025 08:17:10.332,9.853643
15-Feb-2025 08:17:10.352,0.122034,15-Feb-2025 08:17:10.352,0.09332,15-Feb-2025 08:17:10.352,9.863214
15-Feb-2025 08:17:10.372,0.145962,15-Feb-2025 08:17:10.372,0.09332,15-Feb-2025 08:17:10.372,9.858429
15-Feb-2025 08:17:10.392,0.136391,15-Feb-2025 08:17:10.392,0.083749,15-Feb-2025 08:17:10.392,9.863214
15-Feb-2025 08:17:10.412,0.12682,15-Feb-2025 08:17:10.412,0.074178,15-Feb-2025 08:17:10.412,9.858429
15-Feb-2025 08:17:10.431,0.136391,15-Feb-2025 08:17:10.431,0.088534,15-Feb-2025 08:17:10.431,9.868599
15-Feb-2025 08:17:10.451,0.145962,15-Feb-2025 08:17:10.451,0.09332,15-Feb-2025 08:17:10.451,9.848858
15-Feb-2025 08:17:10.471,0.141177,15-Feb-2025 08:17:10.471,0.09332,15-Feb-2025 08:17:10.471,9.853643
15-Feb-2025 08:17:10.491,0.136391,15-Feb-2025 08:17:10.491,0.098106,15-Feb-2025 08:17:10.491,9.853643
15-Feb-2025 08:17:10.511,0.141177,15-Feb-2025 08:17:10.511,0.088534,15-Feb-2025 08:17:10.511,9.853643
15-Feb-2025 08:17:10.531,0.131605,15-Feb-2025 08:17:10.531,0.088534,15-Feb-2025 08:17:10.531,9.868599
15-Feb-2025 08:17:10.551,0.150748,15-Feb-2025 08:17:10.551,0.088534,15-Feb-2025 08:17:10.551,9.863214
15-Feb-2025 08:17:10.571,0.141177,15-Feb-2025 08:17:10.571,0.09332,15-Feb-2025 08:17:10.571,9.868599
15-Feb-2025 08:17:10.591,0.131605,15-Feb-2025 08:17:10.591,0.083749,15-Feb-2025 08:17:10.591,9.863214
15-Feb-2025 08:17:10.611,0.131605,15-Feb-2025 08:17:10.611,0.083749,15-Feb-2025 08:17:10.611,9.863214
15-Feb-2025 08:17:10.631,0.141177,15-Feb-2025 08:17:10.631,0.09332,15-Feb-2025 08:17:10.631,9.873384
15-Feb-2025 08:17:10.651,0.122034,15-Feb-2025 08:17:10.651,0.09332,15-Feb-2025 08:17:10.651,9.87817
15-Feb-2025 08:17:10.671,0.136391,15-Feb-2025 08:17:10.671,0.09332,15-Feb-2025 08:17:10.671,9.863214
15-Feb-2025 08:17:10.691,0.131605,15-Feb-2025 08:17:10.691,0.088534,15-Feb-2025 08:17:10.691,9.853643
15-Feb-2025 08:17:10.711,0.131605,15-Feb-2025 08:17:10.711,0.078963,15-Feb-2025 08:17:10.711,9.868599
15-Feb-2025 08:17:10.730,0.12682,15-Feb-2025 08:17:10.730,0.098106,15-Feb-2025 08:17:10.730,9.863214
15-Feb-2025 08:17:10.751,0.122034,15-Feb-2025 08:17:10.751,0.107677,15-Feb-2025 08:17:10.751,9.853643
15-Feb-2025 08:17:10.771,0.12682,15-Feb-2025 08:17:10.771,0.09332,15-Feb-2025 08:17:10.771,9.873384
15-Feb-2025 08:17:10.791,0.136391,15-Feb-2025 08:17:10.791,0.102891,15-Feb-2025 08:17:10.791,9.863214
15-Feb-2025 08:17:10.811,0.136391,15-Feb-2025 08:17:10.811,0.09332,15-Feb-2025 08:17:10.811,9.858429
15-Feb-2025 08:17:10.831,0.12682,15-Feb-2025 08:17:10.831,0.083749,15-Feb-2025 08:17:10.831,9.863214
15-Feb-2025 08:17:10.851,0.12682,15-Feb-2025 08:17:10.851,0.083749,15-Feb-2025 08:17:10.851,9.863214
15-Feb-2025 08:17:10.871,0.136391,15-Feb-2025 08:17:10.871,0.078963,15-Feb-2025 08:17:10.871,9.858429
15-Feb-2025 08:17:10.891,0.141177,15-Feb-2025 08:17:10.891,0.083749,15-Feb-2025 08:17:10.891,9.858429
15-Feb-2025 08:17:10.911,0.141177,15-Feb-2025 08:17:10.911,0.09332,15-Feb-2025 08:17:10.911,9.868599
15-Feb-2025 08:17:10.931,0.12682,15-Feb-2025 08:17:10.931,0.09332,15-Feb-2025 08:17:10.931,9.858429
15-Feb-2025 08:17:10.951,0.131605,15-Feb-2025 08:17:10.951,0.09332,15-Feb-2025 08:17:10.951,9.868599
15-Feb-2025 08:17:10.971,0.12682,15-Feb-2025 08:17:10.971,0.09332,15-Feb-2025 08:17:10.971,9.868599
15-Feb-2025 08:17:10.991,0.136391,15-Feb-2025 08:17:10.991,0.083749,15-Feb-2025 08:17:10.991,9.858429
15-Feb-2025 08:17:11.011,0.131605,15-Feb-2025 08:17:11.011,0.083749,15-Feb-2025 08:17:11.011,9.863214
15-Feb-2025 08:17:11.031,0.150748,15-Feb-2025 08:17:11.031,0.088534,15-Feb-2025 08:17:11.031,9.868599
15-Feb-2025 08:17:11.051,0.141177,15-Feb-2025 08:17:11.051,0.078963,15-Feb-2025 08:17:11.051,9.858429
15-Feb-2025 08:17:11.071,0.12682,15-Feb-2025 08:17:11.071,0.083749,15-Feb-2025 08:17:11.071,9.863214
15-Feb-2025 08:17:11.091,0.141177,15-Feb-2025 08:17:11.091,0.09332,15-Feb-2025 08:17:11.091,9.873384
15-Feb-2025 08:17:11.111,0.12682,15-Feb-2025 08:17:11.111,0.098106,15-Feb-2025 08:17:11.111,9.858429
15-Feb-2025 08:17:11.131,0.136391,15-Feb-2025 08:17:11.131,0.098106,15-Feb-2025 08:17:11.131,9.858429
15-Feb-2025 08:17:11.151,0.141177,15-Feb-2025 08:17:11.151,0.088534,15-Feb-2025 08:17:11.151,9.858429
15-Feb-2025 08:17:11.171,0.136391,15-Feb-2025 08:17:11.171,0.088534,15-Feb-2025 08:17:11.171,9.848858
15-Feb-2025 08:17:11.191,0.131605,15-Feb-2025 08:17:11.191,0.088534,15-Feb-2025 08:17:11.191,9.853643
15-Feb-2025 08:17:11.211,0.145962,15-Feb-2025 08:17:11.211,0.083749,15-Feb-2025 08:17:11.211,9.858429
15-Feb-2025 08:17:11.231,0.141177,15-Feb-2025 08:17:11.231,0.102891,15-Feb-2025 08:17:11.231,9.863214
15-Feb-2025 08:17:11.251,0.12682,15-Feb-2025 08:17:11.251,0.09332,15-Feb-2025 08:17:11.251,9.868599
15-Feb-2025 08:17:11.271,0.117248,15-Feb-2025 08:17:11.271,0.102891,15-Feb-2025 08:17:11.271,9.853643
15-Feb-2025 08:17:11.291,0.131605,15-Feb-2025 08:17:11.291,0.09332,15-Feb-2025 08:17:11.291,9.853643
15-Feb-2025 08:17:11.311,0.145962,15-Feb-2025 08:17:11.311,0.088534,15-Feb-2025 08:17:11.311,9.863214
15-Feb-2025 08:17:11.331,0.136391,15-Feb-2025 08:17:11.331,0.098106,15-Feb-2025 08:17:11.331,9.858429
15-Feb-2025 08:17:11.350,0.136391,15-Feb-2025 08:17:11.350,0.102891,15-Feb-2025 08:17:11.350,9.863214
15-Feb-2025 08:17:11.370,0.12682,15-Feb-2025 08:17:11.370,0.088534,15-Feb-2025 08:17:11.370,9.858429
15-Feb-2025 08:17:11.390,0.136391,15-Feb-2025 08:17:11.390,0.102891,15-Feb-2025 08:17:11.390,9.873384
15-Feb-2025 08:17:11.410,0.131605,15-Feb-2025 08:17:11.410,0.078963,15-Feb-2025 08:17:11.410,9.858429
15-Feb-2025 08:17:11.430,0.131605,15-Feb-2025 08:17:11.430,0.088534,15-Feb-2025 08:17:11.430,9.863214
15-Feb-2025 08:17:11.450,0.12682,15-Feb-2025 08:17:11.450,0.09332,15-Feb-2025 08:17:11.450,9.858429
15-Feb-2025 08:17:11.470,0.12682,15-Feb-2025 08:17:11.470,0.088534,15-Feb-2025 08:17:11.470,9.863214
15-Feb-2025 08:17:11.490,0.136391,15-Feb-2025 08:17:11.490,0.09332,15-Feb-2025 08:17:11.490,9.873384
15-Feb-2025 08:17:11.510,0.141177,15-Feb-2025 08:17:11.510,0.083749,15-Feb-2025 08:17:11.510,9.863214
15-Feb-2025 08:17:11.530,0.136391,15-Feb-2025 08:17:11.530,0.078963,15-Feb-2025 08:17:11.530,9.868599
15-Feb-2025 08:17:11.550,0.141177,15-Feb-2025 08:17:11.550,0.088534,15-Feb-2025 08:17:11.550,9.863214
15-Feb-2025 08:17:11.570,0.136391,15-Feb-2025 08:17:11.570,0.09332,15-Feb-2025 08:17:11.570,9.868599
15-Feb-2025 08:17:11.590,0.141177,15-Feb-2025 08:17:11.590,0.098106,15-Feb-2025 08:17:11.590,9.858429
15-Feb-2025 08:17:11.610,0.12682,15-Feb-2025 08:17:11.610,0.088534,15-Feb-2025 08:17:11.610,9.863214
15-Feb-2025 08:17:11.630,0.150748,15-Feb-2025 08:17:11.630,0.088534,15-Feb-2025 08:17:11.630,9.863214
15-Feb-2025 08:17:11.650,0.136391,15-Feb-2025 08:17:11.650,0.088534,15-Feb-2025 08:17:11.650,9.858429
15-Feb-2025 08:17:11.670,0.122034,15-Feb-2025 08:17:11.670,0.083749,15-Feb-2025 08:17:11.670,9.858429
15-Feb-2025 08:17:11.690,0.131605,15-Feb-2025 08:17:11.690,0.078963,15-Feb-2025 08:17:11.690,9.858429
15-Feb-2025 08:17:11.710,0.136391,15-Feb-2025 08:17:11.710,0.09332,15-Feb-2025 08:17:11.710,9.853643
15-Feb-2025 08:17:11.730,0.150748,15-Feb-2025 08:17:11.730,0.09332,15-Feb-2025 08:17:11.730,9.868599
15-Feb-2025 08:17:11.750,0.122034,15-Feb-2025 08:17:11.750,0.09332,15-Feb-2025 08:17:11.750,9.863214
15-Feb-2025 08:17:11.770,0.131605,15-Feb-2025 08:17:11.770,0.098106,15-Feb-2025 08:17:11.770,9.863214
15-Feb-2025 08:17:11.790,0.122034,15-Feb-2025 08:17:11.790,0.088534,15-Feb-2025 08:17:11.790,9.863214
15-Feb-2025 08:17:11.810,0.141177,15-Feb-2025 08:17:11.810,0.098106,15-Feb-2025 08:17:11.810,9.858429
15-Feb-2025 08:17:11.830,0.136391,15-Feb-2025 08:17:11.830,0.098106,15-Feb-2025 08:17:11.830,9.858429
15-Feb-2025 08:17:11.850,0.136391,15-Feb-2025 08:17:11.850,0.078963,15-Feb-2025 08:17:11.850,9.853643
15-Feb-2025 08:17:11.869,0.160319,15-Feb-2025 08:17:11.869,0.088534,15-Feb-2025 08:17:11.869,9.858429
15-Feb-2025 08:17:11.890,0.136391,15-Feb-2025 08:17:11.890,0.107677,15-Feb-2025 08:17:11.890,9.858429
15-Feb-2025 08:17:11.910,0.117248,15-Feb-2025 08:17:11.910,0.098106,15-Feb-2025 08:17:11.910,9.868599
15-Feb-2025 08:17:11.930,0.12682,15-Feb-2025 08:17:11.930,0.098106,15-Feb-2025 08:17:11.930,9.858429
15-Feb-2025 08:17:11.950,0.136391,15-Feb-2025 08:17:11.950,0.078963,15-Feb-2025 08:17:11.950,9.863214
15-Feb-2025 08:17:11.970,0.150748,15-Feb-2025 08:17:11.970,0.088534,15-Feb-2025 08:17:11.970,9.858429
15-Feb-2025 08:17:11.990,0.136391,15-Feb-2025 08:17:11.990,0.074178,15-Feb-2025 08:17:11.990,9.858429
15-Feb-2025 08:17:12.010,0.131605,15-Feb-2025 08:17:12.010,0.088534,15-Feb-2025 08:17:12.010,9.853643
15-Feb-2025 08:17:12.030,0.12682,15-Feb-2025 08:17:12.030,0.09332,15-Feb-2025 08:17:12.030,9.868599
15-Feb-2025 08:17:12.050,0.136391,15-Feb-2025 08:17:12.050,0.078963,15-Feb-2025 08:17:12.050,9.868599
15-Feb-2025 08:17:12.070,0.136391,15-Feb-2025 08:17:12.070,0.088534,15-Feb-2025 08:17:12.070,9.873384
15-Feb-2025 08:17:12.090,0.141177,15-Feb-2025 08:17:12.090,0.088534,15-Feb-2025 08:17:12.090,9.863214
15-Feb-2025 08:17:12.110,0.131605,15-Feb-2025 08:17:12.110,0.09332,15-Feb-2025 08:17:12.110,9.858429
15-Feb-2025 08:17:12.130,0.122034,15-Feb-2025 08:17:12.130,0.09332,15-Feb-2025 08:17:12.130,9.863214
15-Feb-2025 08:17:12.150,0.141177,15-Feb-2025 08:17:12.150,0.088534,15-Feb-2025 08:17:12.150,9.863214
15-Feb-2025 08:17:12.170,0.136391,15-Feb-2025 08:17:12.170,0.09332,15-Feb-2025 08:17:12.170,9.863214
15-Feb-2025 08:17:12.190,0.141177,15-Feb-2025 08:17:12.190,0.102891,15-Feb-2025 08:17:12.190,9.863214
15-Feb-2025 08:17:12.210,0.141177,15-Feb-2025 08:17:12.210,0.088534,15-Feb-2025 08:17:12.210,9.853643
15-Feb-2025 08:17:12.230,0.12682,15-Feb-2025 08:17:12.230,0.088534,15-Feb-2025 08:17:12.230,9.868599
15-Feb-2025 08:17:12.250,0.131605,15-Feb-2025 08:17:12.250,0.09332,15-Feb-2025 08:17:12.250,9.863214
15-Feb-2025 08:17:12.270,0.131605,15-Feb-2025 08:17:12.270,0.083749,15-Feb-2025 08:17:12.270,9.863214
15-Feb-2025 08:17:12.290,0.145962,15-Feb-2025 08:17:12.290,0.083749,15-Feb-2025 08:17:12.290,9.868599
15-Feb-2025 08:17:12.310,0.145962,15-Feb-2025 08:17:12.310,0.083749,15-Feb-2025 08:17:12.310,9.858429
15-Feb-2025 08:17:12.329,0.141177,15-Feb-2025 08:17:12.329,0.098106,15-Feb-2025 08:17:12.329,9.858429
15-Feb-2025 08:17:12.349,0.141177,15-Feb-2025 08:17:12.349,0.09332,15-Feb-2025 08:17:12.349,9.858429
15-Feb-2025 08:17:12.369,0.117248,15-Feb-2025 08:17:12.369,0.102891,15-Feb-2025 08:17:12.369,9.848858
15-Feb-2025 08:17:12.389,0.136391,15-Feb-2025 08:17:12.389,0.09332,15-Feb-2025 08:17:12.389,9.868599
15-Feb-2025 08:17:12.409,0.145962,15-Feb-2025 08:17:12.409,0.088534,15-Feb-2025 08:17:12.409,9.853643
15-Feb-2025 08:17:12.429,0.136391,15-Feb-2025 08:17:12.429,0.098106,15-Feb-2025 08:17:12.429,9.853643
15-Feb-2025 08:17:12.449,0.12682,15-Feb-2025 08:17:12.449,0.083749,15-Feb-2025 08:17:12.449,9.863214
15-Feb-2025 08:17:12.469,0.12682,15-Feb-2025 08:17:12.469,0.09332,15-Feb-2025 08:17:12.469,9.858429
15-Feb-2025 08:17:12.489,0.136391,15-Feb-2025 08:17:12.489,0.098106,15-Feb-2025 08:17:12.489,9.858429
15-Feb-2025 08:17:12.509,0.136391,15-Feb-2025 08:17:12.509,0.088534,15-Feb-2025 08:17:12.509,9.858429
15-Feb-2025 08:17:12.529,0.145962,15-Feb-2025 08:17:12.529,0.088534,15-Feb-2025 08:17:12.529,9.858429
15-Feb-2025 08:17:12.549,0.131605,15-Feb-2025 08:17:12.549,0.088534,15-Feb-2025 08:17:12.549,9.873384
15-Feb-2025 08:17:12.569,0.141177,15-Feb-2025 08:17:12.569,0.088534,15-Feb-2025 08:17:12.569,9.863214
15-Feb-2025 08:17:12.589,0.145962,15-Feb-2025 08:17:12.589,0.098106,15-Feb-2025 08:17:12.589,9.868599
15-Feb-2025 08:17:12.609,0.145962,15-Feb-2025 08:17:12.609,0.088534,15-Feb-2025 08:17:12.609,9.863214
15-Feb-2025 08:17:12.629,0.131605,15-Feb-2025 08:17:12.629,0.088534,15-Feb-2025 08:17:12.629,9.844072
15-Feb-2025 08:17:12.649,0.141177,15-Feb-2025 08:17:12.649,0.09332,15-Feb-2025 08:17:12.649,9.863214
15-Feb-2025 08:17:12.669,0.136391,15-Feb-2025 08:17:12.669,0.088534,15-Feb-2025 08:17:12.669,9.853643
15-Feb-2025 08:17:12.689,0.12682,15-Feb-2025 08:17:12.689,0.098106,15-Feb-2025 08:17:12.689,9.853643
15-Feb-2025 08:17:12.709,0.141177,15-Feb-2025 08:17:12.709,0.102891,15-Feb-2025 08:17:12.709,9.863214
15-Feb-2025 08:17:12.729,0.141177,15-Feb-2025 08:17:12.729,0.088534,15-Feb-2025 08:17:12.729,9.858429
15-Feb-2025 08:17:12.749,0.131605,15-Feb-2025 08:17:12.749,0.088534,15-Feb-2025 08:17:12.749,9.873384
15-Feb-2025 08:17:12.769,0.141177,15-Feb-2025 08:17:12.769,0.083749,15-Feb-2025 08:17:12.769,9.863214
15-Feb-2025 08:17:12.789,0.136391,15-Feb-2025 08:17:12.789,0.102891,15-Feb-2025 08:17:12.789,9.848858
15-Feb-2025 08:17:12.809,0.136391,15-Feb-2025 08:17:12.809,0.102891,15-Feb-2025 08:17:12.809,9.853643
15-Feb-2025 08:17:12.829,0.12682,15-Feb-2025 08:17:12.829,0.083749,15-Feb-2025 08:17:12.829,9.873384
15-Feb-2025 08:17:12.849,0.131605,15-Feb-2025 08:17:12.849,0.098106,15-Feb-2025 08:17:12.849,9.853643
15-Feb-2025 08:17:12.869,0.12682,15-Feb-2025 08:17:12.869,0.088534,15-Feb-2025 08:17:12.869,9.868599
15-Feb-2025 08:17:12.889,0.122034,15-Feb-2025 08:17:12.889,0.088534,15-Feb-2025 08:17:12.889,9.863214
15-Feb-2025 08:17:12.909,0.136391,15-Feb-2025 08:17:12.909,0.102891,15-Feb-2025 08:17:12.909,9.863214
15-Feb-2025 08:17:12.929,0.141177,15-Feb-2025 08:17:12.929,0.09332,15-Feb-2025 08:17:12.929,9.868599
15-Feb-2025 08:17:12.949,0.131605,15-Feb-2025 08:17:12.949,0.078963,15-Feb-2025 08:17:12.949,9.868599
15-Feb-2025 08:17:12.969,0.12682,15-Feb-2025 08:17:12.969,0.09332,15-Feb-2025 08:17:12.969,9.868599
15-Feb-2025 08:17:12.989,0.141177,15-Feb-2025 08:17:12.989,0.098106,15-Feb-2025 08:17:12.989,9.858429
15-Feb-2025 08:17:13.008,0.141177,15-Feb-2025 08:17:13.008,0.102891,15-Feb-2025 08:17:13.008,9.873384
15-Feb-2025 08:17:13.029,0.131605,15-Feb-2025 08:17:13.029,0.083749,15-Feb-2025 08:17:13.029,9.868599
15-Feb-2025 08:17:13.049,0.131605,15-Feb-2025 08:17:13.049,0.088534,15-Feb-2025 08:17:13.049,9.863214
15-Feb-2025 08:17:13.069,0.12682,15-Feb-2025 08:17:13.069,0.09332,15-Feb-2025 08:17:13.069,9.853643
15-Feb-2025 08:17:13.089,0.141177,15-Feb-2025 08:17:13.089,0.09332,15-Feb-2025 08:17:13.089,9.863214
15-Feb-2025 08:17:13.109,0.141177,15-Feb-2025 08:17:13.109,0.088534,15-Feb-2025 08:17:13.109,9.868599
15-Feb-2025 08:17:13.129,0.12682,15-Feb-2025 08:17:13.129,0.078963,15-Feb-2025 08:17:13.129,9.863214
15-Feb-2025 08:17:13.149,0.131605,15-Feb-2025 08:17:13.149,0.09332,15-Feb-2025 08:17:13.149,9.853643
15-Feb-2025 08:17:13.169,0.131605,15-Feb-2025 08:17:13.169,0.088534,15-Feb-2025 08:17:13.169,9.863214
15-Feb-2025 08:17:13.189,0.141177,15-Feb-2025 08:17:13.189,0.09332,15-Feb-2025 08:17:13.189,9.853643
15-Feb-2025 08:17:13.209,0.136391,15-Feb-2025 08:17:13.209,0.098106,15-Feb-2025 08:17:13.209,9.868599
15-Feb-2025 08:17:13.229,0.141177,15-Feb-2025 08:17:13.229,0.098106,15-Feb-2025 08:17:13.229,9.863214
15-Feb-2025 08:17:13.249,0.145962,15-Feb-2025 08:17:13.249,0.098106,15-Feb-2025 08:17:13.249,9.848858
15-Feb-2025 08:17:13.269,0.145962,15-Feb-2025 08:17:13.269,0.098106,15-Feb-2025 08:17:13.269,9.863214
15-Feb-2025 08:17:13.288,0.131605,15-Feb-2025 08:17:13.288,0.107677,15-Feb-2025 08:17:13.288,9.873384
15-Feb-2025 08:17:13.308,0.141177,15-Feb-2025 08:17:13.308,0.088534,15-Feb-2025 08:17:13.308,9.868599
15-Feb-2025 08:17:13.328,0.141177,15-Feb-2025 08:17:13.328,0.088534,15-Feb-2025 08:17:13.328,9.858429
15-Feb-2025 08:17:13.348,0.131605,15-Feb-2025 08:17:13.348,0.088534,15-Feb-2025 08:17:13.348,9.858429
15-Feb-2025 08:17:13.368,0.145962,15-Feb-2025 08:17:13.368,0.102891,15-Feb-2025 08:17:13.368,9.863214
15-Feb-2025 08:17:13.388,0.12682,15-Feb-2025 08:17:13.388,0.088534,15-Feb-2025 08:17:13.388,9.863214
15-Feb-2025 08:17:13.408,0.12682,15-Feb-2025 08:17:13.408,0.098106,15-Feb-2025 08:17:13.408,9.858429
15-Feb-2025 08:17:13.428,0.12682,15-Feb-2025 08:17:13.428,0.098106,15-Feb-2025 08:17:13.428,9.853643
15-Feb-2025 08:17:13.448,0.141177,15-Feb-2025 08:17:13.448,0.09332,15-Feb-2025 08:17:13.448,9.863214
15-Feb-2025 08:17:13.468,0.136391,15-Feb-2025 08:17:13.468,0.09332,15-Feb-2025 08:17:13.468,9.848858
15-Feb-2025 08:17:13.488,0.136391,15-Feb-2025 08:17:13.488,0.102891,15-Feb-2025 08:17:13.488,9.853643
15-Feb-2025 08:17:13.508,0.12682,15-Feb-2025 08:17:13.508,0.098106,15-Feb-2025 08:17:13.508,9.863214
15-Feb-2025 08:17:13.528,0.136391,15-Feb-2025 08:17:13.528,0.078963,15-Feb-2025 08:17:13.528,9.853643
15-Feb-2025 08:17:13.548,0.122034,15-Feb-2025 08:17:13.548,0.088534,15-Feb-2025 08:17:13.548,9.863214
15-Feb-2025 08:17:13.568,0.145962,15-Feb-2025 08:17:13.568,0.098106,15-Feb-2025 08:17:13.568,9.873384
15-Feb-2025 08:17:13.588,0.145962,15-Feb-2025 08:17:13.588,0.083749,15-Feb-2025 08:17:13.588,9.858429
15-Feb-2025 08:17:13.608,0.136391,15-Feb-2025 08:17:13.608,0.09332,15-Feb-2025 08:17:13.608,9.853643
15-Feb-2025 08:17:13.628,0.122034,15-Feb-2025 08:17:13.628,0.078963,15-Feb-2025 08:17:13.628,9.858429
15-Feb-2025 08:17:13.648,0.12682,15-Feb-2025 08:17:13.648,0.09332,15-Feb-2025 08:17:13.648,9.863214
15-Feb-2025 08:17:13.668,0.122034,15-Feb-2025 08:17:13.668,0.102891,15-Feb-2025 08:17:13.668,9.858429
15-Feb-2025 08:17:13.689,0.136391,15-Feb-2025 08:17:13.689,0.098106,15-Feb-2025 08:17:13.689,9.858429
15-Feb-2025 08:17:13.708,0.131605,15-Feb-2025 08:17:13.708,0.09332,15-Feb-2025 08:17:13.708,9.863214
15-Feb-2025 08:17:13.728,0.141177,15-Feb-2025 08:17:13.728,0.088534,15-Feb-2025 08:17:13.728,9.863214
15-Feb-2025 08:17:13.748,0.136391,15-Feb-2025 08:17:13.748,0.083749,15-Feb-2025 08:17:13.748,9.863214
15-Feb-2025 08:17:13.768,0.136391,15-Feb-2025 08:17:13.768,0.098106,15-Feb-2025 08:17:13.768,9.858429
15-Feb-2025 08:17:13.788,0.122034,15-Feb-2025 08:17:13.788,0.09332,15-Feb-2025 08:17:13.788,9.848858
15-Feb-2025 08:17:13.808,0.141177,15-Feb-2025 08:17:13.808,0.09332,15-Feb-2025 08:17:13.808,9.863214
15-Feb-2025 08:17:13.828,0.12682,15-Feb-2025 08:17:13.828,0.083749,15-Feb-2025 08:17:13.828,9.858429
15-Feb-2025 08:17:13.848,0.131605,15-Feb-2025 08:17:13.848,0.083749,15-Feb-2025 08:17:13.848,9.863214
15-Feb-2025 08:17:13.868,0.136391,15-Feb-2025 08:17:13.868,0.088534,15-Feb-2025 08:17:13.868,9.863214
15-Feb-2025 08:17:13.888,0.131605,15-Feb-2025 08:17:13.888,0.09332,15-Feb-2025 08:17:13.888,9.858429
15-Feb-2025 08:17:13.908,0.136391,15-Feb-2025 08:17:13.908,0.078963,15-Feb-2025 08:17:13.908,9.858429
15-Feb-2025 08:17:13.928,0.141177,15-Feb-2025 08:17:13.928,0.078963,15-Feb-2025 08:17:13.928,9.868599
15-Feb-2025 08:17:13.948,0.131605,15-Feb-2025 08:17:13.948,0.078963,15-Feb-2025 08:17:13.948,9.858429
15-Feb-2025 08:17:13.968,0.122034,15-Feb-2025 08:17:13.968,0.083749,15-Feb-2025 08:17:13.968,9.853643
15-Feb-2025 08:17:13.988,0.150748,15-Feb-2025 08:17:13.988,0.078963,15-Feb-2025 08:17:13.988,9.848858
15-Feb-2025 08:17:14.008,0.136391,15-Feb-2025 08:17:14.008,0.083749,15-Feb-2025 08:17:14.008,9.858429
15-Feb-2025 08:17:14.028,0.141177,15-Feb-2025 08:17:14.028,0.083749,15-Feb-2025 08:17:14.028,9.858429
15-Feb-2025 08:17:14.048,0.12682,15-Feb-2025 08:17:14.048,0.102891,15-Feb-2025 08:17:14.048,9.863214
15-Feb-2025 08:17:14.068,0.131605,15-Feb-2025 08:17:14.068,0.09332,15-Feb-2025 08:17:14.068,9.863214
15-Feb-2025 08:17:14.088,0.131605,15-Feb-2025 08:17:14.088,0.083749,15-Feb-2025 08:17:14.088,9.868599
15-Feb-2025 08:17:14.108,0.131605,15-Feb-2025 08:17:14.108,0.102891,15-Feb-2025 08:17:14.108,9.873384
15-Feb-2025 08:17:14.128,0.136391,15-Feb-2025 08:17:14.128,0.102891,15-Feb-2025 08:17:14.128,9.858429
15-Feb-2025 08:17:14.147,0.145962,15-Feb-2025 08:17:14.147,0.088534,15-Feb-2025 08:17:14.147,9.863214
15-Feb-2025 08:17:14.168,0.136391,15-Feb-2025 08:17:14.168,0.098106,15-Feb-2025 08:17:14.168,9.868599
15-Feb-2025 08:17:14.188,0.141177,15-Feb-2025 08:17:14.188,0.102891,15-Feb-2025 08:17:14.188,9.858429
15-Feb-2025 08:17:14.208,0.131605,15-Feb-2025 08:17:14.208,0.088534,15-Feb-2025 08:17:14.208,9.868599
15-Feb-2025 08:17:14.228,0.131605,15-Feb-2025 08:17:14.228,0.088534,15-Feb-2025 08:17:14.228,9.868599
15-Feb-2025 08:17:14.247,0.145962,15-Feb-2025 08:17:14.247,0.09332,15-Feb-2025 08:17:14.247,9.863214
15-Feb-2025 08:17:14.267,0.136391,15-Feb-2025 08:17:14.267,0.083749,15-Feb-2025 08:17:14.267,9.853643
15-Feb-2025 08:17:14.287,0.131605,15-Feb-2025 08:17:14.287,0.083749,15-Feb-2025 08:17:14.287,9.863214
15-Feb-2025 08:17:14.307,0.131605,15-Feb-2025 08:17:14.307,0.098106,15-Feb-2025 08:17:14.307,9.863214
15-Feb-2025 08:17:14.327,0.141177,15-Feb-2025 08:17:14.327,0.098106,15-Feb-2025 08:17:14.327,9.873384
15-Feb-2025 08:17:14.347,0.141177,15-Feb-2025 08:17:14.347,0.078963,15-Feb-2025 08:17:14.347,9.853643
15-Feb-2025 08:17:14.367,0.150748,15-Feb-2025 08:17:14.367,0.088534,15-Feb-2025 08:17:14.367,9.853643
15-Feb-2025 08:17:14.387,0.145962,15-Feb-2025 08:17:14.387,0.078963,15-Feb-2025 08:17:14.387,9.868599
15-Feb-2025 08:17:14.407,0.136391,15-Feb-2025 08:17:14.407,0.09332,15-Feb-2025 08:17:14.407,9.858429
15-Feb-2025 08:17:14.427,0.12682,15-Feb-2025 08:17:14.427,0.098106,15-Feb-2025 08:17:14.427,9.863214
15-Feb-2025 08:17:14.447,0.131605,15-Feb-2025 08:17:14.447,0.09332,15-Feb-2025 08:17:14.447,9.873384
15-Feb-2025 08:17:14.467,0.136391,15-Feb-2025 08:17:14.467,0.088534,15-Feb-2025 08:17:14.467,9.858429
15-Feb-2025 08:17:14.487,0.141177,15-Feb-2025 08:17:14.487,0.09332,15-Feb-2025 08:17:14.487,9.863214
15-Feb-2025 08:17:14.507,0.141177,15-Feb-2025 08:17:14.507,0.088534,15-Feb-2025 08:17:14.507,9.873384
15-Feb-2025 08:17:14.527,0.131605,15-Feb-2025 08:17:14.527,0.074178,15-Feb-2025 08:17:14.527,9.858429
15-Feb-2025 08:17:14.547,0.131605,15-Feb-2025 08:17:14.547,0.098106,15-Feb-2025 08:17:14.547,9.853643
15-Feb-2025 08:17:14.567,0.136391,15-Feb-2025 08:17:14.567,0.107677,15-Feb-2025 08:17:14.567,9.873384
15-Feb-2025 08:17:14.587,0.150748,15-Feb-2025 08:17:14.587,0.09332,15-Feb-2025 08:17:14.587,9.863214
15-Feb-2025 08:17:14.607,0.141177,15-Feb-2025 08:17:14.607,0.088534,15-Feb-2025 08:17:14.607,9.853643
15-Feb-2025 08:17:14.627,0.131605,15-Feb-2025 08:17:14.627,0.098106,15-Feb-2025 08:17:14.627,9.868599
15-Feb-2025 08:17:14.647,0.131605,15-Feb-2025 08:17:14.647,0.09332,15-Feb-2025 08:17:14.647,9.848858
15-Feb-2025 08:17:14.667,0.141177,15-Feb-2025 08:17:14.667,0.069392,15-Feb-2025 08:17:14.667,9.858429
15-Feb-2025 08:17:14.687,0.136391,15-Feb-2025 08:17:14.687,0.083749,15-Feb-2025 08:17:14.687,9.868599
15-Feb-2025 08:17:14.707,0.136391,15-Feb-2025 08:17:14.707,0.09332,15-Feb-2025 08:17:14.707,9.863214
15-Feb-2025 08:17:14.727,0.136391,15-Feb-2025 08:17:14.727,0.083749,15-Feb-2025 08:17:14.727,9.863214
15-Feb-2025 08:17:14.747,0.131605,15-Feb-2025 08:17:14.747,0.083749,15-Feb-2025 08:17:14.747,9.858429
15-Feb-2025 08:17:14.767,0.136391,15-Feb-2025 08:17:14.767,0.098106,15-Feb-2025 08:17:14.767,9.853643
15-Feb-2025 08:17:14.787,0.141177,15-Feb-2025 08:17:14.787,0.088534,15-Feb-2025 08:17:14.787,9.853643
15-Feb-2025 08:17:14.807,0.136391,15-Feb-2025 08:17:14.807,0.09332,15-Feb-2025 08:17:14.807,9.858429
15-Feb-2025 08:17:14.827,0.136391,15-Feb-2025 08:17:14.827,0.088534,15-Feb-2025 08:17:14.827,9.863214
15-Feb-2025 08:17:14.847,0.136391,15-Feb-2025 08:17:14.847,0.088534,15-Feb-2025 08:17:14.847,9.863214
15-Feb-2025 08:17:14.867,0.145962,15-Feb-2025 08:17:14.867,0.088534,15-Feb-2025 08:17:14.867,9.853643
15-Feb-2025 08:17:14.887,0.12682,15-Feb-2025 08:17:14.887,0.09332,15-Feb-2025 08:17:14.887,9.858429
15-Feb-2025 08:17:14.907,0.141177,15-Feb-2025 08:17:14.907,0.102891,15-Feb-2025 08:17:14.907,9.868599
15-Feb-2025 08:17:14.927,0.141177,15-Feb-2025 08:17:14.927,0.102891,15-Feb-2025 08:17:14.927,9.858429
15-Feb-2025 08:17:14.947,0.12682,15-Feb-2025 08:17:14.947,0.09332,15-Feb-2025 08:17:14.947,9.863214
15-Feb-2025 08:17:14.967,0.141177,15-Feb-2025 08:17:14.967,0.09332,15-Feb-2025 08:17:14.967,9.863214
15-Feb-2025 08:17:14.987,0.12682,15-Feb-2025 08:17:14.987,0.098106,15-Feb-2025 08:17:14.987,9.858429
15-Feb-2025 08:17:15.007,0.136391,15-Feb-2025 08:17:15.007,0.088534,15-Feb-2025 08:17:15.007,9.863214
15-Feb-2025 08:17:15.027,0.131605,15-Feb-2025 08:17:15.027,0.083749,15-Feb-2025 08:17:15.027,9.863214
15-Feb-2025 08:17:15.047,0.131605,15-Feb-2025 08:17:15.047,0.09332,15-Feb-2025 08:17:15.047,9.868599
15-Feb-2025 08:17:15.067,0.141177,15-Feb-2025 08:17:15.067,0.074178,15-Feb-2025 08:17:15.067,9.863214
15-Feb-2025 08:17:15.087,0.131605,15-Feb-2025 08:17:15.087,0.083749,15-Feb-2025 08:17:15.087,9.863214
15-Feb-2025 08:17:15.107,0.136391,15-Feb-2025 08:17:15.107,0.083749,15-Feb-2025 08:17:15.107,9.868599
15-Feb-2025 08:17:15.127,0.117248,15-Feb-2025 08:17:15.127,0.069392,15-Feb-2025 08:17:15.127,9.863214
15-Feb-2025 08:17:15.147,0.131605,15-Feb-2025 08:17:15.147,0.09332,15-Feb-2025 08:17:15.147,9.863214
15-Feb-2025 08:17:15.167,0.131605,15-Feb-2025 08:17:15.167,0.107677,15-Feb-2025 08:17:15.167,9.873384
15-Feb-2025 08:17:15.187,0.145962,15-Feb-2025 08:17:15.187,0.083749,15-Feb-2025 08:17:15.187,9.853643
15-Feb-2025 08:17:15.206,0.136391,15-Feb-2025 08:17:15.206,0.088534,15-Feb-2025 08:17:15.206,9.853643
15-Feb-2025 08:17:15.226,0.12682,15-Feb-2025 08:17:15.226,0.09332,15-Feb-2025 08:17:15.226,9.863214
15-Feb-2025 08:17:15.246,0.12682,15-Feb-2025 08:17:15.246,0.09332,15-Feb-2025 08:17:15.246,9.868599
15-Feb-2025 08:17:15.266,0.150748,15-Feb-2025 08:17:15.266,0.098106,15-Feb-2025 08:17:15.266,9.853643
15-Feb-2025 08:17:15.286,0.141177,15-Feb-2025 08:17:15.286,0.107677,15-Feb-2025 08:17:15.286,9.863214
15-Feb-2025 08:17:15.306,0.136391,15-Feb-2025 08:17:15.306,0.078963,15-Feb-2025 08:17:15.306,9.873384
15-Feb-2025 08:17:15.326,0.12682,15-Feb-2025 08:17:15.326,0.088534,15-Feb-2025 08:17:15.326,9.848858
15-Feb-2025 08:17:15.346,0.112463,15-Feb-2025 08:17:15.346,0.09332,15-Feb-2025 08:17:15.346,9.848858
15-Feb-2025 08:17:15.366,0.122034,15-Feb-2025 08:17:15.366,0.102891,15-Feb-2025 08:17:15.366,9.868599
15-Feb-2025 08:17:15.386,0.131605,15-Feb-2025 08:17:15.386,0.09332,15-Feb-2025 08:17:15.386,9.863214
15-Feb-2025 08:17:15.406,0.136391,15-Feb-2025 08:17:15.406,0.098106,15-Feb-2025 08:17:15.406,9.858429
15-Feb-2025 08:17:15.426,0.131605,15-Feb-2025 08:17:15.426,0.107677,15-Feb-2025 08:17:15.426,9.858429
15-Feb-2025 08:17:15.446,0.141177,15-Feb-2025 08:17:15.446,0.09332,15-Feb-2025 08:17:15.446,9.858429
15-Feb-2025 08:17:15.466,0.136391,15-Feb-2025 08:17:15.466,0.088534,15-Feb-2025 08:17:15.466,9.858429
15-Feb-2025 08:17:15.486,0.131605,15-Feb-2025 08:17:15.486,0.083749,15-Feb-2025 08:17:15.486,9.868599
15-Feb-2025 08:17:15.506,0.131605,15-Feb-2025 08:17:15.506,0.088534,15-Feb-2025 08:17:15.506,9.868599
15-Feb-2025 08:17:15.526,0.141177,15-Feb-2025 08:17:15.526,0.088534,15-Feb-2025 08:17:15.526,9.858429
15-Feb-2025 08:17:15.546,0.136391,15-Feb-2025 08:17:15.546,0.083749,15-Feb-2025 08:17:15.546,9.868599
15-Feb-2025 08:17:15.566,0.12682,15-Feb-2025 08:17:15.566,0.102891,15-Feb-2025 08:17:15.566,9.863214
15-Feb-2025 08:17:15.586,0.131605,15-Feb-2025 08:17:15.586,0.088534,15-Feb-2025 08:17:15.586,9.863214
15-Feb-2025 08:17:15.606,0.145962,15-Feb-2025 08:17:15.606,0.09332,15-Feb-2025 08:17:15.606,9.868599
15-Feb-2025 08:17:15.626,0.131605,15-Feb-2025 08:17:15.626,0.107677,15-Feb-2025 08:17:15.626,9.848858
15-Feb-2025 08:17:15.646,0.12682,15-Feb-2025 08:17:15.646,0.078963,15-Feb-2025 08:17:15.646,9.863214
15-Feb-2025 08:17:15.666,0.131605,15-Feb-2025 08:17:15.666,0.083749,15-Feb-2025 08:17:15.666,9.868599
15-Feb-2025 08:17:15.686,0.136391,15-Feb-2025 08:17:15.686,0.088534,15-Feb-2025 08:17:15.686,9.853643
15-Feb-2025 08:17:15.706,0.145962,15-Feb-2025 08:17:15.706,0.083749,15-Feb-2025 08:17:15.706,9.863214
15-Feb-2025 08:17:15.726,0.145962,15-Feb-2025 08:17:15.726,0.083749,15-Feb-2025 08:17:15.726,9.873384
15-Feb-2025 08:17:15.746,0.141177,15-Feb-2025 08:17:15.746,0.083749,15-Feb-2025 08:17:15.746,9.858429
15-Feb-2025 08:17:15.766,0.145962,15-Feb-2025 08:17:15.766,0.098106,15-Feb-2025 08:17:15.766,9.853643
15-Feb-2025 08:17:15.786,0.136391,15-Feb-2025 08:17:15.786,0.117248,15-Feb-2025 08:17:15.786,9.87817
15-Feb-2025 08:17:15.806,0.150748,15-Feb-2025 08:17:15.806,0.102891,15-Feb-2025 08:17:15.806,9.858429
15-Feb-2025 08:17:15.826,0.150748,15-Feb-2025 08:17:15.826,0.088534,15-Feb-2025 08:17:15.826,9.858429
15-Feb-2025 08:17:15.846,0.141177,15-Feb-2025 08:17:15.846,0.083749,15-Feb-2025 08:17:15.846,9.868599
15-Feb-2025 08:17:15.866,0.131605,15-Feb-2025 08:17:15.866,0.098106,15-Feb-2025 08:17:15.866,9.858429
15-Feb-2025 08:17:15.886,0.136391,15-Feb-2025 08:17:15.886,0.083749,15-Feb-2025 08:17:15.886,9.858429
15-Feb-2025 08:17:15.906,0.141177,15-Feb-2025 08:17:15.906,0.078963,15-Feb-2025 08:17:15.906,9.863214
15-Feb-2025 08:17:15.926,0.141177,15-Feb-2025 08:17:15.926,0.098106,15-Feb-2025 08:17:15.926,9.858429
15-Feb-2025 08:17:15.946,0.141177,15-Feb-2025 08:17:15.946,0.088534,15-Feb-2025 08:17:15.946,9.858429
15-Feb-2025 08:17:15.966,0.131605,15-Feb-2025 08:17:15.966,0.088534,15-Feb-2025 08:17:15.966,9.863214
15-Feb-2025 08:17:15.986,0.122034,15-Feb-2025 08:17:15.986,0.09332,15-Feb-2025 08:17:15.986,9.863214
15-Feb-2025 08:17:16.006,0.131605,15-Feb-2025 08:17:16.006,0.098106,15-Feb-2025 08:17:16.006,9.863214
15-Feb-2025 08:17:16.026,0.136391,15-Feb-2025 08:17:16.026,0.083749,15-Feb-2025 08:17:16.026,9.853643
15-Feb-2025 08:17:16.046,0.12682,15-Feb-2025 08:17:16.046,0.083749,15-Feb-2025 08:17:16.046,9.868599
15-Feb-2025 08:17:16.066,0.122034,15-Feb-2025 08:17:16.066,0.098106,15-Feb-2025 08:17:16.066,9.858429
15-Feb-2025 08:17:16.085,0.12682,15-Feb-2025 08:17:16.085,0.098106,15-Feb-2025 08:17:16.085,9.858429
15-Feb-2025 08:17:16.105,0.136391,15-Feb-2025 08:17:16.105,0.088534,15-Feb-2025 08:17:16.105,9.863214
15-Feb-2025 08:17:16.125,0.145962,15-Feb-2025 08:17:16.125,0.088534,15-Feb-2025 08:17:16.125,9.868599
15-Feb-2025 08:17:16.145,0.136391,15-Feb-2025 08:17:16.145,0.088534,15-Feb-2025 08:17:16.145,9.853643
15-Feb-2025 08:17:16.165,0.145962,15-Feb-2025 08:17:16.165,0.088534,15-Feb-2025 08:17:16.165,9.848858
15-Feb-2025 08:17:16.185,0.141177,15-Feb-2025 08:17:16.185,0.078963,15-Feb-2025 08:17:16.185,9.848858
15-Feb-2025 08:17:16.205,0.136391,15-Feb-2025 08:17:16.205,0.09332,15-Feb-2025 08:17:16.205,9.863214
15-Feb-2025 08:17:16.225,0.12682,15-Feb-2025 08:17:16.225,0.088534,15-Feb-2025 08:17:16.225,9.87817
15-Feb-2025 08:17:16.245,0.136391,15-Feb-2025 08:17:16.245,0.083749,15-Feb-2025 08:17:16.245,9.858429
15-Feb-2025 08:17:16.265,0.12682,15-Feb-2025 08:17:16.265,0.098106,15-Feb-2025 08:17:16.265,9.858429
15-Feb-2025 08:17:16.285,0.136391,15-Feb-2025 08:17:16.285,0.088534,15-Feb-2025 08:17:16.285,9.868599
15-Feb-2025 08:17:16.305,0.150748,15-Feb-2025 08:17:16.305,0.083749,15-Feb-2025 08:17:16.305,9.873384
15-Feb-2025 08:17:16.325,0.141177,15-Feb-2025 08:17:16.325,0.098106,15-Feb-2025 08:17:16.325,9.863214
15-Feb-2025 08:17:16.345,0.131605,15-Feb-2025 08:17:16.345,0.102891,15-Feb-2025 08:17:16.345,9.848858
15-Feb-2025 08:17:16.365,0.131605,15-Feb-2025 08:17:16.365,0.098106,15-Feb-2025 08:17:16.365,9.858429
15-Feb-2025 08:17:16.385,0.150748,15-Feb-2025 08:17:16.385,0.083749,15-Feb-2025 08:17:16.385,9.858429
15-Feb-2025 08:17:16.405,0.141177,15-Feb-2025 08:17:16.405,0.088534,15-Feb-2025 08:17:16.405,9.848858
15-Feb-2025 08:17:16.425,0.12682,15-Feb-2025 08:17:16.425,0.083749,15-Feb-2025 08:17:16.425,9.863214
15-Feb-2025 08:17:16.445,0.136391,15-Feb-2025 08:17:16.445,0.083749,15-Feb-2025 08:17:16.445,9.863214
15-Feb-2025 08:17:16.465,0.150748,15-Feb-2025 08:17:16.465,0.078963,15-Feb-2025 08:17:16.465,9.858429
15-Feb-2025 08:17:16.485,0.136391,15-Feb-2025 08:17:16.485,0.088534,15-Feb-2025 08:17:16.485,9.853643
15-Feb-2025 08:17:16.505,0.145962,15-Feb-2025 08:17:16.505,0.088534,15-Feb-2025 08:17:16.505,9.868599
15-Feb-2025 08:17:16.525,0.150748,15-Feb-2025 08:17:16.525,0.088534,15-Feb-2025 08:17:16.525,9.863214
15-Feb-2025 08:17:16.545,0.136391,15-Feb-2025 08:17:16.545,0.107677,15-Feb-2025 08:17:16.545,9.863214
15-Feb-2025 08:17:16.565,0.131605,15-Feb-2025 08:17:16.565,0.088534,15-Feb-2025 08:17:16.565,9.853643
15-Feb-2025 08:17:16.585,0.131605,15-Feb-2025 08:17:16.585,0.09332,15-Feb-2025 08:17:16.585,9.863214
15-Feb-2025 08:17:16.605,0.141177,15-Feb-2025 08:17:16.605,0.09332,15-Feb-2025 08:17:16.605,9.858429
15-Feb-2025 08:17:16.625,0.141177,15-Feb-2025 08:17:16.625,0.09332,15-Feb-2025 08:17:16.625,9.863214
15-Feb-2025 08:17:16.645,0.131605,15-Feb-2025 08:17:16.645,0.09332,15-Feb-2025 08:17:16.645,9.863214
15-Feb-2025 08:17:16.665,0.150748,15-Feb-2025 08:17:16.665,0.098106,15-Feb-2025 08:17:16.665,9.858429
15-Feb-2025 08:17:16.685,0.145962,15-Feb-2025 08:17:16.685,0.088534,15-Feb-2025 08:17:16.685,9.863214
15-Feb-2025 08:17:16.705,0.145962,15-Feb-2025 08:17:16.705,0.088534,15-Feb-2025 08:17:16.705,9.873384
15-Feb-2025 08:17:16.725,0.131605,15-Feb-2025 08:17:16.725,0.078963,15-Feb-2025 08:17:16.725,9.858429
15-Feb-2025 08:17:16.745,0.131605,15-Feb-2025 08:17:16.745,0.083749,15-Feb-2025 08:17:16.745,9.863214
15-Feb-2025 08:17:16.765,0.141177,15-Feb-2025 08:17:16.765,0.083749,15-Feb-2025 08:17:16.765,9.873384
15-Feb-2025 08:17:16.785,0.145962,15-Feb-2025 08:17:16.785,0.098106,15-Feb-2025 08:17:16.785,9.863214
15-Feb-2025 08:17:16.805,0.131605,15-Feb-2025 08:17:16.805,0.09332,15-Feb-2025 08:17:16.805,9.853643
15-Feb-2025 08:17:16.825,0.12682,15-Feb-2025 08:17:16.825,0.088534,15-Feb-2025 08:17:16.825,9.853643
15-Feb-2025 08:17:16.845,0.136391,15-Feb-2025 08:17:16.845,0.088534,15-Feb-2025 08:17:16.845,9.848858
15-Feb-2025 08:17:16.865,0.141177,15-Feb-2025 08:17:16.865,0.088534,15-Feb-2025 08:17:16.865,9.873384
15-Feb-2025 08:17:16.884,0.141177,15-Feb-2025 08:17:16.884,0.098106,15-Feb-2025 08:17:16.884,9.863214
15-Feb-2025 08:17:16.905,0.145962,15-Feb-2025 08:17:16.905,0.088534,15-Feb-2025 08:17:16.905,9.858429
15-Feb-2025 08:17:16.925,0.136391,15-Feb-2025 08:17:16.925,0.088534,15-Feb-2025 08:17:16.925,9.853643
15-Feb-2025 08:17:16.945,0.136391,15-Feb-2025 08:17:16.945,0.098106,15-Feb-2025 08:17:16.945,9.853643
15-Feb-2025 08:17:16.965,0.141177,15-Feb-2025 08:17:16.965,0.083749,15-Feb-2025 08:17:16.965,9.858429
15-Feb-2025 08:17:16.985,0.141177,15-Feb-2025 08:17:16.985,0.083749,15-Feb-2025 08:17:16.985,9.863214
15-Feb-2025 08:17:17.005,0.141177,15-Feb-2025 08:17:17.005,0.09332,15-Feb-2025 08:17:17.005,9.873384
15-Feb-2025 08:17:17.025,0.131605,15-Feb-2025 08:17:17.025,0.088534,15-Feb-2025 08:17:17.025,9.863214
15-Feb-2025 08:17:17.044,0.122034,15-Feb-2025 08:17:17.044,0.078963,15-Feb-2025 08:17:17.044,9.853643
15-Feb-2025 08:17:17.064,0.136391,15-Feb-2025 08:17:17.064,0.098106,15-Feb-2025 08:17:17.064,9.863214
15-Feb-2025 08:17:17.084,0.145962,15-Feb-2025 08:17:17.084,0.102891,15-Feb-2025 08:17:17.084,9.868599
15-Feb-2025 08:17:17.104,0.131605,15-Feb-2025 08:17:17.104,0.088534,15-Feb-2025 08:17:17.104,9.858429
15-Feb-2025 08:17:17.124,0.136391,15-Feb-2025 08:17:17.124,0.09332,15-Feb-2025 08:17:17.124,9.858429
15-Feb-2025 08:17:17.144,0.136391,15-Feb-2025 08:17:17.144,0.078963,15-Feb-2025 08:17:17.144,9.863214
15-Feb-2025 08:17:17.164,0.136391,15-Feb-2025 08:17:17.164,0.09332,15-Feb-2025 08:17:17.164,9.863214
15-Feb-2025 08:17:17.184,0.131605,15-Feb-2025 08:17:17.184,0.102891,15-Feb-2025 08:17:17.184,9.868599
15-Feb-2025 08:17:17.204,0.136391,15-Feb-2025 08:17:17.204,0.088534,15-Feb-2025 08:17:17.204,9.868599
15-Feb-2025 08:17:17.224,0.136391,15-Feb-2025 08:17:17.224,0.09332,15-Feb-2025 08:17:17.224,9.853643
15-Feb-2025 08:17:17.244,0.141177,15-Feb-2025 08:17:17.244,0.088534,15-Feb-2025 08:17:17.244,9.868599
15-Feb-2025 08:17:17.264,0.145962,15-Feb-2025 08:17:17.264,0.088534,15-Feb-2025 08:17:17.264,9.853643
15-Feb-2025 08:17:17.284,0.136391,15-Feb-2025 08:17:17.284,0.083749,15-Feb-2025 08:17:17.284,9.858429
15-Feb-2025 08:17:17.304,0.145962,15-Feb-2025 08:17:17.304,0.09332,15-Feb-2025 08:17:17.304,9.863214
15-Feb-2025 08:17:17.324,0.141177,15-Feb-2025 08:17:17.324,0.088534,15-Feb-2025 08:17:17.324,9.868599
15-Feb-2025 08:17:17.344,0.122034,15-Feb-2025 08:17:17.344,0.088534,15-Feb-2025 08:17:17.344,9.858429
15-Feb-2025 08:17:17.364,0.136391,15-Feb-2025 08:17:17.364,0.09332,15-Feb-2025 08:17:17.364,9.863214
15-Feb-2025 08:17:17.384,0.141177,15-Feb-2025 08:17:17.384,0.078963,15-Feb-2025 08:17:17.384,9.87817
15-Feb-2025 08:17:17.404,0.12682,15-Feb-2025 08:17:17.404,0.09332,15-Feb-2025 08:17:17.404,9.868599
15-Feb-2025 08:17:17.424,0.131605,15-Feb-2025 08:17:17.424,0.098106,15-Feb-2025 08:17:17.424,9.858429
15-Feb-2025 08:17:17.444,0.12682,15-Feb-2025 08:17:17.444,0.074178,15-Feb-2025 08:17:17.444,9.858429
15-Feb-2025 08:17:17.464,0.136391,15-Feb-2025 08:17:17.464,0.09332,15-Feb-2025 08:17:17.464,9.868599
15-Feb-2025 08:17:17.484,0.131605,15-Feb-2025 08:17:17.484,0.09332,15-Feb-2025 08:17:17.484,9.853643
15-Feb-2025 08:17:17.504,0.136391,15-Feb-2025 08:17:17.504,0.083749,15-Feb-2025 08:17:17.504,9.858429
15-Feb-2025 08:17:17.524,0.12682,15-Feb-2025 08:17:17.524,0.088534,15-Feb-2025 08:17:17.524,9.863214
15-Feb-2025 08:17:17.544,0.141177,15-Feb-2025 08:17:17.544,0.098106,15-Feb-2025 08:17:17.544,9.868599
15-Feb-2025 08:17:17.564,0.145962,15-Feb-2025 08:17:17.564,0.098106,15-Feb-2025 08:17:17.564,9.863214
15-Feb-2025 08:17:17.584,0.136391,15-Feb-2025 08:17:17.584,0.098106,15-Feb-2025 08:17:17.584,9.853643
15-Feb-2025 08:17:17.604,0.136391,15-Feb-2025 08:17:17.604,0.088534,15-Feb-2025 08:17:17.604,9.868599
15-Feb-2025 08:17:17.624,0.141177,15-Feb-2025 08:17:17.624,0.088534,15-Feb-2025 08:17:17.624,9.87817
15-Feb-2025 08:17:17.644,0.12682,15-Feb-2025 08:17:17.644,0.09332,15-Feb-2025 08:17:17.644,9.853643
15-Feb-2025 08:17:17.664,0.141177,15-Feb-2025 08:17:17.664,0.078963,15-Feb-2025 08:17:17.664,9.863214
15-Feb-2025 08:17:17.684,0.150748,15-Feb-2025 08:17:17.684,0.088534,15-Feb-2025 08:17:17.684,9.868599
15-Feb-2025 08:17:17.704,0.141177,15-Feb-2025 08:17:17.704,0.09332,15-Feb-2025 08:17:17.704,9.858429
15-Feb-2025 08:17:17.724,0.136391,15-Feb-2025 08:17:17.724,0.102891,15-Feb-2025 08:17:17.724,9.853643
15-Feb-2025 08:17:17.744,0.141177,15-Feb-2025 08:17:17.744,0.078963,15-Feb-2025 08:17:17.744,9.863214
15-Feb-2025 08:17:17.764,0.141177,15-Feb-2025 08:17:17.764,0.074178,15-Feb-2025 08:17:17.764,9.863214
15-Feb-2025 08:17:17.784,0.131605,15-Feb-2025 08:17:17.784,0.098106,15-Feb-2025 08:17:17.784,9.858429
15-Feb-2025 08:17:17.804,0.145962,15-Feb-2025 08:17:17.804,0.102891,15-Feb-2025 08:17:17.804,9.863214
15-Feb-2025 08:17:17.824,0.136391,15-Feb-2025 08:17:17.824,0.083749,15-Feb-2025 08:17:17.824,9.853643
15-Feb-2025 08:17:17.844,0.136391,15-Feb-2025 08:17:17.844,0.088534,15-Feb-2025 08:17:17.844,9.853643
15-Feb-2025 08:17:17.864,0.141177,15-Feb-2025 08:17:17.864,0.088534,15-Feb-2025 08:17:17.864,9.848858
15-Feb-2025 08:17:17.884,0.131605,15-Feb-2025 08:17:17.884,0.098106,15-Feb-2025 08:17:17.884,9.848858
15-Feb-2025 08:17:17.904,0.145962,15-Feb-2025 08:17:17.904,0.09332,15-Feb-2025 08:17:17.904,9.863214
15-Feb-2025 08:17:17.924,0.122034,15-Feb-2025 08:17:17.924,0.088534,15-Feb-2025 08:17:17.924,9.863214
15-Feb-2025 08:17:17.944,0.12682,15-Feb-2025 08:17:17.944,0.102891,15-Feb-2025 08:17:17.944,9.868599
15-Feb-2025 08:17:17.964,0.160319,15-Feb-2025 08:17:17.964,0.088534,15-Feb-2025 08:17:17.964,9.863214
15-Feb-2025 08:17:17.983,0.131605,15-Feb-2025 08:17:17.983,0.088534,15-Feb-2025 08:17:17.983,9.858429
15-Feb-2025 08:17:18.003,0.136391,15-Feb-2025 08:17:18.003,0.088534,15-Feb-2025 08:17:18.003,9.839287
15-Feb-2025 08:17:18.023,0.141177,15-Feb-2025 08:17:18.023,0.09332,15-Feb-2025 08:17:18.023,9.844072
15-Feb-2025 08:17:18.043,0.136391,15-Feb-2025 08:17:18.043,0.09332,15-Feb-2025 08:17:18.043,9.858429
15-Feb-2025 08:17:18.063,0.131605,15-Feb-2025 08:17:18.063,0.102891,15-Feb-2025 08:17:18.063,9.868599
15-Feb-2025 08:17:18.083,0.145962,15-Feb-2025 08:17:18.083,0.078963,15-Feb-2025 08:17:18.083,9.858429
15-Feb-2025 08:17:18.103,0.145962,15-Feb-2025 08:17:18.103,0.083749,15-Feb-2025 08:17:18.103,9.848858
15-Feb-2025 08:17:18.123,0.136391,15-Feb-2025 08:17:18.123,0.088534,15-Feb-2025 08:17:18.123,9.858429
15-Feb-2025 08:17:18.143,0.136391,15-Feb-2025 08:17:18.143,0.078963,15-Feb-2025 08:17:18.143,9.848858
15-Feb-2025 08:17:18.163,0.141177,15-Feb-2025 08:17:18.163,0.083749,15-Feb-2025 08:17:18.163,9.863214
15-Feb-2025 08:17:18.183,0.141177,15-Feb-2025 08:17:18.183,0.098106,15-Feb-2025 08:17:18.183,9.873384
15-Feb-2025 08:17:18.203,0.136391,15-Feb-2025 08:17:18.203,0.088534,15-Feb-2025 08:17:18.203,9.868599
15-Feb-2025 08:17:18.223,0.141177,15-Feb-2025 08:17:18.223,0.09332,15-Feb-2025 08:17:18.223,9.853643
15-Feb-2025 08:17:18.243,0.131605,15-Feb-2025 08:17:18.243,0.083749,15-Feb-2025 08:17:18.243,9.863214
15-Feb-2025 08:17:18.263,0.131605,15-Feb-2025 08:17:18.263,0.083749,15-Feb-2025 08:17:18.263,9.868599
15-Feb-2025 08:17:18.283,0.131605,15-Feb-2025 08:17:18.283,0.088534,15-Feb-2025 08:17:18.283,9.858429
15-Feb-2025 08:17:18.303,0.131605,15-Feb-2025 08:17:18.303,0.088534,15-Feb-2025 08:17:18.303,9.858429
15-Feb-2025 08:17:18.323,0.136391,15-Feb-2025 08:17:18.323,0.09332,15-Feb-2025 08:17:18.323,9.853643
15-Feb-2025 08:17:18.343,0.12682,15-Feb-2025 08:17:18.343,0.098106,15-Feb-2025 08:17:18.343,9.853643
15-Feb-2025 08:17:18.363,0.122034,15-Feb-2025 08:17:18.363,0.102891,15-Feb-2025 08:17:18.363,9.863214
15-Feb-2025 08:17:18.383,0.136391,15-Feb-2025 08:17:18.383,0.098106,15-Feb-2025 08:17:18.383,9.863214
15-Feb-2025 08:17:18.403,0.141177,15-Feb-2025 08:17:18.403,0.074178,15-Feb-2025 08:17:18.403,9.863214
15-Feb-2025 08:17:18.423,0.141177,15-Feb-2025 08:17:18.423,0.09332,15-Feb-2025 08:17:18.423,9.858429
15-Feb-2025 08:17:18.443,0.131605,15-Feb-2025 08:17:18.443,0.09332,15-Feb-2025 08:17:18.443,9.858429
15-Feb-2025 08:17:18.463,0.136391,15-Feb-2025 08:17:18.463,0.098106,15-Feb-2025 08:17:18.463,9.853643
15-Feb-2025 08:17:18.483,0.12682,15-Feb-2025 08:17:18.483,0.09332,15-Feb-2025 08:17:18.483,9.858429
15-Feb-2025 08:17:18.503,0.136391,15-Feb-2025 08:17:18.503,0.088534,15-Feb-2025 08:17:18.503,9.853643
15-Feb-2025 08:17:18.523,0.150748,15-Feb-2025 08:17:18.523,0.088534,15-Feb-2025 08:17:18.523,9.858429
15-Feb-2025 08:17:18.543,0.131605,15-Feb-2025 08:17:18.543,0.098106,15-Feb-2025 08:17:18.543,9.858429
15-Feb-2025 08:17:18.563,0.145962,15-Feb-2025 08:17:18.563,0.09332,15-Feb-2025 08:17:18.563,9.858429
15-Feb-2025 08:17:18.583,0.131605,15-Feb-2025 08:17:18.583,0.088534,15-Feb-2025 08:17:18.583,9.863214
15-Feb-2025 08:17:18.603,0.136391,15-Feb-2025 08:17:18.603,0.098106,15-Feb-2025 08:17:18.603,9.87817
15-Feb-2025 08:17:18.623,0.122034,15-Feb-2025 08:17:18.623,0.09332,15-Feb-2025 08:17:18.623,9.863214
15-Feb-2025 08:17:18.643,0.112463,15-Feb-2025 08:17:18.643,0.09332,15-Feb-2025 08:17:18.643,9.868599
15-Feb-2025 08:17:18.663,0.122034,15-Feb-2025 08:17:18.663,0.088534,15-Feb-2025 08:17:18.663,9.858429
15-Feb-2025 08:17:18.683,0.136391,15-Feb-2025 08:17:18.683,0.083749,15-Feb-2025 08:17:18.683,9.863214
15-Feb-2025 08:17:18.703,0.141177,15-Feb-2025 08:17:18.703,0.088534,15-Feb-2025 08:17:18.703,9.853643
15-Feb-2025 08:17:18.723,0.131605,15-Feb-2025 08:17:18.723,0.098106,15-Feb-2025 08:17:18.723,9.858429
15-Feb-2025 08:17:18.743,0.12682,15-Feb-2025 08:17:18.743,0.09332,15-Feb-2025 08:17:18.743,9.873384
15-Feb-2025 08:17:18.763,0.131605,15-Feb-2025 08:17:18.763,0.088534,15-Feb-2025 08:17:18.763,9.858429
15-Feb-2025 08:17:18.783,0.136391,15-Feb-2025 08:17:18.783,0.102891,15-Feb-2025 08:17:18.783,9.863214
15-Feb-2025 08:17:18.803,0.131605,15-Feb-2025 08:17:18.803,0.102891,15-Feb-2025 08:17:18.803,9.853643
15-Feb-2025 08:17:18.823,0.141177,15-Feb-2025 08:17:18.823,0.09332,15-Feb-2025 08:17:18.823,9.858429
15-Feb-2025 08:17:18.843,0.136391,15-Feb-2025 08:17:18.843,0.088534,15-Feb-2025 08:17:18.843,9.863214
15-Feb-2025 08:17:18.863,0.131605,15-Feb-2025 08:17:18.863,0.088534,15-Feb-2025 08:17:18.863,9.863214
15-Feb-2025 08:17:18.883,0.141177,15-Feb-2025 08:17:18.883,0.098106,15-Feb-2025 08:17:18.883,9.868599
15-Feb-2025 08:17:18.903,0.136391,15-Feb-2025 08:17:18.903,0.098106,15-Feb-2025 08:17:18.903,9.863214
15-Feb-2025 08:17:18.923,0.141177,15-Feb-2025 08:17:18.923,0.09332,15-Feb-2025 08:17:18.923,9.863214
15-Feb-2025 08:17:18.943,0.131605,15-Feb-2025 08:17:18.943,0.088534,15-Feb-2025 08:17:18.943,9.868599
15-Feb-2025 08:17:18.963,0.131605,15-Feb-2025 08:17:18.963,0.09332,15-Feb-2025 08:17:18.963,9.858429
15-Feb-2025 08:17:18.983,0.141177,15-Feb-2025 08:17:18.983,0.088534,15-Feb-2025 08:17:18.983,9.868599
15-Feb-2025 08:17:19.002,0.131605,15-Feb-2025 08:17:19.002,0.098106,15-Feb-2025 08:17:19.002,9.87817
15-Feb-2025 08:17:19.022,0.131605,15-Feb-2025 08:17:19.022,0.098106,15-Feb-2025 08:17:19.022,9.863214
15-Feb-2025 08:17:19.042,0.12682,15-Feb-2025 08:17:19.042,0.09332,15-Feb-2025 08:17:19.042,9.863214
15-Feb-2025 08:17:19.062,0.12682,15-Feb-2025 08:17:19.062,0.078963,15-Feb-2025 08:17:19.062,9.858429
15-Feb-2025 08:17:19.082,0.136391,15-Feb-2025 08:17:19.082,0.083749,15-Feb-2025 08:17:19.082,9.853643
15-Feb-2025 08:17:19.102,0.136391,15-Feb-2025 08:17:19.102,0.088534,15-Feb-2025 08:17:19.102,9.858429
15-Feb-2025 08:17:19.122,0.145962,15-Feb-2025 08:17:19.122,0.098106,15-Feb-2025 08:17:19.122,9.863214
15-Feb-2025 08:17:19.142,0.150748,15-Feb-2025 08:17:19.142,0.088534,15-Feb-2025 08:17:19.142,9.868599
15-Feb-2025 08:17:19.162,0.12682,15-Feb-2025 08:17:19.162,0.098106,15-Feb-2025 08:17:19.162,9.848858
15-Feb-2025 08:17:19.182,0.12682,15-Feb-2025 08:17:19.182,0.083749,15-Feb-2025 08:17:19.182,9.848858
15-Feb-2025 08:17:19.202,0.150748,15-Feb-2025 08:17:19.202,0.09332,15-Feb-2025 08:17:19.202,9.863214
15-Feb-2025 08:17:19.222,0.117248,15-Feb-2025 08:17:19.222,0.088534,15-Feb-2025 08:17:19.222,9.868599
15-Feb-2025 08:17:19.242,0.141177,15-Feb-2025 08:17:19.242,0.09332,15-Feb-2025 08:17:19.242,9.858429
15-Feb-2025 08:17:19.262,0.155533,15-Feb-2025 08:17:19.262,0.083749,15-Feb-2025 08:17:19.262,9.863214
15-Feb-2025 08:17:19.282,0.136391,15-Feb-2025 08:17:19.282,0.083749,15-Feb-2025 08:17:19.282,9.858429
15-Feb-2025 08:17:19.302,0.131605,15-Feb-2025 08:17:19.302,0.083749,15-Feb-2025 08:17:19.302,9.873384
15-Feb-2025 08:17:19.322,0.136391,15-Feb-2025 08:17:19.322,0.078963,15-Feb-2025 08:17:19.322,9.868599
15-Feb-2025 08:17:19.342,0.12682,15-Feb-2025 08:17:19.342,0.088534,15-Feb-2025 08:17:19.342,9.873384
15-Feb-2025 08:17:19.362,0.131605,15-Feb-2025 08:17:19.362,0.088534,15-Feb-2025 08:17:19.362,9.858429
15-Feb-2025 08:17:19.382,0.122034,15-Feb-2025 08:17:19.382,0.088534,15-Feb-2025 08:17:19.382,9.848858
15-Feb-2025 08:17:19.402,0.131605,15-Feb-2025 08:17:19.402,0.09332,15-Feb-2025 08:17:19.402,9.868599
15-Feb-2025 08:17:19.422,0.145962,15-Feb-2025 08:17:19.422,0.088534,15-Feb-2025 08:17:19.422,9.863214
15-Feb-2025 08:17:19.442,0.141177,15-Feb-2025 08:17:19.442,0.088534,15-Feb-2025 08:17:19.442,9.858429
15-Feb-2025 08:17:19.462,0.12682,15-Feb-2025 08:17:19.462,0.098106,15-Feb-2025 08:17:19.462,9.858429
15-Feb-2025 08:17:19.482,0.117248,15-Feb-2025 08:17:19.482,0.09332,15-Feb-2025 08:17:19.482,9.848858
15-Feb-2025 08:17:19.502,0.136391,15-Feb-2025 08:17:19.502,0.083749,15-Feb-2025 08:17:19.502,9.868599
15-Feb-2025 08:17:19.522,0.136391,15-Feb-2025 08:17:19.522,0.088534,15-Feb-2025 08:17:19.522,9.853643
15-Feb-2025 08:17:19.542,0.131605,15-Feb-2025 08:17:19.542,0.083749,15-Feb-2025 08:17:19.542,9.858429
15-Feb-2025 08:17:19.562,0.12682,15-Feb-2025 08:17:19.562,0.09332,15-Feb-2025 08:17:19.562,9.863214
15-Feb-2025 08:17:19.582,0.141177,15-Feb-2025 08:17:19.582,0.09332,15-Feb-2025 08:17:19.582,9.863214
15-Feb-2025 08:17:19.602,0.145962,15-Feb-2025 08:17:19.602,0.083749,15-Feb-2025 08:17:19.602,9.858429
15-Feb-2025 08:17:19.622,0.136391,15-Feb-2025 08:17:19.622,0.083749,15-Feb-2025 08:17:19.622,9.868599
15-Feb-2025 08:17:19.642,0.131605,15-Feb-2025 08:17:19.642,0.088534,15-Feb-2025 08:17:19.642,9.873384
15-Feb-2025 08:17:19.662,0.131605,15-Feb-2025 08:17:19.662,0.09332,15-Feb-2025 08:17:19.662,9.863214
15-Feb-2025 08:17:19.682,0.12682,15-Feb-2025 08:17:19.682,0.107677,15-Feb-2025 08:17:19.682,9.858429
15-Feb-2025 08:17:19.702,0.117248,15-Feb-2025 08:17:19.702,0.09332,15-Feb-2025 08:17:19.702,9.858429
15-Feb-2025 08:17:19.722,0.12682,15-Feb-2025 08:17:19.722,0.083749,15-Feb-2025 08:17:19.722,9.868599
15-Feb-2025 08:17:19.742,0.131605,15-Feb-2025 08:17:19.742,0.083749,15-Feb-2025 08:17:19.742,9.858429
15-Feb-2025 08:17:19.762,0.136391,15-Feb-2025 08:17:19.762,0.098106,15-Feb-2025 08:17:19.762,9.853643
15-Feb-2025 08:17:19.782,0.136391,15-Feb-2025 08:17:19.782,0.088534,15-Feb-2025 08:17:19.782,9.868599
15-Feb-2025 08:17:19.802,0.136391,15-Feb-2025 08:17:19.802,0.078963,15-Feb-2025 08:17:19.802,9.873384
15-Feb-2025 08:17:19.822,0.141177,15-Feb-2025 08:17:19.822,0.083749,15-Feb-2025 08:17:19.822,9.853643
15-Feb-2025 08:17:19.842,0.12682,15-Feb-2025 08:17:19.842,0.098106,15-Feb-2025 08:17:19.842,9.848858
15-Feb-2025 08:17:19.862,0.12682,15-Feb-2025 08:17:19.862,0.112463,15-Feb-2025 08:17:19.862,9.848858
15-Feb-2025 08:17:19.882,0.141177,15-Feb-2025 08:17:19.882,0.098106,15-Feb-2025 08:17:19.882,9.887741
15-Feb-2025 08:17:19.902,0.12682,15-Feb-2025 08:17:19.902,0.102891,15-Feb-2025 08:17:19.902,9.834501
15-Feb-2025 08:17:19.922,0.12682,15-Feb-2025 08:17:19.922,0.098106,15-Feb-2025 08:17:19.922,9.848858
15-Feb-2025 08:17:19.942,0.122034,15-Feb-2025 08:17:19.942,0.083749,15-Feb-2025 08:17:19.942,9.902099
15-Feb-2025 08:17:19.961,0.107677,15-Feb-2025 08:17:19.961,0.09332,15-Feb-2025 08:17:19.961,9.82493
15-Feb-2025 08:17:19.980,0.12682,15-Feb-2025 08:17:19.980,0.09332,15-Feb-2025 08:17:19.980,9.882956
15-Feb-2025 08:17:20.001,0.141177,15-Feb-2025 08:17:20.001,0.083749,15-Feb-2025 08:17:20.001,9.897313
15-Feb-2025 08:17:20.021,0.122034,15-Feb-2025 08:17:20.021,0.09332,15-Feb-2025 08:17:20.021,9.853643
15-Feb-2025 08:17:20.041,0.12682,15-Feb-2025 08:17:20.041,0.09332,15-Feb-2025 08:17:20.041,9.873384
15-Feb-2025 08:17:20.061,0.136391,15-Feb-2025 08:17:20.061,0.088534,15-Feb-2025 08:17:20.061,9.868599
15-Feb-2025 08:17:20.081,0.131605,15-Feb-2025 08:17:20.081,0.088534,15-Feb-2025 08:17:20.081,9.863214
15-Feb-2025 08:17:20.101,0.155533,15-Feb-2025 08:17:20.101,0.09332,15-Feb-2025 08:17:20.101,9.887741
15-Feb-2025 08:17:20.121,0.141177,15-Feb-2025 08:17:20.121,0.088534,15-Feb-2025 08:17:20.121,9.868599
15-Feb-2025 08:17:20.141,0.131605,15-Feb-2025 08:17:20.141,0.088534,15-Feb-2025 08:17:20.141,9.853643
15-Feb-2025 08:17:20.161,0.131605,15-Feb-2025 08:17:20.161,0.069392,15-Feb-2025 08:17:20.161,9.863214
15-Feb-2025 08:17:20.181,0.131605,15-Feb-2025 08:17:20.181,0.078963,15-Feb-2025 08:17:20.181,9.853643
15-Feb-2025 08:17:20.201,0.141177,15-Feb-2025 08:17:20.201,0.088534,15-Feb-2025 08:17:20.201,9.863214
15-Feb-2025 08:17:20.221,0.141177,15-Feb-2025 08:17:20.221,0.078963,15-Feb-2025 08:17:20.221,9.868599
15-Feb-2025 08:17:20.241,0.136391,15-Feb-2025 08:17:20.241,0.083749,15-Feb-2025 08:17:20.241,9.848858
15-Feb-2025 08:17:20.261,0.131605,15-Feb-2025 08:17:20.261,0.088534,15-Feb-2025 08:17:20.261,9.858429
15-Feb-2025 08:17:20.281,0.131605,15-Feb-2025 08:17:20.281,0.083749,15-Feb-2025 08:17:20.281,9.873384
15-Feb-2025 08:17:20.301,0.131605,15-Feb-2025 08:17:20.301,0.088534,15-Feb-2025 08:17:20.301,9.863214
15-Feb-2025 08:17:20.321,0.160319,15-Feb-2025 08:17:20.321,0.083749,15-Feb-2025 08:17:20.321,9.887741
15-Feb-2025 08:17:20.341,0.150748,15-Feb-2025 08:17:20.341,0.09332,15-Feb-2025 08:17:20.341,9.902099
15-Feb-2025 08:17:20.361,0.098106,15-Feb-2025 08:17:20.361,0.107677,15-Feb-2025 08:17:20.361,9.786645
15-Feb-2025 08:17:20.381,0.117248,15-Feb-2025 08:17:20.381,0.083749,15-Feb-2025 08:17:20.381,9.863214
15-Feb-2025 08:17:20.401,0.155533,15-Feb-2025 08:17:20.401,0.078963,15-Feb-2025 08:17:20.401,9.916455
15-Feb-2025 08:17:20.421,0.117248,15-Feb-2025 08:17:20.421,0.102891,15-Feb-2025 08:17:20.421,9.820144
15-Feb-2025 08:17:20.441,0.12682,15-Feb-2025 08:17:20.441,0.09332,15-Feb-2025 08:17:20.441,9.863214
15-Feb-2025 08:17:20.461,0.150748,15-Feb-2025 08:17:20.461,0.088534,15-Feb-2025 08:17:20.461,9.873384
15-Feb-2025 08:17:20.481,0.12682,15-Feb-2025 08:17:20.481,0.09332,15-Feb-2025 08:17:20.481,9.844072
15-Feb-2025 08:17:20.501,0.12682,15-Feb-2025 08:17:20.501,0.088534,15-Feb-2025 08:17:20.501,9.863214
15-Feb-2025 08:17:20.521,0.122034,15-Feb-2025 08:17:20.521,0.078963,15-Feb-2025 08:17:20.521,9.868599
15-Feb-2025 08:17:20.541,0.12682,15-Feb-2025 08:17:20.541,0.09332,15-Feb-2025 08:17:20.541,9.863214
15-Feb-2025 08:17:20.561,0.141177,15-Feb-2025 08:17:20.561,0.083749,15-Feb-2025 08:17:20.561,9.868599
15-Feb-2025 08:17:20.581,0.136391,15-Feb-2025 08:17:20.581,0.078963,15-Feb-2025 08:17:20.581,9.863214
15-Feb-2025 08:17:20.601,0.112463,15-Feb-2025 08:17:20.601,0.088534,15-Feb-2025 08:17:20.601,9.853643
15-Feb-2025 08:17:20.621,0.141177,15-Feb-2025 08:17:20.621,0.088534,15-Feb-2025 08:17:20.621,9.868599
15-Feb-2025 08:17:20.641,0.131605,15-Feb-2025 08:17:20.641,0.09332,15-Feb-2025 08:17:20.641,9.868599
15-Feb-2025 08:17:20.661,0.122034,15-Feb-2025 08:17:20.661,0.09332,15-Feb-2025 08:17:20.661,9.863214
15-Feb-2025 08:17:20.681,0.131605,15-Feb-2025 08:17:20.681,0.088534,15-Feb-2025 08:17:20.681,9.868599
15-Feb-2025 08:17:20.701,0.141177,15-Feb-2025 08:17:20.701,0.083749,15-Feb-2025 08:17:20.701,9.858429
15-Feb-2025 08:17:20.721,0.112463,15-Feb-2025 08:17:20.721,0.083749,15-Feb-2025 08:17:20.721,9.858429
15-Feb-2025 08:17:20.741,0.131605,15-Feb-2025 08:17:20.741,0.09332,15-Feb-2025 08:17:20.741,9.863214
15-Feb-2025 08:17:20.761,0.141177,15-Feb-2025 08:17:20.761,0.09332,15-Feb-2025 08:17:20.761,9.853643
15-Feb-2025 08:17:20.781,0.12682,15-Feb-2025 08:17:20.781,0.083749,15-Feb-2025 08:17:20.781,9.858429
15-Feb-2025 08:17:20.801,0.131605,15-Feb-2025 08:17:20.801,0.088534,15-Feb-2025 08:17:20.801,9.868599
15-Feb-2025 08:17:20.821,0.12682,15-Feb-2025 08:17:20.821,0.098106,15-Feb-2025 08:17:20.821,9.863214
15-Feb-2025 08:17:20.841,0.136391,15-Feb-2025 08:17:20.841,0.09332,15-Feb-2025 08:17:20.841,9.863214
15-Feb-2025 08:17:20.861,0.12682,15-Feb-2025 08:17:20.861,0.098106,15-Feb-2025 08:17:20.861,9.844072
15-Feb-2025 08:17:20.881,0.12682,15-Feb-2025 08:17:20.881,0.088534,15-Feb-2025 08:17:20.881,9.844072
15-Feb-2025 08:17:20.901,0.117248,15-Feb-2025 08:17:20.901,0.088534,15-Feb-2025 08:17:20.901,9.858429
15-Feb-2025 08:17:20.921,0.122034,15-Feb-2025 08:17:20.921,0.098106,15-Feb-2025 08:17:20.921,9.863214
15-Feb-2025 08:17:20.941,0.131605,15-Feb-2025 08:17:20.941,0.09332,15-Feb-2025 08:17:20.941,9.868599
15-Feb-2025 08:17:20.960,0.131605,15-Feb-2025 08:17:20.960,0.09332,15-Feb-2025 08:17:20.960,9.868599
15-Feb-2025 08:17:20.980,0.141177,15-Feb-2025 08:17:20.980,0.102891,15-Feb-2025 08:17:20.980,9.868599
15-Feb-2025 08:17:21.000,0.12682,15-Feb-2025 08:17:21.000,0.088534,15-Feb-2025 08:17:21.000,9.853643
15-Feb-2025 08:17:21.020,0.136391,15-Feb-2025 08:17:21.020,0.09332,15-Feb-2025 08:17:21.020,9.853643
15-Feb-2025 08:17:21.040,0.145962,15-Feb-2025 08:17:21.040,0.102891,15-Feb-2025 08:17:21.040,9.853643
15-Feb-2025 08:17:21.060,0.131605,15-Feb-2025 08:17:21.060,0.078963,15-Feb-2025 08:17:21.060,9.863214
15-Feb-2025 08:17:21.080,0.12682,15-Feb-2025 08:17:21.080,0.074178,15-Feb-2025 08:17:21.080,9.858429
15-Feb-2025 08:17:21.100,0.136391,15-Feb-2025 08:17:21.100,0.098106,15-Feb-2025 08:17:21.100,9.863214
15-Feb-2025 08:17:21.119,0.131605,15-Feb-2025 08:17:21.119,0.083749,15-Feb-2025 08:17:21.119,9.858429
15-Feb-2025 08:17:21.140,0.136391,15-Feb-2025 08:17:21.140,0.09332,15-Feb-2025 08:17:21.140,9.858429
15-Feb-2025 08:17:21.160,0.12682,15-Feb-2025 08:17:21.160,0.09332,15-Feb-2025 08:17:21.160,9.858429
15-Feb-2025 08:17:21.180,0.122034,15-Feb-2025 08:17:21.180,0.088534,15-Feb-2025 08:17:21.180,9.868599
15-Feb-2025 08:17:21.200,0.136391,15-Feb-2025 08:17:21.200,0.09332,15-Feb-2025 08:17:21.200,9.863214
15-Feb-2025 08:17:21.220,0.141177,15-Feb-2025 08:17:21.220,0.09332,15-Feb-2025 08:17:21.220,9.858429
15-Feb-2025 08:17:21.240,0.141177,15-Feb-2025 08:17:21.240,0.09332,15-Feb-2025 08:17:21.240,9.863214
15-Feb-2025 08:17:21.260,0.131605,15-Feb-2025 08:17:21.260,0.088534,15-Feb-2025 08:17:21.260,9.868599
15-Feb-2025 08:17:21.280,0.117248,15-Feb-2025 08:17:21.280,0.088534,15-Feb-2025 08:17:21.280,9.853643
15-Feb-2025 08:17:21.300,0.141177,15-Feb-2025 08:17:21.300,0.09332,15-Feb-2025 08:17:21.300,9.848858
15-Feb-2025 08:17:21.320,0.145962,15-Feb-2025 08:17:21.320,0.088534,15-Feb-2025 08:17:21.320,9.858429
15-Feb-2025 08:17:21.340,0.12682,15-Feb-2025 08:17:21.340,0.088534,15-Feb-2025 08:17:21.340,9.863214
15-Feb-2025 08:17:21.360,0.122034,15-Feb-2025 08:17:21.360,0.083749,15-Feb-2025 08:17:21.360,9.863214
15-Feb-2025 08:17:21.380,0.141177,15-Feb-2025 08:17:21.380,0.09332,15-Feb-2025 08:17:21.380,9.863214
15-Feb-2025 08:17:21.400,0.141177,15-Feb-2025 08:17:21.400,0.098106,15-Feb-2025 08:17:21.400,9.853643
15-Feb-2025 08:17:21.420,0.12682,15-Feb-2025 08:17:21.420,0.088534,15-Feb-2025 08:17:21.420,9.848858
15-Feb-2025 08:17:21.440,0.12682,15-Feb-2025 08:17:21.440,0.09332,15-Feb-2025 08:17:21.440,9.848858
15-Feb-2025 08:17:21.460,0.131605,15-Feb-2025 08:17:21.460,0.098106,15-Feb-2025 08:17:21.460,9.863214
15-Feb-2025 08:17:21.480,0.136391,15-Feb-2025 08:17:21.480,0.09332,15-Feb-2025 08:17:21.480,9.873384
15-Feb-2025 08:17:21.500,0.141177,15-Feb-2025 08:17:21.500,0.083749,15-Feb-2025 08:17:21.500,9.863214
15-Feb-2025 08:17:21.520,0.122034,15-Feb-2025 08:17:21.520,0.074178,15-Feb-2025 08:17:21.520,9.858429
15-Feb-2025 08:17:21.540,0.12682,15-Feb-2025 08:17:21.540,0.074178,15-Feb-2025 08:17:21.540,9.848858
15-Feb-2025 08:17:21.560,0.145962,15-Feb-2025 08:17:21.560,0.088534,15-Feb-2025 08:17:21.560,9.858429
15-Feb-2025 08:17:21.580,0.131605,15-Feb-2025 08:17:21.580,0.09332,15-Feb-2025 08:17:21.580,9.858429
15-Feb-2025 08:17:21.600,0.12682,15-Feb-2025 08:17:21.600,0.09332,15-Feb-2025 08:17:21.600,9.853643
15-Feb-2025 08:17:21.620,0.131605,15-Feb-2025 08:17:21.620,0.088534,15-Feb-2025 08:17:21.620,9.848858
15-Feb-2025 08:17:21.640,0.131605,15-Feb-2025 08:17:21.640,0.098106,15-Feb-2025 08:17:21.640,9.873384
15-Feb-2025 08:17:21.660,0.136391,15-Feb-2025 08:17:21.660,0.083749,15-Feb-2025 08:17:21.660,9.87817
15-Feb-2025 08:17:21.680,0.131605,15-Feb-2025 08:17:21.680,0.088534,15-Feb-2025 08:17:21.680,9.873384
15-Feb-2025 08:17:21.700,0.122034,15-Feb-2025 08:17:21.700,0.102891,15-Feb-2025 08:17:21.700,9.858429
15-Feb-2025 08:17:21.720,0.141177,15-Feb-2025 08:17:21.720,0.09332,15-Feb-2025 08:17:21.720,9.853643
15-Feb-2025 08:17:21.740,0.141177,15-Feb-2025 08:17:21.740,0.088534,15-Feb-2025 08:17:21.740,9.853643
15-Feb-2025 08:17:21.760,0.131605,15-Feb-2025 08:17:21.760,0.088534,15-Feb-2025 08:17:21.760,9.863214
15-Feb-2025 08:17:21.780,0.141177,15-Feb-2025 08:17:21.780,0.083749,15-Feb-2025 08:17:21.780,9.863214
15-Feb-2025 08:17:21.800,0.136391,15-Feb-2025 08:17:21.800,0.09332,15-Feb-2025 08:17:21.800,9.848858
15-Feb-2025 08:17:21.820,0.12682,15-Feb-2025 08:17:21.820,0.088534,15-Feb-2025 08:17:21.820,9.853643
15-Feb-2025 08:17:21.840,0.131605,15-Feb-2025 08:17:21.840,0.078963,15-Feb-2025 08:17:21.840,9.858429
15-Feb-2025 08:17:21.860,0.131605,15-Feb-2025 08:17:21.860,0.088534,15-Feb-2025 08:17:21.860,9.858429
15-Feb-2025 08:17:21.880,0.12682,15-Feb-2025 08:17:21.880,0.088534,15-Feb-2025 08:17:21.880,9.853643
15-Feb-2025 08:17:21.900,0.12682,15-Feb-2025 08:17:21.900,0.078963,15-Feb-2025 08:17:21.900,9.858429
15-Feb-2025 08:17:21.920,0.136391,15-Feb-2025 08:17:21.920,0.09332,15-Feb-2025 08:17:21.920,9.873384
15-Feb-2025 08:17:21.939,0.12682,15-Feb-2025 08:17:21.939,0.09332,15-Feb-2025 08:17:21.939,9.868599
15-Feb-2025 08:17:21.959,0.131605,15-Feb-2025 08:17:21.959,0.078963,15-Feb-2025 08:17:21.959,9.853643
15-Feb-2025 08:17:21.979,0.136391,15-Feb-2025 08:17:21.979,0.083749,15-Feb-2025 08:17:21.979,9.858429
15-Feb-2025 08:17:21.999,0.12682,15-Feb-2025 08:17:21.999,0.088534,15-Feb-2025 08:17:21.999,9.863214
15-Feb-2025 08:17:22.019,0.136391,15-Feb-2025 08:17:22.019,0.088534,15-Feb-2025 08:17:22.019,9.863214
15-Feb-2025 08:17:22.039,0.122034,15-Feb-2025 08:17:22.039,0.098106,15-Feb-2025 08:17:22.039,9.858429
15-Feb-2025 08:17:22.059,0.12682,15-Feb-2025 08:17:22.059,0.09332,15-Feb-2025 08:17:22.059,9.858429
15-Feb-2025 08:17:22.079,0.131605,15-Feb-2025 08:17:22.079,0.078963,15-Feb-2025 08:17:22.079,9.868599
15-Feb-2025 08:17:22.099,0.131605,15-Feb-2025 08:17:22.099,0.098106,15-Feb-2025 08:17:22.099,9.858429
15-Feb-2025 08:17:22.119,0.117248,15-Feb-2025 08:17:22.119,0.098106,15-Feb-2025 08:17:22.119,9.848858
15-Feb-2025 08:17:22.139,0.117248,15-Feb-2025 08:17:22.139,0.098106,15-Feb-2025 08:17:22.139,9.858429
15-Feb-2025 08:17:22.159,0.12682,15-Feb-2025 08:17:22.159,0.09332,15-Feb-2025 08:17:22.159,9.863214
15-Feb-2025 08:17:22.179,0.12682,15-Feb-2025 08:17:22.179,0.078963,15-Feb-2025 08:17:22.179,9.848858
15-Feb-2025 08:17:22.199,0.141177,15-Feb-2025 08:17:22.199,0.078963,15-Feb-2025 08:17:22.199,9.853643
15-Feb-2025 08:17:22.219,0.131605,15-Feb-2025 08:17:22.219,0.083749,15-Feb-2025 08:17:22.219,9.853643
15-Feb-2025 08:17:22.239,0.12682,15-Feb-2025 08:17:22.239,0.088534,15-Feb-2025 08:17:22.239,9.868599
15-Feb-2025 08:17:22.259,0.12682,15-Feb-2025 08:17:22.259,0.09332,15-Feb-2025 08:17:22.259,9.868599
15-Feb-2025 08:17:22.279,0.12682,15-Feb-2025 08:17:22.279,0.088534,15-Feb-2025 08:17:22.279,9.853643
15-Feb-2025 08:17:22.299,0.131605,15-Feb-2025 08:17:22.299,0.09332,15-Feb-2025 08:17:22.299,9.868599
15-Feb-2025 08:17:22.319,0.131605,15-Feb-2025 08:17:22.319,0.09332,15-Feb-2025 08:17:22.319,9.868599
15-Feb-2025 08:17:22.339,0.122034,15-Feb-2025 08:17:22.339,0.078963,15-Feb-2025 08:17:22.339,9.858429
15-Feb-2025 08:17:22.359,0.136391,15-Feb-2025 08:17:22.359,0.078963,15-Feb-2025 08:17:22.359,9.858429
15-Feb-2025 08:17:22.379,0.136391,15-Feb-2025 08:17:22.379,0.09332,15-Feb-2025 08:17:22.379,9.868599
15-Feb-2025 08:17:22.399,0.122034,15-Feb-2025 08:17:22.399,0.083749,15-Feb-2025 08:17:22.399,9.863214
15-Feb-2025 08:17:22.419,0.136391,15-Feb-2025 08:17:22.419,0.083749,15-Feb-2025 08:17:22.419,9.853643
15-Feb-2025 08:17:22.439,0.131605,15-Feb-2025 08:17:22.439,0.083749,15-Feb-2025 08:17:22.439,9.863214
15-Feb-2025 08:17:22.459,0.150748,15-Feb-2025 08:17:22.459,0.09332,15-Feb-2025 08:17:22.459,9.848858
15-Feb-2025 08:17:22.479,0.136391,15-Feb-2025 08:17:22.479,0.088534,15-Feb-2025 08:17:22.479,9.863214
15-Feb-2025 08:17:22.499,0.136391,15-Feb-2025 08:17:22.499,0.078963,15-Feb-2025 08:17:22.499,9.858429
15-Feb-2025 08:17:22.519,0.141177,15-Feb-2025 08:17:22.519,0.078963,15-Feb-2025 08:17:22.519,9.87817
15-Feb-2025 08:17:22.539,0.136391,15-Feb-2025 08:17:22.539,0.088534,15-Feb-2025 08:17:22.539,9.868599
15-Feb-2025 08:17:22.559,0.131605,15-Feb-2025 08:17:22.559,0.088534,15-Feb-2025 08:17:22.559,9.858429
15-Feb-2025 08:17:22.579,0.117248,15-Feb-2025 08:17:22.579,0.088534,15-Feb-2025 08:17:22.579,9.853643
15-Feb-2025 08:17:22.599,0.131605,15-Feb-2025 08:17:22.599,0.088534,15-Feb-2025 08:17:22.599,9.853643
15-Feb-2025 08:17:22.619,0.131605,15-Feb-2025 08:17:22.619,0.09332,15-Feb-2025 08:17:22.619,9.858429
15-Feb-2025 08:17:22.639,0.145962,15-Feb-2025 08:17:22.639,0.09332,15-Feb-2025 08:17:22.639,9.873384
15-Feb-2025 08:17:22.659,0.12682,15-Feb-2025 08:17:22.659,0.088534,15-Feb-2025 08:17:22.659,9.858429
15-Feb-2025 08:17:22.679,0.136391,15-Feb-2025 08:17:22.679,0.088534,15-Feb-2025 08:17:22.679,9.853643
15-Feb-2025 08:17:22.699,0.136391,15-Feb-2025 08:17:22.699,0.09332,15-Feb-2025 08:17:22.699,9.853643
15-Feb-2025 08:17:22.719,0.122034,15-Feb-2025 08:17:22.719,0.102891,15-Feb-2025 08:17:22.719,9.863214
15-Feb-2025 08:17:22.739,0.136391,15-Feb-2025 08:17:22.739,0.098106,15-Feb-2025 08:17:22.739,9.868599
15-Feb-2025 08:17:22.759,0.131605,15-Feb-2025 08:17:22.759,0.088534,15-Feb-2025 08:17:22.759,9.858429
15-Feb-2025 08:17:22.779,0.136391,15-Feb-2025 08:17:22.779,0.09332,15-Feb-2025 08:17:22.779,9.868599
15-Feb-2025 08:17:22.799,0.141177,15-Feb-2025 08:17:22.799,0.078963,15-Feb-2025 08:17:22.799,9.858429
15-Feb-2025 08:17:22.819,0.12682,15-Feb-2025 08:17:22.819,0.088534,15-Feb-2025 08:17:22.819,9.858429
15-Feb-2025 08:17:22.839,0.12682,15-Feb-2025 08:17:22.839,0.09332,15-Feb-2025 08:17:22.839,9.863214
15-Feb-2025 08:17:22.859,0.122034,15-Feb-2025 08:17:22.859,0.09332,15-Feb-2025 08:17:22.859,9.853643
15-Feb-2025 08:17:22.879,0.117248,15-Feb-2025 08:17:22.879,0.074178,15-Feb-2025 08:17:22.879,9.858429
15-Feb-2025 08:17:22.899,0.117248,15-Feb-2025 08:17:22.899,0.083749,15-Feb-2025 08:17:22.899,9.863214
15-Feb-2025 08:17:22.918,0.131605,15-Feb-2025 08:17:22.918,0.083749,15-Feb-2025 08:17:22.918,9.863214
15-Feb-2025 08:17:22.938,0.131605,15-Feb-2025 08:17:22.938,0.09332,15-Feb-2025 08:17:22.938,9.858429
15-Feb-2025 08:17:22.958,0.12682,15-Feb-2025 08:17:22.958,0.09332,15-Feb-2025 08:17:22.958,9.863214
15-Feb-2025 08:17:22.978,0.136391,15-Feb-2025 08:17:22.978,0.09332,15-Feb-2025 08:17:22.978,9.868599
15-Feb-2025 08:17:22.998,0.131605,15-Feb-2025 08:17:22.998,0.098106,15-Feb-2025 08:17:22.998,9.868599
15-Feb-2025 08:17:23.018,0.131605,15-Feb-2025 08:17:23.018,0.098106,15-Feb-2025 08:17:23.018,9.858429
15-Feb-2025 08:17:23.038,0.136391,15-Feb-2025 08:17:23.038,0.088534,15-Feb-2025 08:17:23.038,9.868599
15-Feb-2025 08:17:23.058,0.141177,15-Feb-2025 08:17:23.058,0.088534,15-Feb-2025 08:17:23.058,9.858429
15-Feb-2025 08:17:23.078,0.131605,15-Feb-2025 08:17:23.078,0.09332,15-Feb-2025 08:17:23.078,9.858429
15-Feb-2025 08:17:23.098,0.136391,15-Feb-2025 08:17:23.098,0.098106,15-Feb-2025 08:17:23.098,9.868599
15-Feb-2025 08:17:23.118,0.12682,15-Feb-2025 08:17:23.118,0.098106,15-Feb-2025 08:17:23.118,9.868599
15-Feb-2025 08:17:23.138,0.122034,15-Feb-2025 08:17:23.138,0.088534,15-Feb-2025 08:17:23.138,9.848858
15-Feb-2025 08:17:23.158,0.117248,15-Feb-2025 08:17:23.158,0.107677,15-Feb-2025 08:17:23.158,9.844072
15-Feb-2025 08:17:23.178,0.12682,15-Feb-2025 08:17:23.178,0.09332,15-Feb-2025 08:17:23.178,9.858429
15-Feb-2025 08:17:23.198,0.12682,15-Feb-2025 08:17:23.198,0.078963,15-Feb-2025 08:17:23.198,9.858429
15-Feb-2025 08:17:23.218,0.136391,15-Feb-2025 08:17:23.218,0.088534,15-Feb-2025 08:17:23.218,9.863214
15-Feb-2025 08:17:23.238,0.136391,15-Feb-2025 08:17:23.238,0.09332,15-Feb-2025 08:17:23.238,9.858429
15-Feb-2025 08:17:23.258,0.12682,15-Feb-2025 08:17:23.258,0.088534,15-Feb-2025 08:17:23.258,9.853643
15-Feb-2025 08:17:23.278,0.122034,15-Feb-2025 08:17:23.278,0.098106,15-Feb-2025 08:17:23.278,9.853643
15-Feb-2025 08:17:23.298,0.122034,15-Feb-2025 08:17:23.298,0.083749,15-Feb-2025 08:17:23.298,9.848858
15-Feb-2025 08:17:23.318,0.12682,15-Feb-2025 08:17:23.318,0.083749,15-Feb-2025 08:17:23.318,9.853643
15-Feb-2025 08:17:23.338,0.141177,15-Feb-2025 08:17:23.338,0.088534,15-Feb-2025 08:17:23.338,9.848858
15-Feb-2025 08:17:23.358,0.122034,15-Feb-2025 08:17:23.358,0.088534,15-Feb-2025 08:17:23.358,9.858429
15-Feb-2025 08:17:23.378,0.12682,15-Feb-2025 08:17:23.378,0.083749,15-Feb-2025 08:17:23.378,9.853643
15-Feb-2025 08:17:23.398,0.136391,15-Feb-2025 08:17:23.398,0.098106,15-Feb-2025 08:17:23.398,9.858429
15-Feb-2025 08:17:23.418,0.136391,15-Feb-2025 08:17:23.418,0.098106,15-Feb-2025 08:17:23.418,9.858429
15-Feb-2025 08:17:23.438,0.131605,15-Feb-2025 08:17:23.438,0.083749,15-Feb-2025 08:17:23.438,9.863214
15-Feb-2025 08:17:23.458,0.136391,15-Feb-2025 08:17:23.458,0.09332,15-Feb-2025 08:17:23.458,9.858429
15-Feb-2025 08:17:23.478,0.145962,15-Feb-2025 08:17:23.478,0.098106,15-Feb-2025 08:17:23.478,9.863214
15-Feb-2025 08:17:23.498,0.136391,15-Feb-2025 08:17:23.498,0.083749,15-Feb-2025 08:17:23.498,9.868599
15-Feb-2025 08:17:23.518,0.12682,15-Feb-2025 08:17:23.518,0.088534,15-Feb-2025 08:17:23.518,9.853643
15-Feb-2025 08:17:23.538,0.141177,15-Feb-2025 08:17:23.538,0.088534,15-Feb-2025 08:17:23.538,9.858429
15-Feb-2025 08:17:23.558,0.136391,15-Feb-2025 08:17:23.558,0.09332,15-Feb-2025 08:17:23.558,9.858429
15-Feb-2025 08:17:23.578,0.12682,15-Feb-2025 08:17:23.578,0.098106,15-Feb-2025 08:17:23.578,9.863214
15-Feb-2025 08:17:23.598,0.12682,15-Feb-2025 08:17:23.598,0.078963,15-Feb-2025 08:17:23.598,9.873384
15-Feb-2025 08:17:23.618,0.136391,15-Feb-2025 08:17:23.618,0.09332,15-Feb-2025 08:17:23.618,9.868599
15-Feb-2025 08:17:23.638,0.150748,15-Feb-2025 08:17:23.638,0.083749,15-Feb-2025 08:17:23.638,9.853643
15-Feb-2025 08:17:23.658,0.145962,15-Feb-2025 08:17:23.658,0.098106,15-Feb-2025 08:17:23.658,9.853643
15-Feb-2025 08:17:23.678,0.131605,15-Feb-2025 08:17:23.678,0.083749,15-Feb-2025 08:17:23.678,9.858429
15-Feb-2025 08:17:23.698,0.122034,15-Feb-2025 08:17:23.698,0.083749,15-Feb-2025 08:17:23.698,9.868599
15-Feb-2025 08:17:23.718,0.136391,15-Feb-2025 08:17:23.718,0.09332,15-Feb-2025 08:17:23.718,9.858429
15-Feb-2025 08:17:23.738,0.141177,15-Feb-2025 08:17:23.738,0.09332,15-Feb-2025 08:17:23.738,9.863214
15-Feb-2025 08:17:23.758,0.122034,15-Feb-2025 08:17:23.758,0.083749,15-Feb-2025 08:17:23.758,9.858429
15-Feb-2025 08:17:23.778,0.131605,15-Feb-2025 08:17:23.778,0.09332,15-Feb-2025 08:17:23.778,9.848858
15-Feb-2025 08:17:23.798,0.12682,15-Feb-2025 08:17:23.798,0.088534,15-Feb-2025 08:17:23.798,9.853643
15-Feb-2025 08:17:23.818,0.12682,15-Feb-2025 08:17:23.818,0.078963,15-Feb-2025 08:17:23.818,9.853643
15-Feb-2025 08:17:23.838,0.122034,15-Feb-2025 08:17:23.838,0.098106,15-Feb-2025 08:17:23.838,9.858429
15-Feb-2025 08:17:23.858,0.12682,15-Feb-2025 08:17:23.858,0.083749,15-Feb-2025 08:17:23.858,9.853643
15-Feb-2025 08:17:23.878,0.145962,15-Feb-2025 08:17:23.878,0.09332,15-Feb-2025 08:17:23.878,9.858429
15-Feb-2025 08:17:23.897,0.136391,15-Feb-2025 08:17:23.897,0.083749,15-Feb-2025 08:17:23.897,9.858429
15-Feb-2025 08:17:23.917,0.117248,15-Feb-2025 08:17:23.917,0.09332,15-Feb-2025 08:17:23.917,9.858429
15-Feb-2025 08:17:23.937,0.117248,15-Feb-2025 08:17:23.937,0.083749,15-Feb-2025 08:17:23.937,9.868599
15-Feb-2025 08:17:23.957,0.12682,15-Feb-2025 08:17:23.957,0.074178,15-Feb-2025 08:17:23.957,9.863214
15-Feb-2025 08:17:23.977,0.117248,15-Feb-2025 08:17:23.977,0.098106,15-Feb-2025 08:17:23.977,9.853643
15-Feb-2025 08:17:23.997,0.141177,15-Feb-2025 08:17:23.997,0.098106,15-Feb-2025 08:17:23.997,9.858429
15-Feb-2025 08:17:24.017,0.12682,15-Feb-2025 08:17:24.017,0.098106,15-Feb-2025 08:17:24.017,9.873384
15-Feb-2025 08:17:24.037,0.117248,15-Feb-2025 08:17:24.037,0.078963,15-Feb-2025 08:17:24.037,9.868599
15-Feb-2025 08:17:24.057,0.12682,15-Feb-2025 08:17:24.057,0.083749,15-Feb-2025 08:17:24.057,9.853643
15-Feb-2025 08:17:24.077,0.131605,15-Feb-2025 08:17:24.077,0.09332,15-Feb-2025 08:17:24.077,9.863214
15-Feb-2025 08:17:24.097,0.12682,15-Feb-2025 08:17:24.097,0.088534,15-Feb-2025 08:17:24.097,9.87817
15-Feb-2025 08:17:24.117,0.136391,15-Feb-2025 08:17:24.117,0.088534,15-Feb-2025 08:17:24.117,9.863214
15-Feb-2025 08:17:24.137,0.131605,15-Feb-2025 08:17:24.137,0.09332,15-Feb-2025 08:17:24.137,9.863214
15-Feb-2025 08:17:24.157,0.122034,15-Feb-2025 08:17:24.157,0.102891,15-Feb-2025 08:17:24.157,9.858429
15-Feb-2025 08:17:24.177,0.12682,15-Feb-2025 08:17:24.177,0.09332,15-Feb-2025 08:17:24.177,9.858429
15-Feb-2025 08:17:24.197,0.136391,15-Feb-2025 08:17:24.197,0.078963,15-Feb-2025 08:17:24.197,9.848858
15-Feb-2025 08:17:24.217,0.122034,15-Feb-2025 08:17:24.217,0.09332,15-Feb-2025 08:17:24.217,9.858429
15-Feb-2025 08:17:24.237,0.136391,15-Feb-2025 08:17:24.237,0.088534,15-Feb-2025 08:17:24.237,9.858429
15-Feb-2025 08:17:24.257,0.131605,15-Feb-2025 08:17:24.257,0.083749,15-Feb-2025 08:17:24.257,9.858429
15-Feb-2025 08:17:24.277,0.145962,15-Feb-2025 08:17:24.277,0.083749,15-Feb-2025 08:17:24.277,9.853643
15-Feb-2025 08:17:24.297,0.145962,15-Feb-2025 08:17:24.297,0.078963,15-Feb-2025 08:17:24.297,9.868599
15-Feb-2025 08:17:24.317,0.12682,15-Feb-2025 08:17:24.317,0.083749,15-Feb-2025 08:17:24.317,9.863214
15-Feb-2025 08:17:24.337,0.136391,15-Feb-2025 08:17:24.337,0.102891,15-Feb-2025 08:17:24.337,9.858429
15-Feb-2025 08:17:24.357,0.136391,15-Feb-2025 08:17:24.357,0.083749,15-Feb-2025 08:17:24.357,9.853643
15-Feb-2025 08:17:24.377,0.131605,15-Feb-2025 08:17:24.377,0.088534,15-Feb-2025 08:17:24.377,9.853643
15-Feb-2025 08:17:24.397,0.136391,15-Feb-2025 08:17:24.397,0.088534,15-Feb-2025 08:17:24.397,9.858429
15-Feb-2025 08:17:24.417,0.122034,15-Feb-2025 08:17:24.417,0.078963,15-Feb-2025 08:17:24.417,9.848858
15-Feb-2025 08:17:24.437,0.145962,15-Feb-2025 08:17:24.437,0.098106,15-Feb-2025 08:17:24.437,9.858429